category,scientific_name,common_names,conservation_status
Mammal,Clethrionomys gapperi gapperi,Gapper's Red-Backed Vole,Neutral
Mammal,Bos bison,"American Bison, Bison",Neutral
Mammal,Bos taurus,"Domestic Cattle (Feral), Aurochs, Domesticated Cattle",Neutral
Mammal,Ovis aries,"Domestic Sheep, Sheep (Feral), Red Sheep, Mouflon",Neutral
Mammal,Cervus elaphus,Wapiti Or Elk,Neutral
Mammal,Odocoileus virginianus,White-Tailed Deer,Neutral
Mammal,Sus scrofa,"Feral Hog, Wild Pig",Neutral
Mammal,Canis latrans,Coyote,Species of Concern
Mammal,Canis lupus,Gray Wolf,Endangered
Mammal,Canis rufus,Red Wolf,Endangered
Mammal,Urocyon cinereoargenteus,"Common Gray Fox, Gray Fox",Neutral
Mammal,Vulpes fulva,"Silver Fox, Cross Fox, Black Fox, Red Fox",Neutral
Mammal,Vulpes vulpes,Red Fox,Neutral
Mammal,Felis concolor,Mountain Lion,Neutral
Mammal,Felis silvestris,"Wildcat, Wild Cat",Neutral
Mammal,Lynx rufus,Bobcat,Neutral
Mammal,Puma concolor,Panther (Mountain Lion),Neutral
Mammal,Mephitis mephitis,Striped Skunk,Neutral
Mammal,Spilogale putorius,Eastern Spotted Skunk,Neutral
Mammal,Lontra canadensis,River Otter,Neutral
Mammal,Lutra canadensis,Northern River Otter,Neutral
Mammal,Martes pennanti,Fisher,Neutral
Mammal,Mustela,Mink (Or Weasel),Neutral
Mammal,Mustela frenata,Long-Tailed Weasel,Neutral
Mammal,Mustela nivalis,Least Weasel,Neutral
Mammal,Mustela vison,Mink,Neutral
Mammal,Procyon lotor,"Common Raccoon, Raccoon",Neutral
Mammal,Ursus americanus,Black Bear,Neutral
Mammal,Corynorhinus rafinesquii,Rafinesque's Big-Eared Bat,Neutral
Mammal,Eptesicus fuscus,Big Brown Bat,Species of Concern
Mammal,Lasionycteris noctivagans,Silver-Haired Bat,Species of Concern
Mammal,Lasiurus borealis,"Eastern Red Bat, Red Bat",Neutral
Mammal,Lasiurus cinereus,Hoary Bat,Neutral
Mammal,Myotis austroriparius,"Southeastern Myotis, Mississippi Myotis",Species of Concern
Mammal,Myotis grisescens,Gray Myotis,Endangered
Mammal,Myotis keenii,Keen's Myotis,Species of Concern
Mammal,Myotis leibii,"Eastern Small-Footed Bat, Eastern Small-Footed Myotis",Species of Concern
Mammal,Myotis lucifugus,"Little Brown Myotis, Little Brown Bat",Species of Concern
Mammal,Myotis septentrionalis,"Northern Myotis, Northern Long-Eared Bat",Threatened
Mammal,Myotis sodalis,"Indiana Or Social Myotis, Indiana Bat",Endangered
Mammal,Nycticeius humeralis,Evening Bat,Neutral
Mammal,Pipistrellus subflavus,Eastern Pipistrelle,Neutral
Mammal,Didelphis virginiana,"Virginia Oppossum, Virginia Opossum",Neutral
Mammal,Lepus americanus,Snowshoe Hare,Neutral
Mammal,Sylvilagus floridanus,Eastern Cottontail,Neutral
Mammal,Sylvilagus obscurus,Appalachian Cottontail,Neutral
Mammal,Sylvilagus transitionalis,New England Cottontail,Neutral
Mammal,Equus caballus,"Horse, Feral Horse",Neutral
Mammal,Homo sapiens,"Humans, Man, Human",Neutral
Mammal,Castor canadensis,"American Beaver, Beaver",Neutral
Mammal,Clethrionomys gapperi,Southern Red-Backed Vole,Neutral
Mammal,Microtus chrotorrhinus,"Southern Rock Vole, Rock Vole",Neutral
Mammal,Microtus pennsylvanicus,Meadow Vole,Neutral
Mammal,Microtus pinetorum,Woodland Vole,Neutral
Mammal,Neotoma floridana,Eastern Woodrat,Neutral
Mammal,Neotoma magister,"Appalachian Woodrat, Allegheny Woodrat",Neutral
Mammal,Ochrotomys nuttalli,Golden Mouse,Neutral
Mammal,Ondatra zibethicus,Muskrat,Neutral
Mammal,Oryzomys palustris,Marsh Rice Rat,Neutral
Mammal,Oryzomys palustris palustris,Marsh Rice Rat,Neutral
Mammal,Peromyscus gossypinus,Cotton Mouse,Neutral
Mammal,Peromyscus leucopus,White-Footed Mouse,Neutral
Mammal,Peromyscus maniculatus,Deer Mouse,Neutral
Mammal,Reithrodontomys humulis,Eastern Harvest Mouse,Neutral
Mammal,Synaptomys cooperi,Southern Bog Lemming,Neutral
Mammal,Synaptomys cooperi stonei,Stone's Southern Bog Lemming,Neutral
Mammal,Napaeozapus insignis,Woodland Jumping Mouse,Neutral
Mammal,Zapus hudsonius,Meadow Jumping Mouse,Neutral
Mammal,Erethizon dorsatum,"Porcupine, Common Porcupine",Neutral
Mammal,Mus musculus,House Mouse,Neutral
Mammal,Rattus norvegicus,Norway Rat,Neutral
Mammal,Rattus rattus,Black Rat,Neutral
Mammal,Glaucomys sabrinus coloratus,"Northern Flying Squirrel, Carolina Northern Flying Squirrel",Endangered
Mammal,Glaucomys volans,Southern Flying Squirrel,Neutral
Mammal,Marmota monax,Woodchuck,Neutral
Mammal,Sciurus carolinensis,"Eastern Gray Squirrel, Gray Squirrel",Neutral
Mammal,Sciurus niger,"Fox Squirrel, Eastern Fox Squirrel",Neutral
Mammal,Tamias striatus,Eastern Chipmunk,Neutral
Mammal,Tamiasciurus hudsonicus,Red Squirrel,Neutral
Mammal,Blarina brevicauda,"Northern Short Tailed Shrew, Northern Short-Tailed Shrew",Neutral
Mammal,Cryptotis parva,Least Shrew,Neutral
Mammal,Sorex cinereus,"Common Shrew, Masked Shrew",Neutral
Mammal,Sorex dispar,"Long-Tailed Or Rock Shrew, Long-Tailed Shrew",Neutral
Mammal,Sorex fumeus,Smoky Shrew,Neutral
Mammal,Sorex hoyi,Pygmy Shrew,Neutral
Mammal,Sorex longirostris,Southeastern Shrew,Neutral
Mammal,Sorex palustris,Water Shrew,Neutral
Mammal,Condylura cristata,Star-Nosed Mole,Neutral
Mammal,Parascalops breweri,Hairy-Tailed Mole,Neutral
Mammal,Scalopus aquaticus,Eastern Mole,Neutral
Bird,Vermivora pinus X chrysoptera,Brewster's Warbler,Neutral
Bird,Accipiter cooperii,Cooper's Hawk,Species of Concern
Bird,Accipiter gentilis,Northern Goshawk,Neutral
Bird,Accipiter striatus,Sharp-Shinned Hawk,Species of Concern
Bird,Aquila chrysaetos,Golden Eagle,Species of Concern
Bird,Buteo jamaicensis,Red-Tailed Hawk,Neutral
Bird,Buteo lineatus,Red-Shouldered Hawk,Species of Concern
Bird,Buteo platypterus,Broad-Winged Hawk,Neutral
Bird,Circus cyaneus,Northern Harrier,Species of Concern
Bird,Elanoides forficatus,"Swallow-Tailed Kite, American Swallow-Tailed Kite",Species of Concern
Bird,Haliaeetus leucocephalus,Bald Eagle,In Recovery
Bird,Ictinia mississippiensis,Mississippi Kite,Neutral
Bird,Cathartes aura,Turkey Vulture,Species of Concern
Bird,Coragyps atratus,Black Vulture,Neutral
Bird,Pandion haliaetus,Osprey,Species of Concern
Bird,Aix sponsa,Wood Duck,Neutral
Bird,Anas acuta,Northern Pintail,Neutral
Bird,Anas americana,American Wigeon,Neutral
Bird,Anas clypeata,Northern Shoveler,Neutral
Bird,Anas crecca,Green-Winged Teal,Neutral
Bird,Anas discors,Blue-Winged Teal,Neutral
Bird,Anas platyrhynchos,Mallard,Neutral
Bird,Anas rubripes,American Black Duck,Neutral
Bird,Aythya affinis,Lesser Scaup,Species of Concern
Bird,Aythya americana,Redhead,Neutral
Bird,Aythya collaris,Ring-Necked Duck,Neutral
Bird,Branta bernicla,Brant,Neutral
Bird,Branta canadensis,Canada Goose,Neutral
Bird,Bucephala albeola,Bufflehead,Neutral
Bird,Bucephala clangula,Common Goldeneye,Neutral
Bird,Chen caerulescens,Snow Goose,Neutral
Bird,Histrionicus histrionicus,Harlequin Duck,Neutral
Bird,Lophodytes cucullatus,Hooded Merganser,Neutral
Bird,Melanitta deglandi,White-Winged Scoter,Neutral
Bird,Melanitta fusca,White-Winged Scoter,Neutral
Bird,Melanitta nigra,Black Scoter,Neutral
Bird,Mergus merganser,Common Merganser,Neutral
Bird,Mergus serrator,Red-Breasted Merganser,Neutral
Bird,Oxyura jamaicensis,Ruddy Duck,Neutral
Bird,Chaetura pelagica,Chimney Swift,Neutral
Bird,Archilochus colubris,Ruby-Throated Hummingbird,Neutral
Bird,Caprimulgus carolinensis,Chuck-Will's-Widow,Neutral
Bird,Caprimulgus vociferus,Whip-Poor-Will,Neutral
Bird,Chordeiles minor,Common Nighthawk,Neutral
Bird,Charadrius semipalmatus,Semipalmated Plover,Neutral
Bird,Charadrius vociferus,Killdeer,Neutral
Bird,Pluvialis dominica,"American Golden-Plover, Lesser Golden-Plover",Neutral
Bird,Chlidonias niger,Black Tern,Species of Concern
Bird,Larus argentatis,Herring Gull,Neutral
Bird,Larus atricilla,Laughing Gull,Species of Concern
Bird,Larus delawarensis,Ring-Billed Gull,Neutral
Bird,Larus philadelphia,Bonaparte's Gull,Neutral
Bird,Sterna fuscata,Sooty Tern,Neutral
Bird,Actitis macularia,Spotted Sandpiper,Neutral
Bird,Calidris minutilla,Least Sandpiper,Neutral
Bird,Calidris pusilla,Semipalmated Sandpiper,Neutral
Bird,Catoptrophorus semipalmatus,Willet,Neutral
Bird,Gallinago gallinago,Common Snipe,Neutral
Bird,Limnodromus griseus,Short-Billed Dowitcher,Neutral
Bird,Phalaropus fulicarius,Red Phalarope,Neutral
Bird,Phalaropus lobatus,Red-Necked Phalarope,Neutral
Bird,Philomachus pugnax,Ruff,Neutral
Bird,Scolopax minor,American Woodcock,Neutral
Bird,Tringa flavipes,Lesser Yellowlegs,Neutral
Bird,Tringa melanoleuca,Greater Yellowlegs,Neutral
Bird,Tringa solitaria,Solitary Sandpiper,Neutral
Bird,Columba livia,Rock Dove,Neutral
Bird,Ectopistes migratorius,Passenger Pigeon,Neutral
Bird,Zenaida macroura,Mourning Dove,Neutral
Bird,Ceryle alcyon,Belted Kingfisher,Neutral
Bird,Ceryle torquata,Ringed Kingfisher,Neutral
Bird,Coccyzus americanus,Yellow-Billed Cuckoo,Neutral
Bird,Coccyzus erythropthalmus,Black-Billed Cuckoo,Species of Concern
Bird,Falco columbarius,Merlin,Species of Concern
Bird,Falco peregrinus,Peregrine Falcon,Species of Concern
Bird,Falco sparverius,American Kestrel,Neutral
Bird,Colinus virginianus,Northern Bobwhite,Neutral
Bird,Alectoris chukar,Chukar,Neutral
Bird,Bonasa umbellus,Ruffed Grouse,Neutral
Bird,Meleagris gallopavo,Wild Turkey,Neutral
Bird,Pavo cristatus,Peacock,Neutral
Bird,Phasianus colchicus,"Common Pheasant, Ring-Necked Pheasant",Neutral
Bird,Gavia immer,Common Loon,Species of Concern
Bird,Grus americana,Whooping Crane,Endangered
Bird,Grus canadensis,Sandhill Crane,Neutral
Bird,Fulica americana,American Coot,Neutral
Bird,Gallinula chloropus,Common Moorhen,Neutral
Bird,Porzana carolina,Sora,Neutral
Bird,Rallus elegans,King Rail,Species of Concern
Bird,Rallus limicola,Virginia Rail,Neutral
Bird,Eremophila alpestris,Horned Lark,Neutral
Bird,Bombycilla cedrorum,Cedar Waxwing,Neutral
Bird,Calcarius ornatus,Chestnut-Collared Longspur,Neutral
Bird,Plectrophenax nivalis,Snow Bunting,Neutral
Bird,Cardinalis cardinalis,Northern Cardinal,Neutral
Bird,Guiraca caerulea,Blue Grosbeak,Species of Concern
Bird,Passerina cyanea,Indigo Bunting,Neutral
Bird,Pheucticus ludovicianus,Rose-Breasted Grosbeak,Neutral
Bird,Piranga olivacea,Scarlet Tanager,Neutral
Bird,Piranga rubra,Summer Tanager,Species of Concern
Bird,Spiza americana,Dickcissel,Neutral
Bird,Certhia americana,Brown Creeper,Species of Concern
Bird,Certhia familiaris,Eurasian Treecreeper,Neutral
Bird,Corvus brachyrhynchos,American Crow,Neutral
Bird,Corvus corax,Common Raven,Neutral
Bird,Cyanocitta cristata,Blue Jay,Neutral
Bird,Aimophila aestivalis,Bachman's Sparrow,Species of Concern
Bird,Ammodramus henslowii,Henslow's Sparrow,Neutral
Bird,Ammodramus leconteii,Le Conte's Sparrow,Neutral
Bird,Ammodramus savannarum,Grasshopper Sparrow,Species of Concern
Bird,Chondestes grammacus,Lark Sparrow,Neutral
Bird,Junco hyemalis,Dark-Eyed Junco,Neutral
Bird,Melospiza georgiana,Swamp Sparrow,Neutral
Bird,Melospiza lincolnii,Lincoln's Sparrow,Species of Concern
Bird,Melospiza melodia,Song Sparrow,Neutral
Bird,Passerculus sandwichensis,Savannah Sparrow,Neutral
Bird,Passerella iliaca,Fox Sparrow,Neutral
Bird,Pipilo erythrophthalmus,"Rufous-Sided Towhee, Eastern Towhee",Neutral
Bird,Pooecetes gramineus,Vesper Sparrow,Neutral
Bird,Spizella arborea,American Tree Sparrow,Neutral
Bird,Spizella passerina,Chipping Sparrow,Neutral
Bird,Spizella pusilla,Field Sparrow,Neutral
Bird,Zonotrichia albicollis,White-Throated Sparrow,Neutral
Bird,Zonotrichia atricapilla,Golden-Crowned Sparrow,Neutral
Bird,Zonotrichia leucophrys,White-Crowned Sparrow,Neutral
Bird,Carduelis flammea,Common Redpoll,Neutral
Bird,Carduelis pinus,Pine Siskin,Neutral
Bird,Carduelis tristis,American Goldfinch,Neutral
Bird,Carpodacus mexicanus,House Finch,Neutral
Bird,Carpodacus purpureus,Purple Finch,Neutral
Bird,Coccothraustes vespertinus,Evening Grosbeak,Neutral
Bird,Loxia curvirostra,Red Crossbill,Species of Concern
Bird,Loxia leucoptera,White-Winged Crossbill,Neutral
Bird,Hirundo rustica,Barn Swallow,Neutral
Bird,Petrochelidon pyrrhonota,Cliff Swallow,Neutral
Bird,Progne subis,Purple Martin,Species of Concern
Bird,Riparia riparia,Bank Swallow,Species of Concern
Bird,Stelgidopteryx serripennis,Northern Rough-Winged Swallow,Neutral
Bird,Tachycineta bicolor,Tree Swallow,Species of Concern
Bird,Agelaius phoeniceus,Red-Winged Blackbird,Neutral
Bird,Dolichonyx oryzivorus,Bobolink,Neutral
Bird,Euphagus carolinus,Rusty Blackbird,Neutral
Bird,Icterus galbula,"Northern Oriole, Baltimore Oriole",Neutral
Bird,Icterus spurius,Orchard Oriole,Neutral
Bird,Molothrus ater,Brown-Headed Cowbird,Neutral
Bird,Quiscalus quiscula,Common Grackle,Neutral
Bird,Sturnella magna,Eastern Meadowlark,Neutral
Bird,Xanthocephalus xanthocephalus,Yellow-Headed Blackbird,Neutral
Bird,Lanius ludovicianus,Loggerhead Shrike,Species of Concern
Bird,Dumetella carolinensis,Gray Catbird,Neutral
Bird,Mimus polyglottos,"Mockingbird, Northern Mockingbird",Neutral
Bird,Toxostoma rufum,Brown Thrasher,Neutral
Bird,Anthus rubescens,Water Pipit,Neutral
Bird,Anthus spinoletta,Water Pipit,Neutral
Bird,Baeolophus bicolor,Tufted Titmouse,Neutral
Bird,Poecile atricapillus,Black-Capped Chickadee,Neutral
Bird,Poecile carolinensis,Carolina Chickadee,Neutral
Bird,Dendroica caerulescens,Black-Throated Blue Warbler,Neutral
Bird,Dendroica castanea,Bay-Breasted Warbler,Neutral
Bird,Dendroica cerulea,Cerulean Warbler,Neutral
Bird,Dendroica coronata,Yellow-Rumped Warbler,Neutral
Bird,Dendroica discolor,Prairie Warbler,Neutral
Bird,Dendroica dominica,Yellow-Throated Warbler,Neutral
Bird,Dendroica fusca,Blackburnian Warbler,Neutral
Bird,Dendroica magnolia,Magnolia Warbler,Neutral
Bird,Dendroica palmarum,Palm Warbler,Neutral
Bird,Dendroica pensylvanica,Chestnut-Sided Warbler,Neutral
Bird,Dendroica petechia,Yellow Warbler,Neutral
Bird,Dendroica pinus,Pine Warbler,Neutral
Bird,Dendroica striata,Blackpoll Warbler,Neutral
Bird,Dendroica tigrina,Cape May Warbler,Neutral
Bird,Dendroica virens,Black-Throated Green Warbler,Neutral
Bird,Geothlypis trichas,Common Yellowthroat,Neutral
Bird,Helmitheros vermivorus,Worm-Eating Warbler,Neutral
Bird,Icteria virens,Yellow-Breasted Chat,Species of Concern
Bird,Limnothlypis swainsonii,Swainson's Warbler,Neutral
Bird,Mniotilta varia,Black-And-White Warbler,Neutral
Bird,Oporornis agilis,Connecticut Warbler,Neutral
Bird,Oporornis formosus,Kentucky Warbler,Neutral
Bird,Oporornis philadelphia,Mourning Warbler,Neutral
Bird,Parula americana,Northern Parula,Neutral
Bird,Protonotaria citrea,Prothonotary Warbler,Neutral
Bird,Seiurus aurocapilla,Ovenbird,Neutral
Bird,Seiurus motacilla,Louisiana Waterthrush,Neutral
Bird,Seiurus noveboracensis,Northern Waterthrush,Neutral
Bird,Setophaga ruticilla,American Redstart,Neutral
Bird,Vermivora bachmanii,"Bachman's Wood Warbler, Bachman's Warbler",Endangered
Bird,Vermivora celata,Orange-Crowned Warbler,Neutral
Bird,Vermivora chrysoptera X pinus,Brewster's Warbler,Neutral
Bird,Vermivora lawrencei,Lawrence's Warbler,Neutral
Bird,Vermivora lawrencii,Lawrence's Warbler,Neutral
Bird,Vermivora leucobronchialis,Brewster's Warbler,Neutral
Bird,Vermivora peregrina,Tennessee Warbler,Neutral
Bird,Vermivora pinus,Blue-Winged Warbler,Neutral
Bird,Vermivora ruficapilla,Nashville Warbler,Species of Concern
Bird,Wilsonia canadensis,Canada Warbler,Neutral
Bird,Wilsonia citrina,Hooded Warbler,Neutral
Bird,Wilsonia pusilla,Wilson's Warbler,Species of Concern
Bird,Passer domesticus,House Sparrow,Neutral
Bird,Polioptila caerulea,Blue-Gray Gnatcatcher,Neutral
Bird,Regulus calendula,Ruby-Crowned Kinglet,Neutral
Bird,Regulus satrapa,Golden-Crowned Kinglet,Neutral
Bird,Sitta canadensis,Red-Breasted Nuthatch,Neutral
Bird,Sitta carolinensis,White-Breasted Nuthatch,Neutral
Bird,Sturnus vulgaris,European Starling,Neutral
Bird,Cistothorus palustris,Marsh Wren,Neutral
Bird,Cistothorus platensis,Sedge Wren,Neutral
Bird,Thryomanes bewickii,Bewick's Wren,Neutral
Bird,Thryomanes bewickii altus,Appalachian Bewick's Wren,Species of Concern
Bird,Thryothorus ludovicianus,Carolina Wren,Neutral
Bird,Troglodytes aedon,House Wren,Neutral
Bird,Troglodytes troglodytes,Winter Wren,Neutral
Bird,Catharus fuscescens,Veery,Neutral
Bird,Catharus guttatus,Hermit Thrush,Neutral
Bird,Catharus minimus,Gray-Cheeked Thrush,Neutral
Bird,Catharus ustulatus,Swainson's Thrush,Neutral
Bird,Hylocichla mustelina,Wood Thrush,Neutral
Bird,Sialia sialis,Eastern Bluebird,Neutral
Bird,Turdus migratorius,American Robin,Neutral
Bird,Contopus borealis,Olive-Sided Flycatcher,Neutral
Bird,Contopus cooperi,Olive-Sided Flycatcher,Species of Concern
Bird,Contopus virens,Eastern Wood-Pewee,Neutral
Bird,Empidonax alnorum,Alder Flycatcher,Neutral
Bird,Empidonax flaviventris,Yellow-Bellied Flycatcher,Neutral
Bird,Empidonax minimus,Least Flycatcher,Neutral
Bird,Empidonax traillii,Willow Flycatcher,Species of Concern
Bird,Empidonax virescens,Acadian Flycatcher,Neutral
Bird,Myiarchus crinitus,Great Crested Flycatcher,Neutral
Bird,Sayornis phoebe,Eastern Phoebe,Neutral
Bird,Tyrannus forficata,Scissor-Tailed Flycatcher,Neutral
Bird,Tyrannus forficatus,Scissor-Tailed Flycatcher,Neutral
Bird,Tyrannus tyrannus,Eastern Kingbird,Neutral
Bird,Tyrannus verticalis,Western Kingbird,Neutral
Bird,Vireo flavifrons,Yellow-Throated Vireo,Neutral
Bird,Vireo gilvus,Warbling Vireo,Neutral
Bird,Vireo griseus,White-Eyed Vireo,Neutral
Bird,Vireo olivaceus,Red-Eyed Vireo,Neutral
Bird,Vireo philadelphicus,Philadelphia Vireo,Neutral
Bird,Vireo solitarius,"Blue-Headed Vireo, Solitary Vireo",Neutral
Bird,Ardea alba,Great Egret,Neutral
Bird,Ardea albus,Great Egret,Neutral
Bird,Ardea herodias,Great Blue Heron,Species of Concern
Bird,Botaurus lentiginosus,American Bittern,Species of Concern
Bird,Butorides virescens,Green-Backed Heron,Neutral
Bird,Egretta caerulea,Little Blue Heron,Neutral
Bird,Ixobrychus exilis,Least Bittern,Neutral
Bird,Nyctanassa violacea,Yellow-Crowned Night-Heron,Neutral
Bird,Nycticorax nycticorax,Black-Crowned Night-Heron,Species of Concern
Bird,Pelecanus erythrorhynchos,American White Pelican,Species of Concern
Bird,Colaptes auratus,Northern Flicker,Neutral
Bird,Dryocopus pileatus,Pileated Woodpecker,Species of Concern
Bird,Melanerpes carolinus,Red-Bellied Woodpecker,Neutral
Bird,Melanerpes erythrocephalus,Red-Headed Woodpecker,Neutral
Bird,Picoides borealis,Red-Cockaded Woodpecker,Endangered
Bird,Picoides pubescens,Downy Woodpecker,Species of Concern
Bird,Picoides villosus,Hairy Woodpecker,Neutral
Bird,Sphyrapicus varius,Yellow-Bellied Sapsucker,Species of Concern
Bird,Podiceps auritus,Horned Grebe,Neutral
Bird,Podilymbus podiceps,Pied-Billed Grebe,Neutral
Bird,Oceanodroma castro,Band-Rumped Storm-Petrel,Neutral
Bird,Aegolius,Saw-Whet Owls,Neutral
Bird,Aegolius acadicus,Northern Saw-Whet Owl,Neutral
Bird,Asio flammeus,Short-Eared Owl,Species of Concern
Bird,Asio otus,Long-Eared Owl,Species of Concern
Bird,Bubo virginianus,Great Horned Owl,Neutral
Bird,Megascops asio,"Eastern Screech Owl, Eastern Screech-Owl",Neutral
Bird,Otus asio,Eastern Screech-Owl,Neutral
Bird,Strix varia,Barred Owl,Neutral
Bird,Tyto alba,"Barn Owl, Common Barn-Owl",Neutral
Bird,Tytonidae,Barn-Owls,Neutral
Bird,Phalacrocorax auritus,Double-Crested Cormorant,Species of Concern
Reptile,Ophisaurus attenuatus longicaudus,Eastern Slender Glass Lizard,Neutral
Reptile,Carphophis,"Worm Snakes, Wormsnakes",Neutral
Reptile,Carphophis amoenus amoenus,Eastern Worm Snake,Neutral
Reptile,Carphophis amoenus helenae,Midwest Worm Snake,Neutral
Reptile,Cemophora coccinea copei,Northern Scarlet Snake,Neutral
Reptile,Coluber constrictor constrictor,Northern Black Racer,Neutral
Reptile,Diadophis punctatus edwardsii,Northern Ringneck Snake,Neutral
Reptile,Elaphe guttata guttata,Corn Snake,Neutral
Reptile,Elaphe obsoleta obsoleta,Black Rat Snake,Neutral
Reptile,Heterodon platirhinos,Eastern Hognose Snake,Neutral
Reptile,Lampropeltis,"Milk Snakes, Kingsnakes",Neutral
Reptile,Lampropeltis calligaster rhombomaculata,Mole Kingsnake,Neutral
Reptile,Lampropeltis getula getula,Eastern Kingsnake,Neutral
Reptile,Lampropeltis getula nigra,Black Kingsnake,Neutral
Reptile,Lampropeltis triangulum elapsoides,Scarlet Kingsnake,Neutral
Reptile,Lampropeltis triangulum triangulum,Eastern Milk Snake,Neutral
Reptile,Nerodia erythrogaster,Plainbelly Water Snake,Neutral
Reptile,Nerodia erythrogaster flavigaster,"Yellowbelly Watersnake, Yellowbelly Water Snake",Neutral
Reptile,Nerodia sipedon sipedon,Northern Water Snake,Neutral
Reptile,Opheodrys aestivus aestivus,Eastern Rough Green Snake,Neutral
Reptile,Pituophis melanoleucus melanoleucus,Northern Pine Snake,Species of Concern
Reptile,Regina septemvittata,Queen Snake,Species of Concern
Reptile,Storeria dekayi dekayi,Northern Brown Snake,Neutral
Reptile,Storeria dekayi wrightorum,Midland Brown Snake,Neutral
Reptile,Storeria occipitomaculata occipitomaculata,Northern Redbelly Snake,Neutral
Reptile,Tantilla coronata,Southeastern Crowned Snake,Neutral
Reptile,Thamnophis sirtalis sirtalis,Common Garter Snake,Neutral
Reptile,Virginia valeriae valeriae,Eastern Earth Snake,Neutral
Reptile,Anolis carolinensis carolinensis,Northern Green Anole,Neutral
Reptile,Sceloporus undulatus hyacinthinus,Northern Fence Lizard,Neutral
Reptile,Eumeces anthracinus,Coal Skink,Neutral
Reptile,Eumeces fasciatus,Five-Lined Skink,Neutral
Reptile,Eumeces inexpectatus,Southeastern Five-Lined Skink,Neutral
Reptile,Eumeces laticeps,Broadhead Skink,Neutral
Reptile,Scincella lateralis,Ground Skink,Neutral
Reptile,Cnemidophorus sexlineatus sexlineatus,Eastern Six-Lined Racerunner,Neutral
Reptile,Agkistrodon contortrix mokasen,Northern Copperhead,Neutral
Reptile,Crotalus horridus,Timber Rattlesnake,Neutral
Reptile,Chelydra serpentina serpentina,Common Snapping Turtle,Neutral
Reptile,Chrysemys picta marginata,Midland Painted Turtle,Neutral
Reptile,Chrysemys picta picta,Eastern Painted Turtle,Neutral
Reptile,Clemmys muhlenbergii,Bog Turtle,Neutral
Reptile,Graptemys geographica,"Map Turtle, Common Map Turtle",Neutral
Reptile,Graptemys ouachitensis,Ouachita Map Turtle,Neutral
Reptile,Terrapene carolina carolina,Eastern Box Turtle,Neutral
Reptile,Trachemys scripta,Slider,Neutral
Reptile,Trachemys scripta troostii,Cumberland Slider,Neutral
Reptile,Sternotherus minor peltifer,"Stripeneck Musk Turtle, Stripe-Necked Musk Turtle",Neutral
Reptile,Sternotherus odoratus,Common Musk Turtle,Neutral
Reptile,Apalone spinifera spinifera,"Northern Spiny Softshell Turtle, Eastern Spiny Softshell",Neutral
Amphibian,Bufo americanus americanus,Eastern American Toad,Neutral
Amphibian,Bufo fowleri,"Fowler's Toad, Woodhouse's Toad",Neutral
Amphibian,Acris crepitans crepitans,Northern Cricket Frog,Neutral
Amphibian,Hyla chrysoscelis,Cope's Gray Treefrog,Neutral
Amphibian,Hyla versicolor,Gray Treefrog,Neutral
Amphibian,Pseudacris brachyphona,Mountain Chorus Frog,Neutral
Amphibian,Pseudacris crucifer crucifer,Northern Spring Peeper,Neutral
Amphibian,Pseudacris feriarum feriarum,Upland Chorus Frog,Neutral
Amphibian,Pseudacris triseriata,"Striped Chorus Frog, Western Chorus Frog",Neutral
Amphibian,Gastrophryne carolinensis,Eastern Narrow-Mouthed Toad,Neutral
Amphibian,Rana catesbeiana,American Bullfrog,Neutral
Amphibian,Rana clamitans melanota,Northern Green Frog,Neutral
Amphibian,Rana palustris,Pickerel Frog,Neutral
Amphibian,Rana pipiens,Northern Leopard Frog,Neutral
Amphibian,Rana sphenocephala,Southern Leopard Frog,Neutral
Amphibian,Rana sylvatica,Wood Frog,Neutral
Amphibian,Scaphiopus holbrookii holbrookii,Eastern Spadefoot,Neutral
Amphibian,Ambystoma maculatum,Spotted Salamander,Neutral
Amphibian,Ambystoma opacum,Marbled Salamander,Neutral
Amphibian,Ambystoma talpoideum,Mole Salamander,Neutral
Amphibian,Cryptobranchus alleganiensis alleganiensis,Eastern Hellbender,Species of Concern
Amphibian,Desmognathus conanti,Spotted Dusky Salamander,Neutral
Amphibian,Desmognathus imitator,Imitator Salamander,Neutral
Amphibian,Desmognathus marmoratus,Shovel-Nosed Salamander,Neutral
Amphibian,Desmognathus monticola,Seal Salamander,Neutral
Amphibian,Desmognathus ocoee,Ocoee Salamander,Neutral
Amphibian,Desmognathus quadramaculatus,Black-Bellied Salamander,Neutral
Amphibian,Desmognathus santeetlah,"Yellow Dusky Salamander, Santleetlah Dusky Salamander, Santeetlah Dusky Salamander",Neutral
Amphibian,Desmognathus wrighti,Pigmy Salamander,Species of Concern
Amphibian,Eurycea,Brook Salamanders,Neutral
Amphibian,Eurycea bislineata,"Two-Lined Salamander, Northern Two-Lined Salamander",Neutral
Amphibian,Eurycea cirrigera,Southern Two-Lined Salamander,Neutral
Amphibian,Eurycea guttolineata,Three-Lined Salamander,Neutral
Amphibian,Eurycea junaluska,Junaluska Salamander,Neutral
Amphibian,Eurycea longicauda longicauda,Longtail Salamander,Neutral
Amphibian,Eurycea lucifuga,Cave Salamander,Neutral
Amphibian,Eurycea wilderae,Blue Ridge Two-Lined Salamander,Neutral
Amphibian,Gyrinophilus porphyriticus,Spring Salamander,Neutral
Amphibian,Hemidactylium scutatum,Four-Toed Salamander,Neutral
Amphibian,Plethodon,Woodland Salamanders,Neutral
Amphibian,Plethodon aureolus,Tellico Salamander,Neutral
Amphibian,Plethodon cinereus,"Eastern Red-Backed Salamander, Redback Salamander",Neutral
Amphibian,Plethodon dorsalis,Northern Zigzag Salamander,Neutral
Amphibian,Plethodon glutinosus,Snorthern Slimy Salamander,Neutral
Amphibian,Plethodon jordani,"Appalachian Salamander, Jordan's Salamander",Neutral
Amphibian,Plethodon metcalfi,Southern Gray-Cheeked Salamander,Neutral
Amphibian,Plethodon oconaluftee,Southern Appalachian Salamander,Neutral
Amphibian,Plethodon serratus,Southern Red-Backed Salamander,Neutral
Amphibian,Plethodon ventralis,Southern Zigzag Salamander,Neutral
Amphibian,Plethodon websteri,Webster's Salamander,Neutral
Amphibian,Pseudotriton,"Mud Salamanders, Red Salamanders &Amp; Mud Salamanders, Red Salamanders",Neutral
Amphibian,Pseudotriton montanus,Mud Salamander,Neutral
Amphibian,Pseudotriton montanus diastictus,Midland Mud Salamander,Neutral
Amphibian,Pseudotriton montanus montanus,Eastern Mud Salamander,Neutral
Amphibian,Pseudotriton ruber nitidus,Blue Ridge Red Salamander,Neutral
Amphibian,Pseudotriton ruber ruber,Northern Red Salamander,Neutral
Amphibian,Pseudotriton ruber schencki,Blackchin Red Salamander,Neutral
Amphibian,Necturus maculosus maculosus,Mudpuppy,Neutral
Amphibian,Notophthalmus viridescens viridescens,Eastern Red-Spotted Newt,Neutral
Fish,Labidesthes sicculus,Brook Silverside,Neutral
Fish,Dorosoma cepedianum,Gizzard Shad,Neutral
Fish,Catostomus commersoni,White Sucker,Neutral
Fish,Hypentelium nigricans,Northern Hog Sucker,Neutral
Fish,Moxostoma carinatum,River Redhorse,Neutral
Fish,Moxostoma duquesnei,Black Redhorse,Neutral
Fish,Moxostoma erythrurum,Golden Redhorse,Neutral
Fish,Moxostoma macrolepidotum,Shorthead Redhorse,Neutral
Fish,Campostoma anomalum,Central Stoneroller,Neutral
Fish,Campostoma oligolepis,Largescale Stoneroller,Neutral
Fish,Carassius auratus,Goldfish,Neutral
Fish,Clinostomus funduloides,Rosyside Dace,Neutral
Fish,Clinostomus sp. 1,Smoky Dace,Neutral
Fish,Cyprinella galactura,Whitetail Shiner,Neutral
Fish,Cyprinella galacturus,Whitetail Shiner,Neutral
Fish,Cyprinella spiloptera,Spotfin Shiner,Neutral
Fish,Cyprinella spilopterus,Spotfin Shiner,Neutral
Fish,Cyprinella venusta,Blacktail Shiner,Neutral
Fish,Cyprinella venustus,Blacktail Shiner,Neutral
Fish,Cyprinus carpio,Common Carp,Neutral
Fish,Erimonax monachus,Spotfin Chub,Threatened
Fish,Hemitremia flammea,Flame Chub,Species of Concern
Fish,Hybopsis amblops,Bigeye Chub,Neutral
Fish,Luxilus chrysocephalus,Striped Shiner,Neutral
Fish,Luxilus coccogenis,Warpaint Shiner,Neutral
Fish,Luxilus cornutus,Common Shiner,Neutral
Fish,Lythrurus lirus,Mountain Shiner,Neutral
Fish,Nocomis micropogon,River Chub,Neutral
Fish,Notropis atherinoides,Emerald Shiner,Neutral
Fish,Notropis baileyi,Rough Shiner,Neutral
Fish,Notropis leuciodus,Tennessee Shiner,Neutral
Fish,Notropis photogenis,Silver Shiner,Neutral
Fish,Notropis rubellus,Rosyface Shiner,Neutral
Fish,Notropis rubricroceus,Saffron Shiner,Neutral
Fish,Notropis spectrunculus,Mirror Shiner,Neutral
Fish,Notropis telescopus,Telescope Shiner,Neutral
Fish,Notropis volucellus,Mimic Shiner,Neutral
Fish,Phenacobius catostomus,Riffle Minnow,Neutral
Fish,Phenacobius crassilabrum,Fatlips Minnow,Neutral
Fish,Phenacobius uranops,Stargazing Minnow,Neutral
Fish,Phoxinus oreas,Mountain Redbelly Dace,Neutral
Fish,Phoxinus tennesseensis,Tennessee Dace,Neutral
Fish,Rhinichthys cataractae,Longnose Dace,Neutral
Fish,Rhinichthys obtusus,Western Blacknose Dace,Neutral
Fish,Semotilus atromaculatus,Creek Chub,Neutral
Fish,Fundulus catenatus,Northern Studfish,Neutral
Fish,Gambusia affinis,"Mosquitofish, Western Mosquitofish",Neutral
Fish,Gambusia holbrooki,Eastern Mosquitofish,Neutral
Fish,Esox masquinongy,Muskellunge,Neutral
Fish,Ambloplites rupestris,Rock Bass,Neutral
Fish,Lepomis auritus,Redbreast Sunfish,Neutral
Fish,Lepomis cyanellus,Green Sunfish,Neutral
Fish,Lepomis gibbosus,Pumpkinseed,Neutral
Fish,Lepomis gulosus,Warmouth,Neutral
Fish,Lepomis humilis,Orangespotted Sunfish,Neutral
Fish,Lepomis macrochirus,Bluegill,Neutral
Fish,Lepomis megalotis,Longear Sunfish,Neutral
Fish,Lepomis microlophus,Redear Sunfish,Neutral
Fish,Micropterus dolomieu,Smallmouth Bass,Neutral
Fish,Micropterus punctulatus,Spotted Bass,Neutral
Fish,Micropterus salmoides,Largemouth Bass,Neutral
Fish,Pomoxis nigromaculatus,Black Crappie,Neutral
Fish,Morone chrysops,White Bass,Neutral
Fish,Etheostoma blennioides,Greenside Darter,Neutral
Fish,Etheostoma camurum,Bluebreast Darter,Neutral
Fish,Etheostoma chlorobranchium,Greenfin Darter,Neutral
Fish,Etheostoma flabellare,Fantail Darter,Neutral
Fish,Etheostoma gutselli,Tuckasegee Darter,Neutral
Fish,Etheostoma jessiae,Blueside Darter,Neutral
Fish,Etheostoma maculatum,Spotted Darter,Neutral
Fish,Etheostoma percnurum,Duskytail Darter,Endangered
Fish,Etheostoma rufilineatum,Redline Darter,Neutral
Fish,Etheostoma sanguifluum,"Bloodfin Darter, Spotted Darter",Neutral
Fish,Etheostoma simoterum,"Snubnose Darter, Tennessee Snubnose Darter",Neutral
Fish,Etheostoma stigmaeum,Speckled Darter,Neutral
Fish,Etheostoma swannanoa,Swannanoa Darter,Neutral
Fish,Etheostoma vulneratum,Wounded Darter,Neutral
Fish,Etheostoma zonale,Banded Darter,Neutral
Fish,Perca flavescens,Yellow Perch,Neutral
Fish,Percina aurantiaca,Tangerine Darter,Neutral
Fish,Percina burtoni,Blotchside Darter,Species of Concern
Fish,Percina caprodes,Logperch,Neutral
Fish,Percina evides,Gilt Darter,Neutral
Fish,Percina squamata,Olive Darter,Species of Concern
Fish,Stizostedion canadense,Sauger,Neutral
Fish,Stizostedion vitreum,Walleye,Neutral
Fish,Aplodinotus grunniens,Freshwater Drum,Neutral
Fish,Ichthyomyzon castaneus,Chestnut Lamprey,Neutral
Fish,Ichthyomyzon greeleyi,Mountain Brook Lamprey,Neutral
Fish,Lampetra appendix,American Brook Lamprey,Neutral
Fish,Oncorhynchus mykiss,Rainbow Trout,Neutral
Fish,Salmo trutta,Brown Trout,Neutral
Fish,Salvelinus fontinalis,Brook Trout,Neutral
Fish,Cottus bairdi,Mottled Sculpin,Neutral
Fish,Cottus carolinae,Banded Sculpin,Neutral
Fish,Lepisosteus osseus,Longnose Gar,Neutral
Fish,Ameiurus melas,Black Bullhead,Neutral
Fish,Ameiurus natalis,Yellow Bullhead,Neutral
Fish,Ictalurus furcatus,Blue Catfish,Neutral
Fish,Ictalurus punctatus,Channel Catfish,Neutral
Fish,Noturus baileyi,Smoky Madtom,Endangered
Fish,Noturus flavipinnis,Yellowfin Madtom,Threatened
Fish,Noturus flavus,Stonecat,Neutral
Fish,Pylodictis olivaris,Flathead Catfish,Neutral
Vascular Plant,Acorus calamus,Sweetflag,Neutral
Vascular Plant,Alisma subcordatum,Water-Plantain,Neutral
Vascular Plant,Sagittaria australis,Longbeak Arrowhead,Neutral
Vascular Plant,Sagittaria latifolia var. pubescens,Broad-Leaved Arrowhead,Neutral
Vascular Plant,Arisaema dracontium,Green Dragon,Neutral
Vascular Plant,Arisaema triphyllum ssp. quinatum,Jack In The Pulpit,Neutral
Vascular Plant,Arisaema triphyllum ssp. triphyllum,Jack In The Pulpit,Neutral
Vascular Plant,Lemna minuta,Least Duckweed,Neutral
Vascular Plant,Lemna valdiviana,"Pale Duckweed, Duckweed",Neutral
Vascular Plant,Peltandra virginica,"Arrow Arum, Green Arrow-Arum",Neutral
Vascular Plant,Wolffia brasiliensis,Brazilian Watermeal,Neutral
Vascular Plant,Elodea nuttallii,Western Waterweed,Neutral
Vascular Plant,Najas guadalupensis,Southern Waternymph,Neutral
Vascular Plant,Najas minor,Brittle Waternymph,Neutral
Vascular Plant,Potamogeton amplifolius,"Broad-Leaved Pondweed, Large-Leaf Pondweed",Neutral
Vascular Plant,Potamogeton diversifolius,Waterthread Pondweed,Neutral
Vascular Plant,Potamogeton epihydrus,"Nuttall Pondweed, Ribbonleaf Pondweed",Neutral
Vascular Plant,Potamogeton nodosus,Longleaf Pondweed,Neutral
Vascular Plant,Potamogeton pulcher,Spotted Pondweed,Neutral
Vascular Plant,Tofieldia glabra,"Smooth Bog-Asphodel, Smooth Tofieldia",Species of Concern
Vascular Plant,Aegopodium podagraria,"Bishops Goutweed, Old Man's Beard",Neutral
Vascular Plant,Ammoselinum butleri,Butler's Sandparsley,Neutral
Vascular Plant,Angelica atropurpurea,Purplestem Angelica,Neutral
Vascular Plant,Angelica triquinata,Filmy Angelica,Neutral
Vascular Plant,Angelica venenosa,Hairy Angelica,Neutral
Vascular Plant,Bupleurum rotundifolium,Hare's Ear,Neutral
Vascular Plant,Carum carvi,Caraway,Neutral
Vascular Plant,Chaerophyllum procumbens,Spreading Chervil,Neutral
Vascular Plant,Chaerophyllum tainturieri var. tainturieri,Wild Chervil,Neutral
Vascular Plant,Cicuta maculata,"Spotted Water-Hemlock, Spotted Cowbane",Neutral
Vascular Plant,Conium maculatum,Poison Hemlock,Neutral
Vascular Plant,Cryptotaenia canadensis,"Honewort, Canada Honewort",Neutral
Vascular Plant,Daucus carota,"Wild Carrot, Queen Anne's Lace",Neutral
Vascular Plant,Erigenia bulbosa,Harbinger Of Spring,Neutral
Vascular Plant,Eryngium integrifolium,Blueflower Eryngo,Neutral
Vascular Plant,Eryngium prostratum,"Rattlesnake-Master, Prostrate Eryngo",Neutral
Vascular Plant,Eryngium yuccifolium,Rattlesnake-Master,Neutral
Vascular Plant,Foeniculum vulgare,Sweet Fennel,Neutral
Vascular Plant,Heracleum lanatum,Masterwort,Neutral
Vascular Plant,Heracleum maximum,Common Cowparsnip,Neutral
Vascular Plant,Ligusticum canadense,"Nondo Lovage, Loveage",Neutral
Vascular Plant,Osmorhiza claytonii,"Sweet Cicely, Hairy Sweet-Cicely",Neutral
Vascular Plant,Osmorhiza longistylis,"Smoother Sweet-Cicely, Long-Styled Anise-Root",Neutral
Vascular Plant,Oxypolis rigidior,Stiff Cowbane,Neutral
Vascular Plant,Pastinaca sativa,"Wild Parsnip, Parsnip",Neutral
Vascular Plant,Sanicula canadensis,"Canada Black Snakeroot, Short-Styled Sanicle",Neutral
Vascular Plant,Sanicula marilandica,"Black Snakeroot, Black Snake-Root",Neutral
Vascular Plant,Sanicula odorata,"Black Snakeroot, Sanicle",Neutral
Vascular Plant,Sanicula smallii,"Mall's Black Snakeroot, Small's Sanicle",Neutral
Vascular Plant,Sanicula trifoliata,"Large-Fruited Sanicle, Trifoliate Black Snakeroot",Neutral
Vascular Plant,Taenidia integerrima,"Yellow Pimpernell, Yellow Pimpernel",Neutral
Vascular Plant,Thaspium barbinode,"Hairy-Jointed Meadow-Parsnip, Meadow-Parsnip",Neutral
Vascular Plant,Thaspium pinnatifidum,"Cutleaf Meadowparsnip, Mountain Thaspium",Neutral
Vascular Plant,Thaspium trifoliatum,Purple Meadowparsnip,Neutral
Vascular Plant,Thaspium trifoliatum var. aureum,"Purple Meadow-Parsnip, Yellow Meadow-Parsnip",Neutral
Vascular Plant,Thaspium trifoliatum var. trifoliatum,Purple Meadow-Parsnip,Neutral
Vascular Plant,Torilis arvensis,Spreading Hedgeparsley,Neutral
Vascular Plant,Torilis japonica,"Hedge-Parsley, Erect Hedge-Parsley",Neutral
Vascular Plant,Zizia aptera,Golden Alexanders,Neutral
Vascular Plant,Zizia aurea,Golden Zizia,Neutral
Vascular Plant,Zizia trifoliata,"Three-Leaved Golden Alexanders, Meadow Alexanders",Species of Concern
Vascular Plant,Aralia nudicaulis,Wild Sarsaparilla,Neutral
Vascular Plant,Aralia racemosa,"American Spikenard, Wild Spikenard",Neutral
Vascular Plant,Aralia spinosa,"Hercules Club, Devil's Walking Stick",Neutral
Vascular Plant,Hedera helix,English Ivy,Neutral
Vascular Plant,Hydrocotyle americana,"Water-Pennywort, American Water-Pennywort",Neutral
Vascular Plant,Hydrocotyle sibthorpioides,"Lawn Water-Penny-Wort, Lawn Penny-Wort",Neutral
Vascular Plant,Panax quinquefolius,Ginseng,Neutral
Vascular Plant,Panax trifolius,Dwarf Ginseng,Neutral
Vascular Plant,Ilex ambigua,Beadle's Holly,Neutral
Vascular Plant,Ilex collina,"Long-Stalked Holly, Appalachian Holly",Neutral
Vascular Plant,Ilex montana,Mountain Holly,Neutral
Vascular Plant,Ilex opaca,American Holly,Neutral
Vascular Plant,Ilex verticillata,"Black Holly, Winterberry",Neutral
Vascular Plant,Allium ampeloprasum,"Garlic, Wild Leek",Neutral
Vascular Plant,Allium burdickii,"Leeks, White-Stemmed Ramps",Neutral
Vascular Plant,Allium canadense,"Meadow Onion, Wild Garlic",Neutral
Vascular Plant,Allium cernuum var. cernuum,Nodding Onion,Neutral
Vascular Plant,Allium tricoccum,"Wild Leeks, Ramps, Small White Leek",Neutral
Vascular Plant,Allium vineale,Field Garlic,Neutral
Vascular Plant,Hymenocallis caroliniana,Carolina Spiderlily,Neutral
Vascular Plant,Lycoris radiata,Magic Lily,Neutral
Vascular Plant,Narcissus poeticus,Poet's Narcissus,Neutral
Vascular Plant,Narcissus pseudonarcissus,"Daffodil, Commom Daffodil",Neutral
Vascular Plant,Nothoscordum bivalve,Crowpoison,Neutral
Vascular Plant,Asparagus officinalis,"Garden Asparagus-Fern, Wild Asparagus",Neutral
Vascular Plant,Convallaria majalis,"Lily-Of-The-Valley, European Lily-Of-The-Valley",Neutral
Vascular Plant,Convallaria majuscula,Convallaria,Neutral
Vascular Plant,Convallaria montana,"Wild Lily-Of-The-Valley, American Lily-Of-The-Valley",Neutral
Vascular Plant,Hosta lancifolia,Hosta,Neutral
Vascular Plant,Liriope spicatum,Liriope,Neutral
Vascular Plant,Maianthemum canadense,Canada Mayflower,Neutral
Vascular Plant,Maianthemum racemosum ssp. racemosum,Feather Solomon's Seal,Neutral
Vascular Plant,Manfreda virginica,False Aloe,Neutral
Vascular Plant,Muscari botryoides,"Common Grape-Hyacinth, Grape Hyacinth",Neutral
Vascular Plant,Muscari comosum,Tassel Grapehyacinth,Neutral
Vascular Plant,Polygonatum biflorum,"King Solomon's Seal, Common Solomon's-Seal",Neutral
Vascular Plant,Polygonatum biflorum var. biflorum,"Smooth Solomon's Seal, King Solomon's Seal",Neutral
Vascular Plant,Polygonatum biflorum var. commutatum,Great Solomon's Seal,Neutral
Vascular Plant,Polygonatum pubescens,"Hairy Solomon's Seal, Downy Solomon's-Seal",Neutral
Vascular Plant,Yucca filamentosa,Adam's-Needle,Neutral
Vascular Plant,Hypoxis hirsuta,"Eastern Yellow Star Grass, Yellow Star Grass",Neutral
Vascular Plant,Belamcanda chinensis,Blackberry Lily,Neutral
Vascular Plant,Gladiolus X gandavensis,Gladiolus,Neutral
Vascular Plant,Iris cristata,Crested Dwarf Iris,Neutral
Vascular Plant,Iris laevigata,Garden Iris,Neutral
Vascular Plant,Iris pseudacorus,Yellow European Iris,Neutral
Vascular Plant,Iris verna var. smalliana,Dwarf Violet Iris,Neutral
Vascular Plant,Iris virginica var. shrevei,"Southern Blueflag, Blue Flag",Neutral
Vascular Plant,Sisyrinchium albidum,White Blueeyed Grass,Neutral
Vascular Plant,Sisyrinchium angustifolium,"Pointed Blue-Eyed-Grass, Blue-Eyed Grass",Neutral
Vascular Plant,Sisyrinchium atlanticum,"Eastern Blue-Eyed-Grass, Atlantic Blue-Eyed Grass",Neutral
Vascular Plant,Sisyrinchium mucronatum,"Michaux Blue-Eyed-Grass, Blue-Eyed Grass",Neutral
Vascular Plant,Aplectrum hyemale,"Adam-And-Eve Orchid, Puttyroot",Neutral
Vascular Plant,Calopogon tuberosus var. tuberosus,Tuberous Grasspink,Neutral
Vascular Plant,Cleistes bifaria,Cleistes,Neutral
Vascular Plant,Cleistes divaricata,Spreading Pogonia,Neutral
Vascular Plant,Coeloglossum viride var. virescens,"Longbract Frog Orchid, Long-Bract Green Orchis",Neutral
Vascular Plant,Corallorhiza maculata,"Summer Coralroot, Spotted Coralroot",Neutral
Vascular Plant,Corallorhiza odontorhiza,Autumn Coral-Root,Neutral
Vascular Plant,Corallorhiza wisteriana,"Spring Coralroot, Coral Root",Neutral
Vascular Plant,Corallorrhiza maculata,"Summer Coralroot, Spotted Coralroot",Neutral
Vascular Plant,Corallorrhiza odontorhiza,Autumn Coral-Root,Neutral
Vascular Plant,Corallorrhiza wisteriana,Spring Coralroot,Neutral
Vascular Plant,Cypripedium acaule,"Pink Lady's Slipper, Pink Lady's-Slipper",Neutral
Vascular Plant,Cypripedium parviflorum var. pubescens,Greater Yellow Lady's Slipper,Neutral
Vascular Plant,Epipactis helleborine,Helleborine,Neutral
Vascular Plant,Galearis spectabilis,"Showy Orchid, Showy Orchis",Neutral
Vascular Plant,Goodyera pubescens,Downy Rattlesnake-Plantain,Neutral
Vascular Plant,Hexalectris spicata,Crested Coralroot,Neutral
Vascular Plant,Isotria medeoloides,Small Whorled Pogonia,Threatened
Vascular Plant,Isotria verticillata,"Large Whorled Pogonia, Whorled Pogonia",Neutral
Vascular Plant,Liparis liliifolia,"Large Twayblade, Lily-Leaved Twayblade",Neutral
Vascular Plant,Liparis loeselii,"Fen Orchid, Fen Orchis",Neutral
Vascular Plant,Listera smallii,"Kidney-Leaf Twayblade, Small's Twayblade",Neutral
Vascular Plant,Malaxis unifolia,"Green Adder's-Mouth, Adder's Mouth",Neutral
Vascular Plant,Platanthera ciliaris,"Yellow-Fringed Orchid, Yellow-Fringe Orchis",Neutral
Vascular Plant,Platanthera clavellata,"Green Woodland Orchid, Small Green Woodland Orchis",Neutral
Vascular Plant,Platanthera flava var. flava,Palegreen Orchid,Neutral
Vascular Plant,Platanthera flava var. herbiola,Palegreen Orchid,Neutral
Vascular Plant,Platanthera grandiflora,"Large Purple-Fringe Orchis, Larger Purple-Fringed Orchid",Neutral
Vascular Plant,Platanthera lacera,"Green-Fringed Orchid, Green-Fringe Orchis",Neutral
Vascular Plant,Platanthera peramoena,Purple Fringeless Orchid,Neutral
Vascular Plant,Platanthera psycodes,"Small Purple-Fringed Orchid, Small Purple-Fringe Orchis",Neutral
Vascular Plant,Pogonia ophioglossoides,"Rose Pogonia, Pogonia",Neutral
Vascular Plant,Spiranthes cernua,"Nodding Lady's Tresses, Nodding Ladies'-Tresses",Neutral
Vascular Plant,Spiranthes lacera var. gracilis,Slender Lady's Tresses,Neutral
Vascular Plant,Spiranthes ochroleuca,"Yellow Nodding Lady's Tresses, Yellow Nodding Ladies'-Tresses",Neutral
Vascular Plant,Spiranthes ovalis,"October Ladiestresses, Lesser Ladies'-Tresses",Neutral
Vascular Plant,Spiranthes tuberosa,"Little Ladies'-Tresses, Little Lady's Tresses",Neutral
Vascular Plant,Spiranthes vernalis,"Early Lady's Tresses, Grassleaf Ladies'-Tresses",Neutral
Vascular Plant,Tipularia discolor,"Cranefly Orchid, Crippled Cranefly",Neutral
Vascular Plant,Triphora trianthophora,Nodding Pogonia,Neutral
Vascular Plant,Hemerocallis fulva,"Orange Daylily, Orange Day-Lily",Neutral
Vascular Plant,Hemerocallis lilioasphodelus,Yellow Day-Lily,Neutral
Vascular Plant,Achillea millefolium var. occidentalis,Yarrow,Neutral
Vascular Plant,Ageratina altissima,White Snakeroot,Neutral
Vascular Plant,Ageratina altissima var. altissima,White Snakeroot,Neutral
Vascular Plant,Ageratina altissima var. roanensis,White Snakeroot,Neutral
Vascular Plant,Ageratina aromatica var. aromatica,Lesser Snakeroot,Neutral
Vascular Plant,Ambrosia artemisiifolia,"Common Ragweed, Annual Ragweed",Neutral
Vascular Plant,Ambrosia bidentata,Lanceleaf Ragweed,Neutral
Vascular Plant,Ambrosia trifida,"Giant Ragweed, Great Ragweed",Neutral
Vascular Plant,Antennaria neglecta,"Field Pussytoes, Field Pussy Toes",Neutral
Vascular Plant,Antennaria parlinii ssp. fallax,Parlin's Pussytoes,Neutral
Vascular Plant,Antennaria plantaginifolia,"Plantain-Leaved Pussy Toes, Plantain-Leaf Pussytoes",Neutral
Vascular Plant,Antennaria solitaria,"Solitary Pussy Toes, Single-Head Pussytoes",Neutral
Vascular Plant,Anthemis arvensis,"Corn-Chamomile, Corn Camomile",Neutral
Vascular Plant,Anthemis cotula,"Mayweed, Stinking Chamomile",Neutral
Vascular Plant,Arctium minus,"Lesser Burdock, Lesser Burrdock",Neutral
Vascular Plant,Arnoglossum atriplicifolium,"Pale Indian-Plantain, Armoglossum",Neutral
Vascular Plant,Arnoglossum muehlenbergii,"Great Indian-Plantain, Muhlenberg's Cacalia",Neutral
Vascular Plant,Artemisia abrotanum,Southernwood,Neutral
Vascular Plant,Artemisia ludoviciana ssp. mexicana,White Sage,Neutral
Vascular Plant,Artemisia vulgaris,"Common Mugwort, Common Wormwood",Neutral
Vascular Plant,Aster patens var. patens,Late Purple Aster,Neutral
Vascular Plant,Aster retroflexus,Curtis? Aster,Neutral
Vascular Plant,Aster tataricus,"Tartar Aster, Tartarian Aster",Neutral
Vascular Plant,Bidens aristosa,Stick-Tight,Neutral
Vascular Plant,Bidens bipinnata,Spanish-Needles,Neutral
Vascular Plant,Bidens cernua,"Stick-Tight, Nodding Beggar-Ticks",Neutral
Vascular Plant,Bidens frondosa,"Begger Ticks, Devil's Beggar-Ticks",Neutral
Vascular Plant,Bidens tripartita,"Stick-Tight, Three-Lobe Beggar-Ticks",Neutral
Vascular Plant,Bidens vulgata,Big Devils Beggartick,Neutral
Vascular Plant,Brickellia eupatorioides var. eupatorioides,False Boneset,Neutral
Vascular Plant,Cacalia atriplicifolia,Pale Indian-Plantain,Neutral
Vascular Plant,Cacalia muhlenbergii,Great Indian-Plantain,Neutral
Vascular Plant,Carduus acanthoides,Spiny Plumeless Thistle,Neutral
Vascular Plant,Carduus nutans,Musk Thistle,Neutral
Vascular Plant,Centaurea biebersteinii,Spotted Knapweed,Neutral
Vascular Plant,Centaurea cyanus,"Corn-Flower, Batchelor's Button",Neutral
Vascular Plant,Centaurea nigra,Lesser Knapweed,Neutral
Vascular Plant,Chamomilla suaveolens,Pineappleweed,Neutral
Vascular Plant,Chrysopsis mariana,Maryland Golden Aster,Neutral
Vascular Plant,Cichorium intybus,"Chickory, Chicory",Neutral
Vascular Plant,Cirsium,Thistle,Neutral
Vascular Plant,Cirsium altissimum,Tall Thistle,Neutral
Vascular Plant,Cirsium arvense,"Crepping Thistle, Canada Thistle",Neutral
Vascular Plant,Cirsium carolinianum,Carolina Thistle,Neutral
Vascular Plant,Cirsium discolor,"Field Thistle, Thistle",Neutral
Vascular Plant,Cirsium muticum,Swamp Thistle,Neutral
Vascular Plant,Cirsium vulgare,Bull Thistle,Neutral
Vascular Plant,Conoclinium coelestinum,Blue Mistflower,Neutral
Vascular Plant,Conyza canadensis,Horse-Weed,Neutral
Vascular Plant,Coreopsis auriculata,"Lobed Tickseed, Auricled Tickseed",Neutral
Vascular Plant,Coreopsis lanceolata,Lanceleaf Tickseed,Neutral
Vascular Plant,Coreopsis major,Wood Tickseed,Neutral
Vascular Plant,Coreopsis pubescens,"Hairy Tickseed, Star Tickseed",Neutral
Vascular Plant,Coreopsis tinctoria,"Coreopsis, Golden Tickseed",Neutral
Vascular Plant,Coreopsis tripteris,Tall Tickseed,Neutral
Vascular Plant,Cosmos bipinnatus,Garden Cosmos,Neutral
Vascular Plant,Cosmos sulphureus,Sulphur Cosmos,Neutral
Vascular Plant,Crepis capillaris,"Smooth Hawksbeard, Hawk's Beard",Neutral
Vascular Plant,Crepis pulchra,Hawk's Beard,Neutral
Vascular Plant,Doellingeria infirma,Cornel-Leaf Whitetop,Neutral
Vascular Plant,Doellingeria umbellata var. umbellata,Parasol Whitetop,Neutral
Vascular Plant,Eclipta prostrata,Eclipta,Neutral
Vascular Plant,Elephantopus carolinianus,"Carolina Tobaccoweed, Carolina Elephant-Foot",Neutral
Vascular Plant,Elephantopus tomentosus,"Tobaccoweed, Hairy Tobaccoweed",Neutral
Vascular Plant,Erechtites hieracifolia,Burnweed,Neutral
Vascular Plant,Erechtites hieraciifolia,American Burnweed,Neutral
Vascular Plant,Erechtites hieraciifolia var. hieraciifolia,American Burnweed,Neutral
Vascular Plant,Erigeron,"Fleabane, Daisy",Neutral
Vascular Plant,Erigeron annuus,"White-Top Fleabane, Daisy-Fleabane",Neutral
Vascular Plant,Erigeron philadelphicus,Philadelphia Fleabane,Neutral
Vascular Plant,Erigeron pulchellus,"Robin Plantain Fleabane, Robin's-Plantain",Neutral
Vascular Plant,Erigeron strigosus,"Daisy Fleabane, Daisy-Fleabane",Neutral
Vascular Plant,Eupatorium,Thoroughwort,Neutral
Vascular Plant,Eupatorium album,"White Thoroughwort, White Eupatorium",Neutral
Vascular Plant,Eupatorium altissimum,Tall Thoroughwort,Neutral
Vascular Plant,Eupatorium capillifolium,"Small Dog-Fennel Thoroughwort, Dog-Fennel",Neutral
Vascular Plant,Eupatorium coelestinum,Blue Boneset,Neutral
Vascular Plant,Eupatorium fistulosum,"Joe-Pye-Weed, Hollow Joe-Pye Weed",Neutral
Vascular Plant,Eupatorium hyssopifolium,"Hyssopleaf Thoroughwort, Narrow-Leaved Snakeroot",Neutral
Vascular Plant,Eupatorium maculatum,"Joe-Pye-Weed, Spotted Joe-Pye Weed",Neutral
Vascular Plant,Eupatorium perfoliatum,"Common Boneset, Boneset",Neutral
Vascular Plant,Eupatorium pilosum,Rough Boneset,Neutral
Vascular Plant,Eupatorium purpureum,"Sweet Joe-Pye Weed, Sweet Or Woodland Joe-Pye-Weed",Neutral
Vascular Plant,Eupatorium rotundifolium,"Round-Leaf Thorough-Wort, Round-Leaved Snake-Root",Neutral
Vascular Plant,Eupatorium rotundifolium var. ovatum,Roundleaf Thoroughwort,Neutral
Vascular Plant,Eupatorium rotundifolium var. rotundifolium,Roundleaf Thoroughwort,Neutral
Vascular Plant,Eupatorium rugosum,"White Snakeroot, Snakeroot, Richweed",Neutral
Vascular Plant,Eupatorium serotinum,"Late-Flowering Thorough-Wort, Acuminate-Leaved Snake-Root",Neutral
Vascular Plant,Eupatorium sessilifolium,Upland Boneset,Neutral
Vascular Plant,Eupatorium steelei,Appalachian Joe-Pye-Weed,Neutral
Vascular Plant,Eurybia chlorolepis,Mountain Aster,Neutral
Vascular Plant,Eurybia divaricata,White Wood Aster,Neutral
Vascular Plant,Eurybia macrophylla,Bigleaf Aster,Neutral
Vascular Plant,Eurybia surculosa,Creeping Aster,Neutral
Vascular Plant,Fleischmannia incarnata,Pink Thoroughwort,Neutral
Vascular Plant,Galinsoga parviflora,Gallantsoldier,Neutral
Vascular Plant,Galinsoga quadriradiata,"Fringed Quickweed, Peruvian Daisy",Neutral
Vascular Plant,Gamochaeta falcata,Narrowleaf Purple Everlasting,Neutral
Vascular Plant,Gamochaeta purpurea,Purple Cudweed,Neutral
Vascular Plant,Gnaphalium helleri,"Catfoot, Glandular Catfoot",Neutral
Vascular Plant,Gnaphalium obtusifolium,"Fragrant Cudweed, Catfoot",Neutral
Vascular Plant,Helenium amarum,"Sneezeweed, Five-Leaf Sneezeweed",Neutral
Vascular Plant,Helenium autumnale,"Autumn Sneezeweed, Common Sneezeweed",Neutral
Vascular Plant,Helenium flexuosum,"Dark-Eyed Sneezeweed, Purple-Head Sneezeweed",Neutral
Vascular Plant,Helianthus,Sunflower,Neutral
Vascular Plant,Helianthus angustifolius,"Narrow-Leaved Sunflower, Swamp Sunflower",Neutral
Vascular Plant,Helianthus annuus,Common Sunflower,Neutral
Vascular Plant,Helianthus atrorubens,"Purple-Disk Sunflower, Sunflower",Neutral
Vascular Plant,Helianthus decapetalus,"Wide-Leaved Sunflower, Thin-Leaved Sunflower",Neutral
Vascular Plant,Helianthus divaricatus,"Woodland Sunflower, Sessile-Leaved Sunflower",Neutral
Vascular Plant,Helianthus giganteus,Giant Sunflower,Neutral
Vascular Plant,Helianthus glaucophyllus,Whiteleaf Sunflower,Neutral
Vascular Plant,Helianthus hirsutus,Hairy Sunflower,Neutral
Vascular Plant,Helianthus maximiliani,Maximilian Sunflower,Neutral
Vascular Plant,Helianthus microcephalus,Small Wood Sunflower,Neutral
Vascular Plant,Helianthus mollis,Ashy Sunflower,Neutral
Vascular Plant,Helianthus strumosus,Paleleaf Woodland Sunflower,Neutral
Vascular Plant,Helianthus tuberosus,"Jerusalem Artichoke, Sunflower",Neutral
Vascular Plant,Heliopsis helianthoides,Ox-Eye,Neutral
Vascular Plant,Heterotheca camporum,Lemonyellow Falsegoldenaster,Neutral
Vascular Plant,Hieracium aurantiacum,Orange Hawkweed,Neutral
Vascular Plant,Hieracium caespitosum,Field Hawkweed,Neutral
Vascular Plant,Hieracium gronovii,Hairy Hawkweed,Neutral
Vascular Plant,Hieracium paniculatum,Panicled Hawkweed,Neutral
Vascular Plant,Hieracium pilosella,"Mouse-Ear Hawkweed, Mouseear",Neutral
Vascular Plant,Hieracium piloselloides,King Devil,Neutral
Vascular Plant,Hieracium scabrum,Rough Hawkweed,Neutral
Vascular Plant,Hieracium venosum,Rattlesnake Hawkweed,Neutral
Vascular Plant,Hieracium X marianum,Hawkweed,Neutral
Vascular Plant,Hypochaeris radicata,"Spotted Cat's-Ear, Cat's Ear",Neutral
Vascular Plant,Inula helenium,Elecampane Inula,Neutral
Vascular Plant,Ionactis linariifolius,"Flaxleaf Aster, Ionactis",Neutral
Vascular Plant,Iva annua,Iva,Neutral
Vascular Plant,Krigia biflora,"Two-Flowered Dwarf Dandelion, Dwarf Dandelion",Neutral
Vascular Plant,Krigia caespitosa,Weedy Dwarfdandelion,Neutral
Vascular Plant,Krigia dandelion,"Potato Dandelion, Dwarf Dandelion",Neutral
Vascular Plant,Krigia montana,"False Dandelion, Mountain Krigia",Neutral
Vascular Plant,Krigia virginica,"Virginia Dwarf Dandelion, Dwarf Dandelion",Neutral
Vascular Plant,Lactuca biennis,Tall Blue Lettuce,Neutral
Vascular Plant,Lactuca canadensis,"Canada Lettuce, Wild Lettuce",Neutral
Vascular Plant,Lactuca floridana,"Woodland Blue Lettuce, Woodland Lettuce",Neutral
Vascular Plant,Lactuca graminifolia,Grassleaf Lettuce,Neutral
Vascular Plant,Lactuca hirsuta,Hairy Lettuce,Neutral
Vascular Plant,Lactuca saligna,Willowleaf Lettuce,Neutral
Vascular Plant,Lactuca serriola,Prickly Lettuce,Neutral
Vascular Plant,Lapsana communis,"Nipplewort, Common Nipplewort",Neutral
Vascular Plant,Leucanthemum vulgare,Daisy,Neutral
Vascular Plant,Liatris aspera,"Rough Gayfeather, Tall Blazing Star, Tall Gayfeather",Neutral
Vascular Plant,Liatris scariosa,Devil's Bite,Neutral
Vascular Plant,Liatris spicata,"Spike Gay-Feather, Dense Blazing Star",Neutral
Vascular Plant,Liatris squarrosa,Scaly Blazing Star,Neutral
Vascular Plant,Liatris squarrulosa,"Appalachian Gayfeather, Earle's Blazing Star",Neutral
Vascular Plant,Matricaria discoidea,"Disc Mayweed, Pineapple-Weed Chamomile",Neutral
Vascular Plant,Oclemena acuminata,Whorled Wood Aster,Neutral
Vascular Plant,Oligoneuron rigidum var. rigidum,Stiff Goldenrod,Neutral
Vascular Plant,Packera anonyma,Small's Ragwort,Neutral
Vascular Plant,Packera aurea,Golden Ragwort,Neutral
Vascular Plant,Packera obovata,Roundleaf Ragwort,Neutral
Vascular Plant,Parthenium integrifolium,"American Fever-Few, Wild Quinine",Species of Concern
Vascular Plant,Picris hieracioides,Hawkweed Oxtongue,Neutral
Vascular Plant,Pityopsis graminifolia var. graminifolia,Grass-Leaved Golden Aster,Neutral
Vascular Plant,Pityopsis graminifolia var. latifolia,Narrowleaf Silkgrass,Neutral
Vascular Plant,Pluchea camphorata,"Camphorweed, Marsh Fleabane",Neutral
Vascular Plant,Polymnia canadensis,"White-Flower Leafcup, Leaf-Cup",Neutral
Vascular Plant,Polymnia laevigata,Tennessee Leafcup,Neutral
Vascular Plant,Prenanthes alba,"White Rattlesnake-Root, White Rattlesnakeroot",Neutral
Vascular Plant,Prenanthes altissima,"Tall Rattlesnake-Root, Tall Rattlesnakeroot",Neutral
Vascular Plant,Prenanthes roanensis,"Roan Rattlesnakeroot, Roan's Rattlesnakeroot",Neutral
Vascular Plant,Prenanthes serpentaria,"Lion's-Foot, Rattlesnakeroot",Neutral
Vascular Plant,Prenanthes trifoliolata,"Lion's Foot, Three-Leaved Rattlesnake-Root",Neutral
Vascular Plant,Pseudognaphalium helleri ssp. helleri,Heller's Cudweed,Neutral
Vascular Plant,Pseudognaphalium obtusifolium ssp. obtusifolium,Rabbittobacco,Neutral
Vascular Plant,Pyrrhopappus carolinianus,"False Dandelion, Carolina False-Dandelion",Neutral
Vascular Plant,Ratibida pinnata,Pinnate Prairie Coneflower,Neutral
Vascular Plant,Rudbeckia fulgida,Orange Coneflower,Neutral
Vascular Plant,Rudbeckia fulgida var. fulgida,Orange Coneflower,Neutral
Vascular Plant,Rudbeckia fulgida var. umbrosa,Orange Coneflower,Neutral
Vascular Plant,Rudbeckia hirta,Blackeyed Susan,Neutral
Vascular Plant,Rudbeckia hirta var. hirta,Black-Eyed Susan,Neutral
Vascular Plant,Rudbeckia hirta var. pulcherrima,Narrow-Leaved Black-Eyed Susan,Neutral
Vascular Plant,Rudbeckia laciniata var. digitata,Cutleaf Coneflower,Neutral
Vascular Plant,Rudbeckia laciniata var. humilis,Coneflower,Neutral
Vascular Plant,Rudbeckia laciniata var. laciniata,Cutleaf Coneflower,Neutral
Vascular Plant,Rudbeckia triloba,"Brown-Eyed Susan, Hree-Lobed Black-Eyed Susan",Neutral
Vascular Plant,Rugelia nudicaulis,Rugel's Ragwort,Species of Concern
Vascular Plant,Senecio anonymus,"Yellow Ragwort, Small's Ragwort",Neutral
Vascular Plant,Senecio aureus,Golden Ragwort,Neutral
Vascular Plant,Senecio obovatus,"Round-Leaf Groundsel, Spatulate-Leaved Ragwort",Neutral
Vascular Plant,Sericocarpus asteroides,Toothed Whitetop Aster,Neutral
Vascular Plant,Sericocarpus linifolius,Narrowleaf Whitetop Aster,Neutral
Vascular Plant,Silphium asteriscus,"Starry Rosin-Weed, Starry Rosinweed",Neutral
Vascular Plant,Silphium asteriscus var. asteriscus,Rosin-Weed,Neutral
Vascular Plant,Silphium asteriscus var. laevicaule,Rosin-Weed,Neutral
Vascular Plant,Silphium compositum,"Rosin-Weed, Kindey-Leaf Rosin-Weed",Neutral
Vascular Plant,Silphium trifoliatum var. trifoliatum,Whorled Rosinweed,Neutral
Vascular Plant,Smallanthus uvedalius,Hairy Leafcup,Neutral
Vascular Plant,Solidago,Goldenrod,Neutral
Vascular Plant,Solidago altissima,Canada Goldenrod,Neutral
Vascular Plant,Solidago arguta,"Sharp-Leaved Goldenrod, Cutleaf Goldenrod",Neutral
Vascular Plant,Solidago arguta var. arguta,Atlantic Goldenrod,Neutral
Vascular Plant,Solidago arguta var. caroliniana,Carolina Goldenrod,Neutral
Vascular Plant,Solidago bicolor,"White Goldenrod, Silverrod",Neutral
Vascular Plant,Solidago caesia,"Wreath Goldenrod, Bluestem Goldenrod",Neutral
Vascular Plant,Solidago canadensis var. scabra,Canada Goldenrod,Neutral
Vascular Plant,Solidago curtisii,Mountain Decumbent Goldenrod,Neutral
Vascular Plant,Solidago erecta,Slender Golden-Rod,Neutral
Vascular Plant,Solidago flaccidifolia,"Thin-Leaved Goldenrod, Appalachian Golden-Rod",Neutral
Vascular Plant,Solidago flexicaulis,"Zig-Zag Goldenrod, A Goldenrod",Neutral
Vascular Plant,Solidago gigantea,"Tall Goldenrod, A Goldenrod",Neutral
Vascular Plant,Solidago glomerata,"Skunk Goldenrod, A Goldenrod",Neutral
Vascular Plant,Solidago hispida,"Yellow Hairy Goldenrod, Hairy Goldenrod",Neutral
Vascular Plant,Solidago juncea,Early Goldenrod,Neutral
Vascular Plant,Solidago nemoralis var. nemoralis,Gray Goldenrod,Neutral
Vascular Plant,Solidago odora,"Sweet Goldenrod, Fragrant Goldenrod",Neutral
Vascular Plant,Solidago patula,"Roundleaf Goldenrod, Rough-Leaved Goldenrod",Neutral
Vascular Plant,Solidago puberula,"Hairy Goldenrod, Downy Goldenrod",Neutral
Vascular Plant,Solidago roanensis,"Roan's Goldenrod, Tennessee Golden-Rod",Neutral
Vascular Plant,Solidago rugosa ssp. aspera,Rough-Stemmed Goldenrod,Neutral
Vascular Plant,Solidago speciosa var. erecta,Erect Goldenrod,Neutral
Vascular Plant,Solidago speciosa var. rigidiuscula,Showy Goldenrod,Neutral
Vascular Plant,Solidago speciosa var. speciosa,Showy Goldenrod,Neutral
Vascular Plant,Solidago sphacelata,"Autumn Goldenrod, Heart-Leaved Goldenrod",Neutral
Vascular Plant,Solidago uliginosa,Bog Goldenrod,Neutral
Vascular Plant,Soliva sessilis,Field Soliva,Neutral
Vascular Plant,Sonchus arvensis ssp. uliginosus,Moist Sowthistle,Neutral
Vascular Plant,Sonchus asper,"Spiney-Leaved Sonchus, Spiny-Leaf Sowthistle",Neutral
Vascular Plant,Symphyotrichum concolor,Eastern Silver Aster,Neutral
Vascular Plant,Symphyotrichum cordifolium,Common Blue Wood Aster,Neutral
Vascular Plant,Symphyotrichum divaricatum,Southern Annual Saltmarsh Aster,Neutral
Vascular Plant,Symphyotrichum dumosum var. dumosum,Rice Button Aster,Neutral
Vascular Plant,Symphyotrichum laeve var. laeve,Smooth Blue Aster,Neutral
Vascular Plant,Symphyotrichum lateriflorum var. lateriflorum,Calico Aster,Neutral
Vascular Plant,Symphyotrichum lowrieanum,Lowrie's Blue Wood Aster,Neutral
Vascular Plant,Symphyotrichum novae-angliae,New England Aster,Neutral
Vascular Plant,Symphyotrichum oblongifolium,Aromatic Aster,Neutral
Vascular Plant,Symphyotrichum patens var. patens,Late Purple Aster,Neutral
Vascular Plant,Symphyotrichum phlogifolium,Thinleaf Late Purple Aster,Neutral
Vascular Plant,Symphyotrichum pilosum var. pilosum,Hairy White Oldfield Aster,Neutral
Vascular Plant,Symphyotrichum prenanthoides,Crookedstem Aster,Neutral
Vascular Plant,Symphyotrichum puniceum var. puniceum,Purplestem Aster,Neutral
Vascular Plant,Symphyotrichum retroflexum,Rigid Whitetop Aster,Neutral
Vascular Plant,Symphyotrichum shortii,Short's Aster,Neutral
Vascular Plant,Symphyotrichum undulatum,"Wavyleaf Aster, Waxyleaf Aster",Neutral
Vascular Plant,Symphyotrichum urophyllum,White Arrowleaf Aster,Neutral
Vascular Plant,Tanacetum vulgare,Common Tansy,Neutral
Vascular Plant,Taraxacum laevigatum,Red-Seeded Dandelion,Neutral
Vascular Plant,Taraxacum officinale,"Brown-Seed Dandelion, Common Dandelion",Neutral
Vascular Plant,Tetragonotheca helianthoides,"Pineland Nerveray, Pineland Squarehead",Neutral
Vascular Plant,Tragopogon porrifolius,Salsify,Neutral
Vascular Plant,Tragopogon pratensis,"Yellow Goatsbeard, Yellow Goat's-Beard",Neutral
Vascular Plant,Tussilago farfara,Colt's Foot,Neutral
Vascular Plant,Verbesina alternifolia,Wingstem,Neutral
Vascular Plant,Verbesina occidentalis,"Wingstem, Yellow Crownbeard",Neutral
Vascular Plant,Verbesina virginica,White Crownbeard,Neutral
Vascular Plant,Vernonia gigantea,"Tall Ironweed, Giant Ironweed",Neutral
Vascular Plant,Vernonia noveboracensis,New York Ironweed,Neutral
Vascular Plant,Xanthium strumarium var. glabratum,Rough Cockleburr,Neutral
Vascular Plant,Youngia japonica,Oriental False Hawksbeard,Neutral
Vascular Plant,Campanula aparinoides,"Marsh Bluebell, Marsh Bellflower",Neutral
Vascular Plant,Campanula divaricata,Southern Harebell,Neutral
Vascular Plant,Campanulastrum americanum,Tall Bellflower,Neutral
Vascular Plant,Lobelia amoena,Southern Lobelia,Neutral
Vascular Plant,Lobelia cardinalis,Cardinal Flower,Neutral
Vascular Plant,Lobelia inflata,"Indian Tabacco, Indian-Tobacco",Neutral
Vascular Plant,Lobelia puberula,Downy Lobelia,Neutral
Vascular Plant,Lobelia siphilitica,"Great Lobelia, Great Blue Lobelia",Neutral
Vascular Plant,Lobelia spicata var. leptostachys,Lobelia,Neutral
Vascular Plant,Triodanis biflora,Small Venus' Looking-Glass,Neutral
Vascular Plant,Triodanis perfoliata var. perfoliata,Venus? Looking-Glass,Neutral
Vascular Plant,Buglossoides arvensis,Corn Gromwell,Neutral
Vascular Plant,Cynoglossum officinale,Gypsyflower,Neutral
Vascular Plant,Cynoglossum virginianum,"Wild Comfrey, Blue Hound's-Tongue",Neutral
Vascular Plant,Echium vulgare,"Blueweed, Common Viper's-Bugloss",Neutral
Vascular Plant,Hackelia virginiana,"Beggar's Lice, Virginia Stickseed",Neutral
Vascular Plant,Lithospermum canescens,"Orange Puccoon, Hoary Puccoon",Neutral
Vascular Plant,Mertensia virginica,"Virginia Bluebells, Virginia Bluebell",Neutral
Vascular Plant,Myosotis laxa,Bay Forget Me Not,Neutral
Vascular Plant,Myosotis macrosperma,Large-Seeded Forget-Me-Not,Neutral
Vascular Plant,Myosotis scorpioides,"Forget-Me-Not, True Forget-Me-Not",Neutral
Vascular Plant,Myosotis stricta,Strict Forget Me Not,Neutral
Vascular Plant,Myosotis verna,"Spring Forget-Me-Not, Early Forget-Me-Not",Neutral
Vascular Plant,Hydrophyllum canadense,"Blunt-Leaf Waterleaf, Canadian Waterleaf",Neutral
Vascular Plant,Hydrophyllum macrophyllum,"Large-Leaf Water-Leaf, Bigleaf Waterleaf",Neutral
Vascular Plant,Hydrophyllum virginianum var. atranthum,Virginia Waterleaf,Neutral
Vascular Plant,Nemophila aphylla,Nemophila,Neutral
Vascular Plant,Phacelia bipinnatifida,Purple Phacelia,Neutral
Vascular Plant,Phacelia dubia var. dubia,Smallflower Scorpionweed,Neutral
Vascular Plant,Phacelia fimbriata,"Fringed Scorpion-Weed, Fringed Phacelia",Neutral
Vascular Plant,Phacelia purshii,"Miami-Mist, Pursh's Purple Phacelia",Neutral
Vascular Plant,Alliaria petiolata,Garlic Mustard,Neutral
Vascular Plant,Arabidopsis thaliana,"Mouse-Ear Cress, Wall-Cress",Neutral
Vascular Plant,Arabis canadensis,Sicklepod,Neutral
Vascular Plant,Arabis laevigata,Smooth Rockcress,Neutral
Vascular Plant,Arabis laevigata var. burkii,"Porter's Rockcress, Burk's Rockcress",Neutral
Vascular Plant,Arabis laevigata var. laevigata,Smooth Rockcress,Neutral
Vascular Plant,Arabis lyrata,"Lyre-Leaf Rockcress, Lyre-Leaved Rockcress",Neutral
Vascular Plant,Arabis patens,Spreading Rockcress,Neutral
Vascular Plant,Barbarea verna,"Early Winter-Cress, Early Watercress",Neutral
Vascular Plant,Barbarea vulgaris,"Yellow Rocket, Wintercress",Neutral
Vascular Plant,Brassica juncea,India Mustard,Neutral
Vascular Plant,Brassica napus,Rape,Neutral
Vascular Plant,Brassica rapa,"Bird's Rape, Rape Mustard",Neutral
Vascular Plant,Capsella bursa-pastoris,"Shepherd's Purse, Common Shepherd's Purse",Neutral
Vascular Plant,Capsella rubella,Reddish Shepherd's Purse,Neutral
Vascular Plant,Cardamine angustata,Pepperwort,Neutral
Vascular Plant,Cardamine bulbosa,Bulbous Bittercress,Neutral
Vascular Plant,Cardamine clematitis,"Mountain Bitter Cress, Mountain Watercress",Species of Concern
Vascular Plant,Cardamine concatenata,"Cutleaf Toothwort, Cut-Leaved Toothwort",Neutral
Vascular Plant,Cardamine diphylla,"Two-Leaf Toothwort, Toothwort",Neutral
Vascular Plant,Cardamine dissecta,Dissected-Leaved Toothwort,Neutral
Vascular Plant,Cardamine flagellifera,"Bitter Cress, Bittercress",Neutral
Vascular Plant,Cardamine hirsuta,"Hairy Bittercress, Hairy Bitter-Cress",Neutral
Vascular Plant,Cardamine parviflora var. arenicola,Sand Bittercress,Neutral
Vascular Plant,Cardamine pensylvanica,"Pennsylvania Bitter-Cress, Pennsylvania Bittercress",Neutral
Vascular Plant,Cardamine rotundifolia,"Round Leaf Watercress, Round-Leaf Water Cress",Neutral
Vascular Plant,Conringia orientalis,"Hare's-Ear Mustard, Hare's Ear Mustard",Neutral
Vascular Plant,Draba brachycarpa,"Short-Fruited Whitlow Grass, Short-Fruited Whitlow-Grass",Neutral
Vascular Plant,Draba ramosissima,"Branched Whitlow Grass, Branching Whitlow Grass",Neutral
Vascular Plant,Draba verna,Whitlow Grass,Neutral
Vascular Plant,Erysimum cheiranthoides,"Worm-Seed Wallflower, Worm-Seed Mustard",Neutral
Vascular Plant,Hesperis matronalis,Dames Rocket,Neutral
Vascular Plant,Lepidium campestre,"Cow-Cress, Field Pepper-Grass",Neutral
Vascular Plant,Lepidium densiflorum,Common Pepperweed,Neutral
Vascular Plant,Lepidium virginicum,"Poor Man's Pepper, Poor-Man's Pepper-Grass",Neutral
Vascular Plant,Lunaria annua,"Annual Honesty, Moneyplant",Neutral
Vascular Plant,Microthlaspi perfoliatum,Claspleaf Pennycress,Neutral
Vascular Plant,Raphanus raphanistrum,Wild Radish,Neutral
Vascular Plant,Rorippa islandica,Northern Marsh Yellowcress,Neutral
Vascular Plant,Rorippa nasturtium-aquaticum,"Watercress, True Watercress",Neutral
Vascular Plant,Rorippa palustris,Yellowcress,Neutral
Vascular Plant,Rorippa palustris ssp. fernaldiana,Fernald's Yellowcress,Neutral
Vascular Plant,Rorippa palustris ssp. palustris,Bog Yellowcress,Neutral
Vascular Plant,Sibara virginica,"Sibara, Virginia Rockcress",Neutral
Vascular Plant,Sisymbrium officinale,"Hairy-Pod Hedgemustard, Hedge-Mustard",Neutral
Vascular Plant,Thlaspi arvense,Field Pennycress,Neutral
Vascular Plant,Thlaspi perfoliatum,"Perfoliate Penny-Cress, Pennycress",Neutral
Vascular Plant,Cleome hassleriana,Spider Flower,Neutral
Vascular Plant,Buxus sempervirens,"Boxwood, Common Boxwood",Neutral
Vascular Plant,Pachysandra procumbens,American Pachysandra,Neutral
Vascular Plant,Pachysandra terminalis,Pachysandra,Neutral
Vascular Plant,Amaranthus albus,"White Pigweed, White Amaranthus",Neutral
Vascular Plant,Amaranthus hybridus,"Amaranthus, Smooth Amaranth",Neutral
Vascular Plant,Amaranthus retroflexus,"Red-Root Amaranth, Green Amaranthus",Neutral
Vascular Plant,Amaranthus spinosus,"Spiny Amaranth, Spiny Amaranthus",Neutral
Vascular Plant,Chenopodium album var. missouriense,Missouri Lambsquarters,Neutral
Vascular Plant,Chenopodium ambrosioides,"Wormseed Goosefoot, Fragrant Goosefoot",Neutral
Vascular Plant,Chenopodium murale,"Pigweed, Nettle-Leaf Goosefoot",Neutral
Vascular Plant,Opuntia humifusa,Pricklypear,Neutral
Vascular Plant,Agrostemma githago,"Corncockle, Common Corncockle",Neutral
Vascular Plant,Arenaria serpyllifolia,"Thyme-Leaved Sandwort, Thyme-Leaf Sandwort",Neutral
Vascular Plant,Cerastium brachypetalum,"Short-Petalled Chickweed, Short-Petal Chickweed",Neutral
Vascular Plant,Cerastium fontanum ssp. vulgare,Common Mouse-Ear Chickweed,Neutral
Vascular Plant,Cerastium glomeratum,"Sticky Mouse-Ear Chickweed, Mouse-Ear Chickweed",Neutral
Vascular Plant,Cerastium nutans var. nutans,Nodding Chickweed,Neutral
Vascular Plant,Dianthus armeria,"Deptford Pink, Deptford-Pink",Neutral
Vascular Plant,Dianthus barbatus,"Sweet William, Sweet-William",Neutral
Vascular Plant,Holosteum umbellatum,Jagged Chickweed,Neutral
Vascular Plant,Lychnis coronaria,Rose Campion,Neutral
Vascular Plant,Paronychia argyrocoma,Silvery Nailwort,Neutral
Vascular Plant,Paronychia canadensis,"Forked Chickweed, Forked Nail-Wort",Neutral
Vascular Plant,Paronychia fastigiata,"Forked Chickweed, Cluster-Stemmed Nail-Wort",Neutral
Vascular Plant,Sagina decumbens,"Pearlwort, Small-Flowered Pearlwort",Neutral
Vascular Plant,Saponaria officinalis,"Soapwort, Bouncing-Bet",Neutral
Vascular Plant,Scleranthus annuus,German Knotgrass,Neutral
Vascular Plant,Silene antirrhina,Sleepy Catchfly,Neutral
Vascular Plant,Silene armeria,Sweet William Silene,Neutral
Vascular Plant,Silene dichotoma,Dichotoma Silene,Neutral
Vascular Plant,Silene latifolia ssp. alba,Bladder Campion,Neutral
Vascular Plant,Silene noctiflora,Nightflowering Silene,Neutral
Vascular Plant,Silene ovata,"Rough-Leaved Campion, Mountain Catchfly",Species of Concern
Vascular Plant,Silene rotundifolia,"Round-Leaved Campion, Roundleaf Catchfly",Neutral
Vascular Plant,Silene stellata,"Starry Campion, Starry Catchfly",Neutral
Vascular Plant,Silene virginica,Fire Pink,Neutral
Vascular Plant,Silene vulgaris,Bladder Campion,Neutral
Vascular Plant,Stellaria alsine,"Chickweed, Trailing Stitchwort",Neutral
Vascular Plant,Stellaria corei,"Core's Starwort, Tennessee Starwort",Neutral
Vascular Plant,Stellaria graminea,"Grasslike Starwort, Little Starwort",Neutral
Vascular Plant,Stellaria longifolia,"Long-Leaved Stitchwort, Longleaf Stitchwort",Neutral
Vascular Plant,Stellaria media,"Common Chickweed, Common Starwort",Neutral
Vascular Plant,Stellaria pubera,"Star Chickweed, Giant Chickweed",Neutral
Vascular Plant,Drosera rotundifolia,"Roundleaf Sundew, Sundew",Neutral
Vascular Plant,Mollugo verticillata,"Green Carpet-Weed, Carpet-Weed",Neutral
Vascular Plant,Claytonia caroliniana,"Spring-Beauty, Carolina Spring-Beauty",Neutral
Vascular Plant,Claytonia virginica,"Narrow-Leaved Spring-Beauty, Narrow-Leaved Spring Beauty",Neutral
Vascular Plant,Claytonia virginica var. acutiflora,Virginia Springbeauty,Neutral
Vascular Plant,Mirabilis jalapa,"Common Four-O'Clock, Four-O?Clock",Neutral
Vascular Plant,Phytolacca americana,"Pokeweed, Common Pokeweed",Neutral
Vascular Plant,Fagopyrum esculentum,"Buckwheat, Fagopyrum",Neutral
Vascular Plant,Fagopyrum vulgare,Buckwheat,Neutral
Vascular Plant,Polygonum amphibium var. emersum,Knotweed,Neutral
Vascular Plant,Polygonum aviculare,Bird Knotweed,Neutral
Vascular Plant,Polygonum caespitosum,"Bunchy Knotweed, Oriental Lady's Thumb, Oriental Ladysthumb, Bristled Knotweed",Neutral
Vascular Plant,Polygonum caespitosum var. longisetum,"Oriental Lady's Thumb, Oriental Ladysthumb",Neutral
Vascular Plant,Polygonum cespitosum,"Oriental Lady's Thumb, Oriental Ladysthumb",Neutral
Vascular Plant,Polygonum cilinode,"Fringed Black Bindweed, Fringed Climbing Buckwheat",Neutral
Vascular Plant,Polygonum coccineum,Longroot Smartweed,Neutral
Vascular Plant,Polygonum convolvulus,Black Bindweed,Neutral
Vascular Plant,Polygonum cuspidatum,Japanese Knotweed,Neutral
Vascular Plant,Polygonum erectum,"Knotweed, Erect Knotweed",Neutral
Vascular Plant,Polygonum hydropiper,"Annual Smartweed, Marshpepper Knotweed, Mild Water-Pepper",Neutral
Vascular Plant,Polygonum hydropiperoides,"A Smartweed, Swamp Smartweed",Neutral
Vascular Plant,Polygonum lapathifolium,"Dock-Leaf Smartweed, Smartweed",Neutral
Vascular Plant,Polygonum orientale,"Prince's Feather, Kiss-Me-Over-The-Garden-Gate",Neutral
Vascular Plant,Polygonum pensylvanicum,Pennsylvania Smartweed,Neutral
Vascular Plant,Polygonum persicaria,"Lady's Thumb, Ladys Thumb",Neutral
Vascular Plant,Polygonum punctatum,"Dotted Smartweed, Punctate Smartweed",Neutral
Vascular Plant,Polygonum sagittatum,"Tearthumb, Arrow-Leaved Tearthumb",Neutral
Vascular Plant,Polygonum scandens var. cristatum,Climbing False Buckwheat,Neutral
Vascular Plant,Polygonum setaceum,"Swamp Smartweed, Smartweed",Neutral
Vascular Plant,Polygonum virginianum,Virginia Knotweed,Neutral
Vascular Plant,Rumex acetosella,"Sheep Sorrel, Sheep Sorrell",Neutral
Vascular Plant,Rumex crispus,"Curly Dock, Curled Dock",Neutral
Vascular Plant,Rumex obtusifolius,Bitter Dock,Neutral
Vascular Plant,Rumex patientia,Patience Dock,Neutral
Vascular Plant,Portulaca oleracea,Common Purslane,Neutral
Vascular Plant,Celastrus orbiculatus,Oriental Bittersweet,Neutral
Vascular Plant,Celastrus scandens,Climbing Bittersweet,Neutral
Vascular Plant,Euonymus alatus,"Winged Euonymus, Winged Spindle-Tree",Neutral
Vascular Plant,Euonymus americana,"Strawberrybush, Strawberry Bush",Neutral
Vascular Plant,Euonymus atropurpurea,"Wahoo, Eastern Wahoo",Neutral
Vascular Plant,Euonymus atropurpureus,Wahoo,Neutral
Vascular Plant,Euonymus fortunei,"Winter-Creeper, Climbing Euonymus",Neutral
Vascular Plant,Euonymus obovata,Running Strawberry Bush,Neutral
Vascular Plant,Parnassia asarifolia,"Kidneyleaf Grass-Of-Parnassus, Grass-Of-Parnassus",Neutral
Vascular Plant,Parnassia glauca,"Fen Grass-Of-Parnassus, Fen Grass Of Parnassus",Neutral
Vascular Plant,Parnassia grandifolia,"Largeleaf Grass Of Parnassus, Large-Leaved Grass-Of-Parnassus",Species of Concern
Vascular Plant,Commelina communis,"Asiatic Dayflower, Common Dayflower",Neutral
Vascular Plant,Commelina diffusa,Dayflower,Neutral
Vascular Plant,Commelina erecta,"Slender Dayflower, Erect Dayflower",Neutral
Vascular Plant,Commelina virginica,"Virginia Day-Flower, Virginia Dayflower",Neutral
Vascular Plant,Murdannia keisak,Aneilema,Neutral
Vascular Plant,Tradescantia ohiensis,Ohio Spiderwort,Neutral
Vascular Plant,Tradescantia subaspera,Zigzag Spiderwort,Neutral
Vascular Plant,Tradescantia subaspera var. montana,Mountain Spiderwort,Neutral
Vascular Plant,Tradescantia subaspera var. subaspera,Spiderwort,Neutral
Vascular Plant,Tradescantia virginiana,Virginia Spiderwort,Neutral
Vascular Plant,Pontederia cordata,Pickerelweed,Neutral
Vascular Plant,Cornus alternifolia,"Alternate-Leaf Dogwood, Alternate-Leaved Dogwood",Neutral
Vascular Plant,Cornus amomum,Silky Dogwood,Neutral
Vascular Plant,Cornus florida,Flowering Dogwood,Neutral
Vascular Plant,Cornus foemina,"Stiff Dogwood, Swamp Dogwood",Neutral
Vascular Plant,Decumaria barbara,Climbing Hydrangea,Neutral
Vascular Plant,Hydrangea arborescens,Wild Hydrangea,Neutral
Vascular Plant,Hydrangea cinerea,Gray-Leaf Hydrangea,Neutral
Vascular Plant,Hydrangea paniculata,"Panicle Hydrangea, Hydrangea",Neutral
Vascular Plant,Hydrangea radiata,"Snowy Hydrangea, White-Leaf Hydrangea",Neutral
Vascular Plant,Philadelphus hirsutus,Small-Flowered Hairy Mock-Orange,Neutral
Vascular Plant,Philadelphus inodorus,Scentless Mockorange,Neutral
Vascular Plant,Philadelphus inodorus var. grandiflorus,Large-Flowered Hairy Mock-Orange,Neutral
Vascular Plant,Philadelphus inodorus var. strigosus,Mock-Orange,Neutral
Vascular Plant,Philadelphus pubescens var. pubescens,Hoary Mockorange,Neutral
Vascular Plant,Philadelphus sharpianus,Sharp's Mock-Orange,Neutral
Vascular Plant,Nyssa sylvatica,"Black Tupelo, Black Gum",Neutral
Vascular Plant,Staphylea trifolia,"Bladdernut, American Bladdernut",Neutral
Vascular Plant,Cucumis melo,Canteloupe,Neutral
Vascular Plant,Cucurbita pepo,Field Pumpkin,Neutral
Vascular Plant,Melothria pendula,"Creeping Cucumber, Melonette",Neutral
Vascular Plant,Sicyos angulatus,Bur Cucumber,Neutral
Vascular Plant,Dioscorea oppositifolia,Chinese Yam,Neutral
Vascular Plant,Dioscorea quaternata,Wild Yam,Neutral
Vascular Plant,Dioscorea villosa,Wild Yam,Neutral
Vascular Plant,Aletris farinosa,"White-Tubed Colicroot, Colic Root",Neutral
Vascular Plant,Sambucus canadensis,"American Elder, Common Elderberry",Neutral
Vascular Plant,Sambucus nigra ssp. canadensis,"Mexican Elderberry, American Black Elderberry, Elderberry, Blue Elder, Common Elderberry, Elder",Neutral
Vascular Plant,Sambucus racemosa,"European Red Elder, Scarlet Elderberry, Red Elderberry",Neutral
Vascular Plant,Sambucus racemosa var. pubens,Red-Berried Elder,Neutral
Vascular Plant,Sambucus racemosa var. racemosa,"Bunchberry Elder, Red Elderberry",Neutral
Vascular Plant,Viburnum acerifolium,"Maple-Leaf Viburnum, Maple-Leaved Viburnum",Neutral
Vascular Plant,Viburnum dentatum,"Southern Arrow-Wood, Arrow-Wood",Neutral
Vascular Plant,Viburnum lantana,"Wayfaring-Tree, Way-Faring Tree",Neutral
Vascular Plant,Viburnum lantanoides,"Witchhobble, Hobblebush",Neutral
Vascular Plant,Viburnum lentago,"Nannyberry, Nanny-Berry",Neutral
Vascular Plant,Viburnum nudum var. cassinoides,"Northern Wild-Raisin, Wild Raisin",Neutral
Vascular Plant,Viburnum opulus,"Guelder-Rose Viburnum, Highbush Cranberry",Neutral
Vascular Plant,Viburnum plicatum,Chinese Viburnum,Neutral
Vascular Plant,Viburnum prunifolium,"Smooth Blackhaw, Smooth Black-Haw",Neutral
Vascular Plant,Viburnum rafinesquianum,"Downy Arrow-Wood, Downy Arrowwood",Neutral
Vascular Plant,Viburnum recognitum,"Southern Arrowwood, Northern Arrow-Wood",Neutral
Vascular Plant,Viburnum rufidulum,Rusty Blackhaw,Neutral
Vascular Plant,Lonicera canadensis,"Canadian Honeysuckle, American Fly-Honeysuckle",Neutral
Vascular Plant,Lonicera flava,Yellow Honeysuckle,Neutral
Vascular Plant,Lonicera fragrantissima,Fragrant Honeysuckle,Neutral
Vascular Plant,Lonicera japonica,Japanese Honeysuckle,Neutral
Vascular Plant,Lonicera korolkowii,Small-Leaved Honeysuckle,Neutral
Vascular Plant,Lonicera maackii,Amur Honeysuckle,Neutral
Vascular Plant,Lonicera morrowii,"Morrow's Honeysuckle, Morrow Honeysuckle",Neutral
Vascular Plant,Lonicera sempervirens,Trumpet Honeysuckle,Neutral
Vascular Plant,Lonicera standishii,Standish's Honeysuckle,Neutral
Vascular Plant,Lonicera tatarica,"Bush Honeysuckle, Tatarian Honeysuckle",Neutral
Vascular Plant,Symphoricarpos orbiculatus,"Coralberry, Coral-Berry",Neutral
Vascular Plant,Triosteum angustifolium,Yellowfruit Horsegentian,Neutral
Vascular Plant,Triosteum aurantiacum,"Coffee Tinker's-Weed, Horse-Gentian",Neutral
Vascular Plant,Triosteum perfoliatum,Feverwort,Neutral
Vascular Plant,Diervilla lonicera,Northern Bush-Honey-Suckle,Neutral
Vascular Plant,Diervilla sessilifolia,"Southern Bush-Honeysuckle, Sessile-Leaved Bush-Honey-Suckle",Neutral
Vascular Plant,Weigela florida,Weigela,Neutral
Vascular Plant,Dipsacus fullonum,Teasel,Neutral
Vascular Plant,Linnaea borealis,Twinflower,Neutral
Vascular Plant,Valerianella locusta,Lewiston Cornsalad,Neutral
Vascular Plant,Valerianella radiata,"Corn Salad, Beaked Corn-Salad",Neutral
Vascular Plant,Valerianella umbilicata,"Corn Salad, Navel-Shape Corn-Salad",Neutral
Vascular Plant,Equisetum arvense,Field Horsetail,Neutral
Vascular Plant,Equisetum hyemale var. affine,Scouringrush Horsetail,Neutral
Vascular Plant,Impatiens capensis,"Spotted Jewel-Weed, Orange Jewelweed, Touch-Me-Not",Neutral
Vascular Plant,Impatiens pallida,"Touch Me-Not, Pale Jewel-Weed, Pale Jewelweed",Neutral
Vascular Plant,Clethra acuminata,Mountain Pepper-Bush,Neutral
Vascular Plant,Galax urceolata,Galax,Neutral
Vascular Plant,Shortia galacifolia,Oconee Bells,Species of Concern
Vascular Plant,Diospyros virginiana,Persimmon,Neutral
Vascular Plant,Chimaphila maculata,"Striped Pipsissewa, Spotted Wintergreen",Neutral
Vascular Plant,Epigaea repens,Trailing Arbutus,Neutral
Vascular Plant,Gaultheria procumbens,"Teaberry, Wintergreen",Neutral
Vascular Plant,Gaylussacia baccata,Black Huckleberry,Neutral
Vascular Plant,Gaylussacia ursina,Bear Huckleberry,Neutral
Vascular Plant,Kalmia latifolia,Mountain Laurel,Neutral
Vascular Plant,Leiophyllum buxifolium,Sand Myrtle,Neutral
Vascular Plant,Leucothoe fontanesiana,"Highland Dog-Hobble, Dog-Hobble",Neutral
Vascular Plant,Leucothoe recurva,"Deciduous Leucothoe, Recurved Dog-Hobble",Neutral
Vascular Plant,Lyonia ligustrina,Maleberry,Neutral
Vascular Plant,Menziesia pilosa,Minniebush,Neutral
Vascular Plant,Monotropa hypopithys,"Pine-Sap, American Pinesap",Neutral
Vascular Plant,Monotropa uniflora,"Indian Pipe, Indian-Pipe",Species of Concern
Vascular Plant,Monotropsis odorata,"Sweet Pinesap, Sweet Pine-Sap",Species of Concern
Vascular Plant,Oxydendrum arboreum,Sourwood,Neutral
Vascular Plant,Pieris floribunda,"Mountain Fetter-Bush, Mountain Pieris",Neutral
Vascular Plant,Rhododendron,"Azaleas, Rhododendron",Neutral
Vascular Plant,Rhododendron arborescens,"Sweet Azalea, Smooth Azalea",Neutral
Vascular Plant,Rhododendron calendulaceum,Flame Azalea,Neutral
Vascular Plant,Rhododendron canescens,Mountain Azalea,Neutral
Vascular Plant,Rhododendron carolinianum,Carolina Azalea,Neutral
Vascular Plant,Rhododendron catawbiense,Catawba Rhododendron,Neutral
Vascular Plant,Rhododendron cumberlandense,Cumberland Rhododendron,Neutral
Vascular Plant,Rhododendron maximum,"Rosebay Rhododendron, Great Laurel",Neutral
Vascular Plant,Rhododendron minus,"Carolina Rhododendron, Small-Leaved Rhododendron",Neutral
Vascular Plant,Rhododendron periclymenoides,"Pink Azalea, Pinxter-Bush",Neutral
Vascular Plant,Rhododendron prinophyllum,Pink Azalea,Neutral
Vascular Plant,Rhododendron vaseyi,Pink-Shell Azalea,Neutral
Vascular Plant,Rhododendron viscosum,"Clammy Azalea, Swamp Azalea",Neutral
Vascular Plant,Rhododendron X bakeri,Cumberland Azalea,Neutral
Vascular Plant,Vaccinium angustifolium,"Late Lowbush Blueberry, Lowbush Blueberry",Neutral
Vascular Plant,Vaccinium arboreum,"Sparkleberry, Farkleberry",Neutral
Vascular Plant,Vaccinium corymbosum,Tall Woodland Blueberry,Neutral
Vascular Plant,Vaccinium erythrocarpum,"Southern Mountain Cranberry, Mountain Cranberry-Bush",Neutral
Vascular Plant,Vaccinium fuscatum,Black Highbush Blueberry,Neutral
Vascular Plant,Vaccinium hirsutum,Hairy Blueberry,Species of Concern
Vascular Plant,Vaccinium macrocarpon,Cranberry,Neutral
Vascular Plant,Vaccinium myrtilloides,"Sour-Top Blueberry, Velvetleaf Blueberry, Velvetleaf Huckleberry",Neutral
Vascular Plant,Vaccinium pallidum,"Early Lowbush Blueberry, Pale Lowbush Blueberry",Neutral
Vascular Plant,Vaccinium stamineum,Deerberry,Neutral
Vascular Plant,Phlox amoena,"Hairy Phlox, Narrow-Leaved Phlox",Neutral
Vascular Plant,Phlox amplifolia,"Broad-Leaved Phlox, Large-Leaved Phlox",Neutral
Vascular Plant,Phlox carolina ssp. alta,Thickleaf Phlox,Neutral
Vascular Plant,Phlox divaricata,"Blue Phlox, Wild Blue Phlox",Neutral
Vascular Plant,Phlox drummondii,Drummond Phlox,Neutral
Vascular Plant,Phlox glaberrima ssp. triflora,Smooth Phlox,Neutral
Vascular Plant,Phlox latifolia,"Mountain Phlox, Wideflower Phlox",Neutral
Vascular Plant,Phlox maculata ssp. pyramidalis,Wild Sweetwilliam,Neutral
Vascular Plant,Phlox ovata,Mountain Phlox,Neutral
Vascular Plant,Phlox paniculata,Summer Phlox,Neutral
Vascular Plant,Phlox stolonifera,Creeping Phlox,Neutral
Vascular Plant,Phlox subulata,Moss Phlox,Neutral
Vascular Plant,Polemonium reptans,"Greek Valerian, Jacob's Ladder",Neutral
Vascular Plant,Anagallis arvensis,Scarlet Pimpernel,Neutral
Vascular Plant,Anagallis minima,Chaffweed,Neutral
Vascular Plant,Dodecatheon meadia,"Shootingstar, Blazing Star",Neutral
Vascular Plant,Lysimachia ciliata,"Ciliate Loosestrife, Fringed Loosestrife",Neutral
Vascular Plant,Lysimachia fraseri,Fraser's Loosestrife,Species of Concern
Vascular Plant,Lysimachia hybrida,"Lance-Leaf Loosestrife, Intermediate Loosestrife",Neutral
Vascular Plant,Lysimachia lanceolata,"Lance-Leaf Loosestrife, Narrow-Leaved Loosestrife",Neutral
Vascular Plant,Lysimachia nummularia,"Moneywort, Creeping Jennie",Neutral
Vascular Plant,Lysimachia quadrifolia,Whorled Loosestrife,Neutral
Vascular Plant,Lysimachia terrestris,Earth Loosestrife,Neutral
Vascular Plant,Lysimachia tonsa,"Southern Loosestrife, Smooth Loosestrife",Neutral
Vascular Plant,Samolus valerandi ssp. parviflorus,Samolus,Neutral
Vascular Plant,Trientalis borealis,Star-Flower,Neutral
Vascular Plant,Sarracenia purpurea,Purple Pitcherplant,Neutral
Vascular Plant,Halesia tetraptera var. monticola,Silverbell,Neutral
Vascular Plant,Styrax grandifolius,Bigleaf Snowbell,Neutral
Vascular Plant,Symplocos tinctoria,"Sweetleaf, Horse-Sugar",Neutral
Vascular Plant,Stewartia ovata,"Mountain Stewartia, Mountain Camellia",Neutral
Vascular Plant,Albizia julibrissin,"Silk Tree, Mimosa",Neutral
Vascular Plant,Amorpha fruticosa,"False Indigo-Bush, False Indigo",Neutral
Vascular Plant,Amorpha georgiana,Georgia Leadplant,Neutral
Vascular Plant,Amorpha glabra,"Smooth False Indigo, Smooth Indigobush",Neutral
Vascular Plant,Amphicarpaea bracteata,"American Hog-Peanut, Hog-Peanut",Neutral
Vascular Plant,Apios americana,"American Groundnut, Ground-Nut",Neutral
Vascular Plant,Astragalus canadensis,Milk Vetch,Neutral
Vascular Plant,Baptisia tinctoria,"Wild Indigo, Yellow Wild-Indigo",Neutral
Vascular Plant,Centrosema virginianum,"Coastal Butterfly-Pea, Butterfly-Pea",Neutral
Vascular Plant,Cercis canadensis,"Eastern Redbud, Redbud",Neutral
Vascular Plant,Chamaecrista fasciculata,"Prairie Senna, Partridge-Pea",Neutral
Vascular Plant,Chamaecrista fasciculata var. fasciculata,"Partridge Pea, Sleepingplant",Neutral
Vascular Plant,Chamaecrista nictitans ssp. nictitans var. nictitans,Partridge Pea,Neutral
Vascular Plant,Cladrastis kentukea,Yellowwood,Neutral
Vascular Plant,Clitoria mariana,"Butterfly-Pea, Maryland Butterfly-Pea",Neutral
Vascular Plant,Coronilla varia,"Common Crown-Vetch, Crown-Vetch",Neutral
Vascular Plant,Crotalaria purshii,"Pursh's Rattlebox, Rattlebox",Neutral
Vascular Plant,Crotalaria sagittalis,Arrowhead Rattlebox,Neutral
Vascular Plant,Cytisus scoparius,"Scotch Broom, Scotch-Broom",Neutral
Vascular Plant,Desmanthus illinoensis,Prairie Bundleflower,Neutral
Vascular Plant,Desmodium canescens,"Hoary Tick-Treefoil, Tick-Trefoil",Neutral
Vascular Plant,Desmodium ciliare,"Hairy Small-Leaved Tick-Treefoil, Small-Leaved Tick-Trefoil",Neutral
Vascular Plant,Desmodium cuspidatum,"Tick-Trefoil, Toothed Tick-Treefoil",Neutral
Vascular Plant,Desmodium glabellum,"Tick-Trefoil, Dillen Tick-Trefoil",Neutral
Vascular Plant,Desmodium glutinosum,"Large Tick-Trefoil, Whorled Tick-Trefoil",Neutral
Vascular Plant,Desmodium laevigatum,"Smooth Tick-Treefoil, Smooth Tick-Trefoil",Neutral
Vascular Plant,Desmodium marilandicum,"Narrow Tick-Trefoil, Maryland Tick-Treefoil",Neutral
Vascular Plant,Desmodium nudiflorum,"Naked-Flowered Tick-Trefoil, Bare-Stemmed Tick-Treefoil",Neutral
Vascular Plant,Desmodium nuttallii,"Nuttall's Tick-Trefoil, Nuttall Tick-Trefoil",Neutral
Vascular Plant,Desmodium ochroleucum,Cream Ticktrefoil,Neutral
Vascular Plant,Desmodium paniculatum var. paniculatum,Panicledleaf Ticktrefoil,Neutral
Vascular Plant,Desmodium pauciflorum,"Fewflower Tick-Trefoil, Leafy Tick-Trefoil",Neutral
Vascular Plant,Desmodium perplexum,"Tick-Trefoil, Perplexed Tick-Trefoil",Neutral
Vascular Plant,Desmodium rotundifolium,"Prostrate Tick-Treefoil, Prostrate Tick-Trefoil",Neutral
Vascular Plant,Desmodium viridiflorum,"Tick-Trefoil, Velvety Tick-Treefoil",Neutral
Vascular Plant,Galactia regularis,"Milk Pea, Eastern Milk-Pea",Neutral
Vascular Plant,Galactia volubilis,Downy Milkpea,Neutral
Vascular Plant,Gleditsia triacanthos,"Honeylocust, Honey-Locust",Neutral
Vascular Plant,Gymnocladus dioicus,Kentucky Coffee-Tree,Neutral
Vascular Plant,Kummerowia stipulacea,Korean Bush-Clover,Neutral
Vascular Plant,Kummerowia striata,Japanese Bush-Clover,Neutral
Vascular Plant,Laburnum anagyroides,Laburnum,Neutral
Vascular Plant,Lathyrus latifolius,"Broad-Leaf Peavine, Everlasting Pea",Neutral
Vascular Plant,Lathyrus venosus var. intonsus,Veiny Pea,Neutral
Vascular Plant,Lespedeza bicolor,"Japanese Lespedeza, Shrubby Bushclover",Neutral
Vascular Plant,Lespedeza capitata,"Round-Head Bush-Clover, Round-Headed Bush Clover",Neutral
Vascular Plant,Lespedeza cuneata,"Chinese Bushclover, Cuneate Bush-Clover",Neutral
Vascular Plant,Lespedeza frutescens,Shrubby Lespedeza,Neutral
Vascular Plant,Lespedeza hirta,Hairy Bush-Clover,Neutral
Vascular Plant,Lespedeza intermedia,"Wand Bush-Clover, Wandlike Bush-Clover",Neutral
Vascular Plant,Lespedeza procumbens,"Trailing Bush-Clover, Low Bush-Clover",Neutral
Vascular Plant,Lespedeza repens,"Trailing Bush-Clover, Creeping Bush-Clover",Neutral
Vascular Plant,Lespedeza stuevei,Tall Lespedeza,Neutral
Vascular Plant,Lespedeza violacea,Violet Bush-Clover,Neutral
Vascular Plant,Lespedeza virginica,Slender Bush-Clover,Neutral
Vascular Plant,Lespedeza X nuttallii,Hybrid Bush-Clover,Neutral
Vascular Plant,Lotus corniculatus,"Lotus, Birdsfoot Trefoil",Neutral
Vascular Plant,Medicago lupulina,"Black Medick, Black Medic",Neutral
Vascular Plant,Medicago sativa,Alfalfa,Neutral
Vascular Plant,Melilotus albus,White Sweet-Clover,Neutral
Vascular Plant,Melilotus officinalis,Yellow Sweet-Clover,Neutral
Vascular Plant,Mimosa microphylla,"Littleleaf Sensitive-Briar, Sensitive Brier",Neutral
Vascular Plant,Mimosa quadrivalvis var. angustata,"Little-Leaf Sensitive-Briars, Sesitive-Brier, Catclaw",Neutral
Vascular Plant,Orbexilum onobrychis,Tall Psoralea,Neutral
Vascular Plant,Orbexilum pedunculatum,Sampson's Snakeroot,Neutral
Vascular Plant,Orbexilum pedunculatum var. pedunculatum,Sampson's Snakeroot,Neutral
Vascular Plant,Orbexilum pedunculatum var. psoralioides,Sampson's Snakeroot,Neutral
Vascular Plant,Phaseolus polystachios,Wild Bean,Neutral
Vascular Plant,Pueraria montana var. lobata,Kudzu,Neutral
Vascular Plant,Rhynchosia tomentosa,"Hairy Snoutbean, Hairy Rhynchosia",Neutral
Vascular Plant,Robinia hispida var. hispida,Bristly Locust,Neutral
Vascular Plant,Robinia hispida var. kelseyi,Kelsey's Locust,Neutral
Vascular Plant,Robinia hispida var. rosea,Boynton's Locust,Neutral
Vascular Plant,Robinia pseudoacacia,Black Locust,Neutral
Vascular Plant,Robinia viscosa,Clammy Locust,Neutral
Vascular Plant,Robinia viscosa var. hartwegii,Hartweg's Locust,Neutral
Vascular Plant,Senna hebecarpa,"Tall Partridge-Pea, Wild Senna",Neutral
Vascular Plant,Senna marilandica,"Wild Senna, Maryland Senna",Neutral
Vascular Plant,Senna obtusifolia,"Sicklepod, Java-Bean",Neutral
Vascular Plant,Strophostyles helvula,Trailing Fuzzybean,Neutral
Vascular Plant,Strophostyles umbellata,"Pink Wild-Bean, Wild-Bean",Neutral
Vascular Plant,Stylosanthes biflora,"Pencilflower, Pencil Flower",Neutral
Vascular Plant,Tephrosia spicata,"Spike Goat's Rue, Spiked Hoary-Pea",Neutral
Vascular Plant,Tephrosia virginiana,"Goat's-Rue, Goat's Rue",Neutral
Vascular Plant,Thermopsis fraxinifolia,Bush-Pea,Neutral
Vascular Plant,Thermopsis mollis var. mollis,Softbush-Pea,Neutral
Vascular Plant,Thermopsis villosa,"Hairy False-Lupine, Hairy Bush-Pea",Neutral
Vascular Plant,Trifolium arvense,Rabbitfoot Clover,Neutral
Vascular Plant,Trifolium aureum,Yellow Or Hop-Clover,Neutral
Vascular Plant,Trifolium campestre,"Low Hop-Clover, Low Hop Clover",Neutral
Vascular Plant,Trifolium dubium,"Smaller Hop-Clover, Suckling Clover",Neutral
Vascular Plant,Trifolium hybridum,Alsike Clover,Neutral
Vascular Plant,Trifolium incarnatum,Crimson Clover,Neutral
Vascular Plant,Trifolium pratense,Red Clover,Neutral
Vascular Plant,Trifolium repens,White Clover,Neutral
Vascular Plant,Vicia caroliniana,"Carolina Wood Vetch, Carolina Vetch",Neutral
Vascular Plant,Vicia cracca ssp. cracca,Bird Vetch,Neutral
Vascular Plant,Vicia sativa ssp. nigra,Common Vetch,Neutral
Vascular Plant,Vicia villosa ssp. varia,Winter Vetch,Neutral
Vascular Plant,Vicia villosa ssp. villosa,Hairy Vetch,Neutral
Vascular Plant,Wisteria floribunda,Japanese Wisteria,Neutral
Vascular Plant,Wisteria frutescens,"American Wisteria, Wisteria",Neutral
Vascular Plant,Polygala ambigua,Whorled Milkwort,Neutral
Vascular Plant,Polygala cruciata,"Crossleaf Milkwort, Cross-Leaved Milkwort",Neutral
Vascular Plant,Polygala curtissii,"Curtiss? Milkwort, Curtiss Milkwort",Neutral
Vascular Plant,Polygala paucifolia,"Fringed Polygala, Gay-Wing Milkwort",Neutral
Vascular Plant,Polygala polygama,Racemed Milkwort,Neutral
Vascular Plant,Polygala sanguinea,Field Milkwort,Neutral
Vascular Plant,Polygala senega var. latifolia,Seneca Snakeroot,Neutral
Vascular Plant,Polygala verticillata var. verticillata,Whorled Milkwort,Neutral
Vascular Plant,Alnus serrulata,"Common Alder, Brook-Side Alder",Neutral
Vascular Plant,Betula alleghaniensis var. alleghaniensis,Yellow Birch,Neutral
Vascular Plant,Betula lenta,"Sweet Birch, Black Or Sweet Birch",Neutral
Vascular Plant,Betula nigra,River Birch,Neutral
Vascular Plant,Betula papyrifera var. cordifolia,Mountain Paper Birch,Neutral
Vascular Plant,Betula pendula,European Weeping Birch,Neutral
Vascular Plant,Carpinus caroliniana,"American Hornbeam, American Hornbean",Neutral
Vascular Plant,Corylus americana,"American Hazelnut, American Hazel",Neutral
Vascular Plant,Corylus cornuta,"Beaked Hazel, Beaked Hazelnut",Neutral
Vascular Plant,Ostrya,Hophornbeam,Neutral
Vascular Plant,Ostrya virginiana,"Hop-Hornbeam, Eastern Hop-Hornbeam",Neutral
Vascular Plant,Castanea dentata,American Chestnut,Neutral
Vascular Plant,Castanea mollissima,Chinese Chestnut,Neutral
Vascular Plant,Castanea pumila,Allegheny Chinkapin,Neutral
Vascular Plant,Fagus grandifolia,American Beech,Neutral
Vascular Plant,Quercus,Oak,Neutral
Vascular Plant,Quercus alba,White Oak,Neutral
Vascular Plant,Quercus bicolor,Swamp White Oak,Neutral
Vascular Plant,Quercus coccinea,Scarlet Oak,Neutral
Vascular Plant,Quercus falcata,"Southern Red Oak, Spanish Oak",Neutral
Vascular Plant,Quercus imbricaria,Shingle Oak,Neutral
Vascular Plant,Quercus marilandica,Blackjack Oak,Neutral
Vascular Plant,Quercus michauxii,Swamp Chestnut Oak,Neutral
Vascular Plant,Quercus muehlenbergii,"Chinkapin Oak, Yellow Oak",Neutral
Vascular Plant,Quercus palustris,Pin Oak,Neutral
Vascular Plant,Quercus phellos,Willow Oak,Neutral
Vascular Plant,Quercus prinus,Chestnut Oak,Neutral
Vascular Plant,Quercus rubra var. ambigua,Northern Red Oak,Neutral
Vascular Plant,Quercus shumardii,Shumard Oak,Neutral
Vascular Plant,Quercus stellata,Post Oak,Neutral
Vascular Plant,Quercus velutina,Black Oak,Neutral
Vascular Plant,Quercus X saulii,Saul's Oak,Neutral
Vascular Plant,Carya alba,Mockernut Hickory,Neutral
Vascular Plant,Carya carolinae-septentrionalis,Carolina Shagbark Hickory,Neutral
Vascular Plant,Carya cordiformis,"Bitter-Nut Hickory, Bitternut Hickory",Neutral
Vascular Plant,Carya glabra,"Pignut Hickory, Sweet Pignut Hickory",Neutral
Vascular Plant,Carya illinoinensis,Pecan,Neutral
Vascular Plant,Carya laciniosa,Shellbark Hickory,Neutral
Vascular Plant,Carya ovalis,"Sweet Pignut Hickory, Red Hickory",Neutral
Vascular Plant,Carya ovata,"Shag-Bark Hickory, Shagbark Hickory",Neutral
Vascular Plant,Carya pallida,"Sand Hickory, Pale Hickory",Neutral
Vascular Plant,Juglans cinerea,"White Walnut, Butternut",Species of Concern
Vascular Plant,Juglans mandshurica,Manchu Walnut,Neutral
Vascular Plant,Juglans nigra,Black Walnut,Neutral
Vascular Plant,Comptonia peregrina,Sweet Fern,Neutral
Vascular Plant,Amsonia tabernaemontana var. tabernaemontana,Eastern Bluestar,Neutral
Vascular Plant,Apocynum androsaemifolium,Spreading Dogbane,Neutral
Vascular Plant,Apocynum cannabinum,"Indianhemp, Clasping-Leaf Dogbane",Neutral
Vascular Plant,Asclepias amplexicaulis,"Clasping Milkweed, Blunt-Leaved Milkweed",Neutral
Vascular Plant,Asclepias exaltata,Poke Milkweed,Neutral
Vascular Plant,Asclepias incarnata ssp. incarnata,Swamp Milkweed,Neutral
Vascular Plant,Asclepias incarnata ssp. pulchra,Swamp Milkweed,Neutral
Vascular Plant,Asclepias quadrifolia,"Whorled Milkweed, Four-Leaved Milkweed",Neutral
Vascular Plant,Asclepias syriaca,"Common Milkweed, Kansas Milkweed",Neutral
Vascular Plant,Asclepias tuberosa,"Butterfly-Weed, Butterfly Milkweed",Neutral
Vascular Plant,Asclepias variegata,White Milkweed,Neutral
Vascular Plant,Asclepias verticillata,Whorled Milkweed,Neutral
Vascular Plant,Cynanchum laeve,Cynanchum,Neutral
Vascular Plant,Matelea gonocarpos,"Climbing Milkweed, Angular-Fruited Milkvine",Neutral
Vascular Plant,Matelea obliqua,Climbing Milkvine,Neutral
Vascular Plant,Vinca major,Large Periwinkle,Neutral
Vascular Plant,Vinca minor,Periwinkle,Neutral
Vascular Plant,Bartonia paniculata,Twining Screwstem,Neutral
Vascular Plant,Bartonia paniculata ssp. paniculata,Twining Screwstem,Neutral
Vascular Plant,Bartonia virginica,"Yellow Screwstem, Bartonia",Neutral
Vascular Plant,Frasera caroliniensis,American Columbo,Neutral
Vascular Plant,Gentiana clausa,Bottle Gentian,Neutral
Vascular Plant,Gentiana decora,"Showy Gentian, Mountain Gentian",Neutral
Vascular Plant,Gentiana linearis,"Linear-Leaved Gentian, Narrow-Leaved Gentian",Neutral
Vascular Plant,Gentiana saponaria,"Soapwort Gentian, Soap Gentian",Neutral
Vascular Plant,Gentiana villosa,"Striped Gentian, Hairy Gentian",Neutral
Vascular Plant,Gentianella quinquefolia ssp. quinquefolia,Stiff Gentian,Neutral
Vascular Plant,Obolaria virginica,"Virginia Pennywort, Pennywort",Neutral
Vascular Plant,Sabatia angularis,"Square-Stemmed Rose Pink, Rose-Pink",Neutral
Vascular Plant,Sabatia campanulata,"Slender Marsh Pink, Campanulate Sabatia",Neutral
Vascular Plant,Spigelia marilandica,"Indian Pink, Woodland Pinkroot",Neutral
Vascular Plant,Cephalanthus occidentalis,"Common Buttonbush, Buttonbush",Neutral
Vascular Plant,Cruciata pedemontana,"Narrow Bedstraw, Piedmont Bedstraw",Neutral
Vascular Plant,Diodia teres,Rough Buttonweed,Neutral
Vascular Plant,Diodia virginiana,"Virginia Buttonweed, Larger Button-Weed",Neutral
Vascular Plant,Galium aparine,"Cleavers, Catchweed Bedstraw",Neutral
Vascular Plant,Galium asprellum,Rough Bedstraw,Neutral
Vascular Plant,Galium circaezans,Wild Licorice,Neutral
Vascular Plant,Galium concinnum,Shining Bedstraw,Neutral
Vascular Plant,Galium lanceolatum,"Torrey's Wild Licorice, Yellow Wild Licorice",Neutral
Vascular Plant,Galium latifolium,"Purple Bedstraw, Broad-Leaved Bedstraw",Neutral
Vascular Plant,Galium obtusum,"Blunt-Leaved Bedstraw, Blunt-Leaf Bedstraw",Neutral
Vascular Plant,Galium pedemontana,Narrow Bedstraw,Neutral
Vascular Plant,Galium pilosum,Hairy Bedstraw,Neutral
Vascular Plant,Galium pilosum var. pilosum,Hairy Bedstraw,Neutral
Vascular Plant,Galium pilosum var. puncticulosum,Hairy Bedstraw,Neutral
Vascular Plant,Galium tinctorium,"Marsh Bedstraw, Stiff Marsh Bedstraw",Neutral
Vascular Plant,Galium triflorum,Fragrant Bedstraw,Neutral
Vascular Plant,Houstonia caerulea,"Quaker Ladies, Bluets, Innocence",Neutral
Vascular Plant,Houstonia longifolia,"Longleaf Bluet, Longleaf Summer Bluet",Neutral
Vascular Plant,Houstonia longifolia var. longifolia,Long-Leaved Bluets,Neutral
Vascular Plant,Houstonia longifolia var. tenuifolia,Narrow-Leaved Bluets,Neutral
Vascular Plant,Houstonia purpurea,"Purple Bluet, Woodland Bluets",Neutral
Vascular Plant,Houstonia purpurea var. calycosa,Venus' Pride,Neutral
Vascular Plant,Houstonia purpurea var. purpurea,Venus' Pride,Neutral
Vascular Plant,Houstonia serpyllifolia,"Thyme-Leaved Bluets, Michaux Bluet",Neutral
Vascular Plant,Mitchella repens,"Partridge-Berry, Partridgeberry",Neutral
Vascular Plant,Sherardia arvensis,"Silver Buffalo-Berry, Field Madder",Neutral
Vascular Plant,Erodium cicutarium,"Pin-Clover, Pin Clover",Neutral
Vascular Plant,Geranium carolinianum,"Carolina Cranesbill, Carolina Crane's-Bill",Neutral
Vascular Plant,Geranium columbinum,"Long-Stalk Crane's-Bill, Long-Stalked Cranesbill",Neutral
Vascular Plant,Geranium maculatum,"Wild Crane's-Bill, Wild Geranium",Neutral
Vascular Plant,Geranium molle,"Dovesfoot Cranesbill, Doves-Foot Crane's-Bill",Neutral
Vascular Plant,Geranium pusillum,Small Geranium,Neutral
Vascular Plant,Geranium sibiricum,"Siberian Cranesbill, Siberian Crane's-Bill",Neutral
Vascular Plant,Geranium thunbergii,Thunberg's Geranium,Neutral
Vascular Plant,Hymenophyllum tayloriae,Taylor's Filmy Fern,Neutral
Vascular Plant,Trichomanes boschianum,"Bristle-Fern, Appalachian Bristle Fern",Neutral
Vascular Plant,Trichomanes intricatum,Weft Fern,Neutral
Vascular Plant,Trichomanes petersii,"Dwarf Filmy-Fern, Dwarf Filmy Fern",Neutral
Vascular Plant,Isoetes engelmannii,"Engelmann's Quillwort, Appalachian Quillwort",Neutral
Vascular Plant,Isoetes macrospora,Lake Quillwort,Neutral
Vascular Plant,Isoetes valida,Strong Quillwort,Neutral
Vascular Plant,Justicia americana,"Water-Willow, Common Water-Willow",Neutral
Vascular Plant,Ruellia caroliniensis ssp. caroliniensis var. caroliniensis,Carolina Wild Petunia,Neutral
Vascular Plant,Ruellia caroliniensis ssp. ciliosa var. cinerascens,Carolina Wild Petunia,Neutral
Vascular Plant,Ruellia humilis,Hairy Wild-Petunia,Neutral
Vascular Plant,Ruellia strepens,Limestone Wild Petunia,Neutral
Vascular Plant,Bignonia capreolata,"Cross-Vine, Crossvine",Neutral
Vascular Plant,Campsis radicans,Trumpet-Creeper,Neutral
Vascular Plant,Catalpa bignonioides,Southern Catalpa,Neutral
Vascular Plant,Catalpa speciosa,Northern Catalpa,Neutral
Vascular Plant,Agastache nepetoides,"Hyssop, Giant Hyssop",Neutral
Vascular Plant,Agastache scrophulariifolia,"Giant Hyssop, Purple Giant Hyssop",Neutral
Vascular Plant,Ajuga reptans,"Carpet-Bugel, Bugleweed",Neutral
Vascular Plant,Blephilia hirsuta,"Hairy Woodmint, Woodmint",Neutral
Vascular Plant,Calamintha nepeta,Lesser Calamint,Neutral
Vascular Plant,Callicarpa americana,"Beauty-Berry, French Mulberry",Neutral
Vascular Plant,Clinopodium vulgare,Basil,Neutral
Vascular Plant,Collinsonia canadensis,"Canada Horse-Balm, Stoneroot",Neutral
Vascular Plant,Collinsonia verticillata,Whorled Horsebalm,Neutral
Vascular Plant,Cunila origanoides,"Dittany, Common Dittany",Neutral
Vascular Plant,Elsholtzia ciliata,Crested Latesummer Mint,Neutral
Vascular Plant,Galeopsis tetrahit,Brittlestem Hempnettle,Neutral
Vascular Plant,Glechoma hederacea,"Gill-Over-The-Ground, Ground Ivy",Neutral
Vascular Plant,Hedeoma pulegioides,American Pennyroyal,Neutral
Vascular Plant,Lamium amplexicaule,"Common Deadnettle, Henbit",Neutral
Vascular Plant,Lamium purpureum,"Purple Dead-Nettle, Purple Deadnettle",Neutral
Vascular Plant,Leonurus cardiaca,"Motherwort, Common Mother-Wort",Neutral
Vascular Plant,Lycopus americanus,American Bugleweed,Neutral
Vascular Plant,Lycopus rubellus,Taperleaf Waterhorehound,Neutral
Vascular Plant,Lycopus uniflorus,"Northern Bugleweed, Bugleweed",Neutral
Vascular Plant,Lycopus virginicus,"Virginia Water-Horehound, Virginia Bugleweed",Neutral
Vascular Plant,Lycopus X sherardii,Sherard's Waterhorehound,Neutral
Vascular Plant,Marrubium vulgare,Horehound,Neutral
Vascular Plant,Melissa officinalis,"Garden Balm, Common Balm",Neutral
Vascular Plant,Mentha arvensis,Corn Mint,Neutral
Vascular Plant,Mentha spicata,Spearmint,Neutral
Vascular Plant,Mentha suaveolens,"Apple Mint, Mint, Bigleaf Mint",Neutral
Vascular Plant,Mentha X gracilis,Mint,Neutral
Vascular Plant,Mentha X piperita,Peppermint,Neutral
Vascular Plant,Monarda clinopodia,"Basal Bee-Balm, Horse-Mint",Neutral
Vascular Plant,Monarda didyma,"Oswego Tea Bee-Balm, Bee-Balm",Neutral
Vascular Plant,Monarda fistulosa,Wild Bergamot Bee-Balm,Neutral
Vascular Plant,Monarda media,"Purple Bergamot, Purple Bee-Balm",Neutral
Vascular Plant,Monarda punctata,"Horsemint, Bee-Balm",Neutral
Vascular Plant,Nepeta cataria,Catnip,Neutral
Vascular Plant,Perilla frutescens,"Beef-Steak Plant, Beefsteak Plant",Neutral
Vascular Plant,Physostegia virginiana,"False Dragon-Head, False Dragonhead",Neutral
Vascular Plant,Physostegia virginiana ssp. praemorsa,Obedient Plant,Neutral
Vascular Plant,Physostegia virginiana ssp. virginiana,Obedient Plant,Neutral
Vascular Plant,Prunella vulgaris,"Heal-All, Self-Heal",Neutral
Vascular Plant,Pycnanthemum beadlei,Beadle's Mountainmint,Neutral
Vascular Plant,Pycnanthemum incanum,Hoary Mountainmint,Neutral
Vascular Plant,Pycnanthemum loomisii,Hoary Mountain-Mint,Neutral
Vascular Plant,Pycnanthemum montanum,"Mountain-Mint, Single-Haired Mountain-Mint",Neutral
Vascular Plant,Pycnanthemum muticum,"Blunt Mountainmint, Clustered Mountainmint",Neutral
Vascular Plant,Pycnanthemum pycnanthemoides,Southern Mountainmint,Neutral
Vascular Plant,Pycnanthemum tenuifolium,"Narrow-Leaved Mountain-Mint, Slender Mountain-Mint",Neutral
Vascular Plant,Pycnanthemum virginianum,Virginia Mountainmint,Neutral
Vascular Plant,Salvia lyrata,"Lyre-Leaf Sage, Lyre-Leaved Sage",Neutral
Vascular Plant,Salvia urticifolia,Nettleleaf Sage,Neutral
Vascular Plant,Scutellaria elliptica,Hairy Skullcap,Neutral
Vascular Plant,Scutellaria elliptica var. elliptica,Hairy Skullcap,Neutral
Vascular Plant,Scutellaria elliptica var. hirsuta,Hairy Skullcap,Neutral
Vascular Plant,Scutellaria incana,"Downy Skullcap, Hoary Skullcap",Neutral
Vascular Plant,Scutellaria incana var. incana,Hoary Skullcap,Neutral
Vascular Plant,Scutellaria incana var. punctata,Hoary Skullcap,Neutral
Vascular Plant,Scutellaria integrifolia,"Entire-Leaved Skullcap, Hyssop Skullcap",Neutral
Vascular Plant,Scutellaria lateriflora,"Mad-Dog Skullcap, Mad Dog Skullcap",Neutral
Vascular Plant,Scutellaria ovata,Heart-Leaved Skullcap,Neutral
Vascular Plant,Scutellaria saxatilis,Rock Skullcap,Neutral
Vascular Plant,Scutellaria serrata,Showy Skullcap,Neutral
Vascular Plant,Stachys clingmanii,"Clingman's Hedge-Nettle, Clingman Hedge-Nettle",Neutral
Vascular Plant,Stachys latidens,Broadtooth Hedgenettle,Neutral
Vascular Plant,Stachys nuttallii,Hairy Hedge-Nettle,Neutral
Vascular Plant,Stachys tenuifolia,"Smooth Hedge-Nettle, Slender Betony, Smooth Hedgenettle",Neutral
Vascular Plant,Stachys tenuifolia var. latidens,Rough Hedge-Nettle,Neutral
Vascular Plant,Synandra hispidula,"Gyandotte Beauty, Synandra",Neutral
Vascular Plant,Teucrium canadense var. canadense,"Canada Germander, American Germander",Neutral
Vascular Plant,Teucrium canadense var. virginicum,Wood-Sage,Neutral
Vascular Plant,Trichostema dichotomum,"Forked Bluecurls, Bluecurls",Neutral
Vascular Plant,Lindernia dubia,"Yellow-Seed False-Pimpernel, Moistbank Pimpernel",Neutral
Vascular Plant,Lindernia dubia var. anagallidea,False Pimpernel,Neutral
Vascular Plant,Lindernia dubia var. dubia,False Pimpernel,Neutral
Vascular Plant,Chionanthus virginicus,"Fringe-Tree, Fringe Tree",Neutral
Vascular Plant,Forsythia suspensa,"Forsythia, Weeping Forsythia",Neutral
Vascular Plant,Forsythia viridissima,"Forsythia, Green-Stem Forsythia",Neutral
Vascular Plant,Fraxinus americana,White Ash,Neutral
Vascular Plant,Fraxinus pennsylvanica,Green Ash,Neutral
Vascular Plant,Fraxinus profunda,Pumpkin Ash,Neutral
Vascular Plant,Fraxinus quadrangulata,Blue Ash,Neutral
Vascular Plant,Ligustrum sinense,Chinese Privet,Neutral
Vascular Plant,Ligustrum vulgare,"European Privet, Common Privet",Neutral
Vascular Plant,Syringa vulgaris,Common Lilac,Neutral
Vascular Plant,Agalinis purpurea,"Purple Gerardia, Large-Purple False-Foxglove",Neutral
Vascular Plant,Agalinis setacea,"Narrow-Leaved Gerardia, Thread-Leaved Gerardia",Neutral
Vascular Plant,Agalinis tenuifolia,"Slender Gerardia, Slender False-Foxglove",Neutral
Vascular Plant,Aureolaria flava,"Yellow False-Foxglove, Yellow Gerardia",Neutral
Vascular Plant,Aureolaria laevigata,"Smooth Gerardia, Downy Yellow Foxglove",Neutral
Vascular Plant,Aureolaria pectinata,"Cut-Leaved Gerardia, Comb-Leaf Oakleach",Neutral
Vascular Plant,Aureolaria pedicularia,Fernleaf Yellow False Foxglove,Neutral
Vascular Plant,Aureolaria virginica,Downy False-Foxglove,Neutral
Vascular Plant,Buchnera americana,American Bluehearts,Neutral
Vascular Plant,Castilleja coccinea,"Indian Paint-Brush, Scarlet Indian-Paintbrush",Neutral
Vascular Plant,Conopholis americana,"Squawroot, Squaw-Root",Neutral
Vascular Plant,Epifagus virginiana,Beechdrops,Neutral
Vascular Plant,Melampyrum lineare,Cow Wheat,Neutral
Vascular Plant,Orobanche uniflora,"Naked Broomrape, One-Flowered Cancer-Root",Neutral
Vascular Plant,Pedicularis canadensis,"Wood Betony, Early Wood Lousewort",Neutral
Vascular Plant,Pedicularis lanceolata,Swamp Lousewort,Neutral
Vascular Plant,Paulownia tomentosa,"Royal Paulownia, Princess Tree",Neutral
Vascular Plant,Mazus miquelii,Mazus,Neutral
Vascular Plant,Mazus pumilus,Mazus,Neutral
Vascular Plant,Mimulus alatus,"Winged Monkey Flower, Sharp-Wing Monkeyflower",Neutral
Vascular Plant,Mimulus ringens,"Monkey Flower, Square-Stem Monkeyflower",Neutral
Vascular Plant,Phryma leptostachya,Lopseed,Neutral
Vascular Plant,Callitriche heterophylla,"Water Star-Wort, Larger Water-Starwort",Neutral
Vascular Plant,Callitriche terrestris,Water Star-Wort,Neutral
Vascular Plant,Chelone glabra,Turtlehead,Neutral
Vascular Plant,Chelone lyonii,Pink Turtlehead,Neutral
Vascular Plant,Chelone obliqua,"Lance-Leaved Turtlehead, Red Turtlehead",Neutral
Vascular Plant,Digitalis purpurea,"Fox-Glove, Purple Foxglove",Neutral
Vascular Plant,Gratiola floridana,Florida Hedgehyssop,Neutral
Vascular Plant,Gratiola neglecta,"Clammy Hedge-Hyssop, Hedge-Hyssop",Neutral
Vascular Plant,Gratiola virginiana,"Virginia Hedge-Hyssop, Roundfruit Hedge-Hyssop",Neutral
Vascular Plant,Gratiola viscidula,Short's Hedgehyssop,Neutral
Vascular Plant,Kickxia elatine,Sharpleaf Cancerwort,Neutral
Vascular Plant,Linaria vulgaris,Butter-And-Eggs,Neutral
Vascular Plant,Nuttallanthus canadensis,Old-Field Toadflax,Neutral
Vascular Plant,Penstemon calycosus,Longsepal Beardtongue,Neutral
Vascular Plant,Penstemon canescens,"Gray Beardtongue, Hairy Beard-Tongue",Neutral
Vascular Plant,Penstemon digitalis,"Large-Flowered Beard Tongue, Foxglove Beardtongue",Neutral
Vascular Plant,Penstemon laevigatus,"Smooth Beard-Tongue, Smooth Beardtongue",Neutral
Vascular Plant,Penstemon smallii,"Small's Beardtongue, Small's Beard-Tongue",Neutral
Vascular Plant,Plantago,"Plantain, Indianwheat",Neutral
Vascular Plant,Plantago aristata,"Large-Bract Plantain, Bracted Plantain",Neutral
Vascular Plant,Plantago lanceolata,"English Plantain, Ribgrass",Neutral
Vascular Plant,Plantago major,"Nipple-Seed Plantain, Plantain",Neutral
Vascular Plant,Plantago pusilla,"Dwarf Plantain, Small Plantain",Neutral
Vascular Plant,Plantago rugelii,"Black-Seed Plantain, White Man's Footprint",Neutral
Vascular Plant,Plantago virginica,"Pale-Seeded Plantain, Virginia Plantain",Neutral
Vascular Plant,Veronica agrestis,"Green Field Speedwell, Field Speedwell",Neutral
Vascular Plant,Veronica anagallis-aquatica,Brook-Pimpernell,Neutral
Vascular Plant,Veronica arvensis,Corn Speedwell,Neutral
Vascular Plant,Veronica hederifolia,Ivy-Leaved Speedwell,Neutral
Vascular Plant,Veronica officinalis,"Gypsy-Weed, Common Speedwell",Neutral
Vascular Plant,Veronica peregrina,Purslane Speedwell,Neutral
Vascular Plant,Veronica persica,"Speedwell, Perscians' Speedwell",Neutral
Vascular Plant,Veronica serpyllifolia,Thyme-Leaved Speedwell,Neutral
Vascular Plant,Veronicastrum virginicum,"Culver's-Root, Culver's Root",Neutral
Vascular Plant,Buddleja davidii,Orange Eye Butterflybush,Neutral
Vascular Plant,Scrophularia marilandica,"Figwort, Carpenter's Square Figwort",Neutral
Vascular Plant,Verbascum blattaria,"Moth Mullein, White Moth Mullein",Neutral
Vascular Plant,Verbascum thapsus,"Great Mullein, Common Mullein",Neutral
Vascular Plant,Verbascum virgatum,Wand Mullein,Neutral
Vascular Plant,Polypremum procumbens,Juniper-Leaf,Neutral
Vascular Plant,Phyla lanceolata,Lanceleaf Fogfruit,Neutral
Vascular Plant,Verbena brasiliensis,"Blue Vervain, Brazillian Vervain",Neutral
Vascular Plant,Verbena simplex,"Narrow-Leaved Vervain, Vervain",Neutral
Vascular Plant,Verbena urticifolia,White Vervain,Neutral
Vascular Plant,Calycanthus floridus,"Carolina-Allspice, Eastern Sweetshrub",Neutral
Vascular Plant,Calycanthus floridus var. floridus,Eastern Sweetshrub,Neutral
Vascular Plant,Calycanthus floridus var. glaucus,Sweetshrub,Neutral
Vascular Plant,Lindera benzoin,Spicebush,Neutral
Vascular Plant,Sassafras albidum,Sassafras,Neutral
Vascular Plant,Uvularia grandiflora,Large-Flowered Bellwort,Neutral
Vascular Plant,Uvularia perfoliata,Perfoliate Bellwort,Neutral
Vascular Plant,Uvularia puberula,Mountain Bellwort,Neutral
Vascular Plant,Uvularia sessilifolia,"Wild Oats, Sessile-Leaf Bellwort",Neutral
Vascular Plant,Clintonia borealis,"Clinton Lily, Bluebead Lily",Neutral
Vascular Plant,Clintonia umbellulata,"White Clintonia, Speckled Wood Lily",Neutral
Vascular Plant,Erythronium americanum,"Yellow Trout-Lily, American Troutlily",Neutral
Vascular Plant,Erythronium umbilicatum ssp. umbilicatum,Dimpled Troutlily,Neutral
Vascular Plant,Lilium canadense ssp. editorum,Canada Lily,Neutral
Vascular Plant,Lilium grayi,Gray's Lily,Species of Concern
Vascular Plant,Lilium lancifolium,Tiger Lily,Neutral
Vascular Plant,Lilium michauxii,Carolina Lily,Neutral
Vascular Plant,Lilium philadelphicum,"Wood Lily, Philadelphia Wood Lily",Neutral
Vascular Plant,Lilium superbum,Turk's Cap Lily,Neutral
Vascular Plant,Medeola virginiana,"Indian Cucumber, Indian Cucumber-Root",Neutral
Vascular Plant,Ornithogalum umbellatum,"Star-Of-Bethlehem, Common Star-Of-Bethlehem",Neutral
Vascular Plant,Prosartes lanuginosum,Yellow Mandarin,Neutral
Vascular Plant,Prosartes maculatum,Spotted Mandarin,Neutral
Vascular Plant,Streptopus amplexifolius var. amplexifolius,"Claspleaf Twistedstalk, American Twistedstalk",Neutral
Vascular Plant,Streptopus lanceolatus var. lanceolatus,Twistedstalk,Neutral
Vascular Plant,Streptopus lanceolatus var. roseus,Twistedstalk,Neutral
Vascular Plant,Streptopus roseus,"Rosy Twisted-Stalk, Rose Twisted-Stalk",Neutral
Vascular Plant,Amianthium muscitoxicum,Fly Poison,Neutral
Vascular Plant,Chamaelirium luteum,"Fairy Wand, Devil's-Bit",Neutral
Vascular Plant,Melanthium latifolium,"Bunch-Flower, Hybrid Bunchflower",Neutral
Vascular Plant,Melanthium parviflorum,"Small-Flowered False-Helleborne, Small-Flowered False Hellebore",Neutral
Vascular Plant,Stenanthium gramineum,"Eastern Featherbells, Featherbells",Neutral
Vascular Plant,Trillium catesbaei,Catesby's Trillium,Neutral
Vascular Plant,Trillium cuneatum,"Little Sweet Trillium, Sessile-Flowered Maroon Trillium",Neutral
Vascular Plant,Trillium erectum,"Wake Robin, Ill-Scent Trillium",Neutral
Vascular Plant,Trillium flexipes,Jennison's White Trillium,Neutral
Vascular Plant,Trillium grandiflorum,"Large-Flower Trillium, White Trillium",Neutral
Vascular Plant,Trillium luteum,Yellow Trillium,Neutral
Vascular Plant,Trillium pusillum var. pusillum,Dwarf Wakerobin,Species of Concern
Vascular Plant,Trillium rugelii,Southern Nodding Trillium,Neutral
Vascular Plant,Trillium simile,Sweet White Trillium,Neutral
Vascular Plant,Trillium undulatum,Painted Trillium,Neutral
Vascular Plant,Trillium vaseyi,Vasey's Trillium,Neutral
Vascular Plant,Veratrum viride,"False Hellebore, American False-Helleborne",Neutral
Vascular Plant,Xerophyllum asphodeloides,Eastern Turkeybeard,Neutral
Vascular Plant,Smilax biltmoreana,Carrion Flower,Neutral
Vascular Plant,Smilax bona-nox,"Saw Greenbrier, Catbrier",Neutral
Vascular Plant,Smilax glauca,"Glaucous-Leaved Greenbrier, Glaucous Catbrier",Neutral
Vascular Plant,Smilax herbacea,"Carrion Flower, Smooth Herbaceous Greenbrier",Neutral
Vascular Plant,Smilax hugeri,"Huger's Carrion-Flower, Huger's Carrion Flower",Neutral
Vascular Plant,Smilax pulverulenta,Downy Carrionflower,Neutral
Vascular Plant,Smilax rotundifolia,"Common Greenbrier, Greenbrier",Neutral
Vascular Plant,Smilax tamnoides,"Hispid Greenbrier, Bristly Greenbrier",Neutral
Vascular Plant,Huperzia appalachiana,Fir Clubmoss,Neutral
Vascular Plant,Huperzia lucidula,"Shining Club-Moss, Shining Clubmoss",Neutral
Vascular Plant,Huperzia porophila,Rock Clubmoss,Neutral
Vascular Plant,Huperzia selago var. densa,Fir Clubmoss,Neutral
Vascular Plant,Huperzia selago var. selago,Fir Clubmoss,Neutral
Vascular Plant,Lycopodium annotinum,Stiff Clubmoss,Neutral
Vascular Plant,Lycopodium clavatum,"Running Clubmoss, Running Pine",Neutral
Vascular Plant,Lycopodium complanatum,Running-Pine,Neutral
Vascular Plant,Lycopodium dendroideum,Tree Groundpine,Neutral
Vascular Plant,Lycopodium digitatum,Running-Pine,Neutral
Vascular Plant,Lycopodium hickeyi,Ground Pine,Neutral
Vascular Plant,Lycopodium obscurum,Ground Pine,Neutral
Vascular Plant,Lycopodium tristachyum,"Deep-Root Clubmoss, Ground Cedar",Neutral
Vascular Plant,Asimina triloba,"Pawpaw, Paw-Paw",Neutral
Vascular Plant,Liriodendron tulipifera,"Tuliptree, Tulip Tree, Yellow Poplar",Neutral
Vascular Plant,Magnolia acuminata,"Cucumber Magnolia, Cucumber-Tree",Neutral
Vascular Plant,Magnolia fraseri,Fraser Magnolia,Neutral
Vascular Plant,Magnolia grandiflora,"Large-Flower Magnolia, Southern Magnolia",Neutral
Vascular Plant,Magnolia macrophylla,"Big-Leaved Magnolia, Bigleaf Magnolia",Neutral
Vascular Plant,Magnolia tripetala,Umbrella Magnolia,Neutral
Vascular Plant,Acalypha gracilens,"Narrow-Leaved Three-Seeded Mercury, Slender Copperleaf",Neutral
Vascular Plant,Acalypha ostryifolia,"Hornbeam Copper-Leaf, Hornbeam-Leaved Three-Seeded Mercury",Neutral
Vascular Plant,Acalypha rhomboidea,"Virginia Threeseed Mercury, Common Threeseed Mercury",Neutral
Vascular Plant,Acalypha virginica,"Virginia Threeseed Mercury, Virginia Copperleaf",Neutral
Vascular Plant,Chamaesyce nutans,Eyebane,Neutral
Vascular Plant,Croton glandulosus var. septentrionalis,Vente Conmigo,Neutral
Vascular Plant,Croton monanthogynus,Prairie Tea,Neutral
Vascular Plant,Euphorbia commutata,"Spurge, Wood Spurge",Neutral
Vascular Plant,Euphorbia corollata,"Flowering Spruge, Flowering Spurge",Neutral
Vascular Plant,Euphorbia cyparissias,Cypress Spurge,Neutral
Vascular Plant,Euphorbia dentata var. dentata,"Toothedleaf Poinsettia, Toothed Spurge",Neutral
Vascular Plant,Euphorbia lathyris,Moleplant,Neutral
Vascular Plant,Euphorbia marginata,Snow On The Mountain,Neutral
Vascular Plant,Euphorbia mercurialina,Mercury Spurge,Neutral
Vascular Plant,Euphorbia pubentissima,Dogbane-Leaved Spurge,Neutral
Vascular Plant,Euphorbia purpurea,Glade Spurge,Species of Concern
Vascular Plant,Ricinus communis,Castorbean,Neutral
Vascular Plant,Hypericum buckleii,Buckley's St. Johnswort,Neutral
Vascular Plant,Hypericum densiflorum,"Shrubby St. John's-Wort, Bushy St. John's-Wort",Neutral
Vascular Plant,Hypericum drummondii,Nits And Lice,Neutral
Vascular Plant,Hypericum gentianoides,"Orange-Grass St. John's-Wort, Pineweed",Neutral
Vascular Plant,Hypericum graveolens,Mountain St. John's-Wort,Neutral
Vascular Plant,Hypericum hypericoides,St. Andrews Cross,Neutral
Vascular Plant,Hypericum hypericoides ssp. hypericoides,St. Andrew's Cross,Neutral
Vascular Plant,Hypericum hypericoides ssp. multicaule,"A St. John's-Wort, Low St. Andrew's Cross",Neutral
Vascular Plant,Hypericum mitchellianum,"Mitchell's St.John's-Wort, Blue Ridge St. John's-Wort",Neutral
Vascular Plant,Hypericum mutilum,"Slender St. John's-Wort, Dwarf St. John's-Wort",Neutral
Vascular Plant,Hypericum perforatum,"Common St. John's-Wort, A St. John's-Wort",Neutral
Vascular Plant,Hypericum pseudomaculatum,False Spotted St. Johnswort,Neutral
Vascular Plant,Hypericum punctatum,"Common St. John's-Wort, Dotted St. John's-Wort",Neutral
Vascular Plant,Hypericum virgatum,Sharpleaf St. Johnswort,Neutral
Vascular Plant,Linum intercursum,Sandplain Flax,Neutral
Vascular Plant,Linum medium var. texanum,Stiff Yellow Flax,Neutral
Vascular Plant,Linum striatum,"Ridged Yellow Flax, Yellow Flax",Neutral
Vascular Plant,Linum virginianum,Virginia Flax,Neutral
Vascular Plant,Passiflora incarnata,"Passion-Flower, May-Pop, Purple Passion-Flower",Neutral
Vascular Plant,Passiflora lutea,"Yellow Passion-Flower, Yellow Passionflower",Neutral
Vascular Plant,Phyllanthus caroliniensis,"Carolina Leaf-Flower, Phyllanthus",Neutral
Vascular Plant,Podostemum ceratophyllum,"Riverweed, Threadfoot",Neutral
Vascular Plant,Populus alba,"Silver Poplar, White Poplar",Neutral
Vascular Plant,Populus balsamifera ssp. balsamifera,Balm Of Gilead,Neutral
Vascular Plant,Populus deltoides,Eastern Cottonwood,Neutral
Vascular Plant,Populus grandidentata,"Large-Toothed Aspen, Big-Toothed Aspen",Neutral
Vascular Plant,Populus nigra,Lombardy Poplar,Neutral
Vascular Plant,Populus X canescens,Gray Poplar,Neutral
Vascular Plant,Populus X jackii,Jack's Poplar,Neutral
Vascular Plant,Salix alba,A Willow,Neutral
Vascular Plant,Salix babylonica,"Weeping Willow, A Willow",Neutral
Vascular Plant,Salix caprea,Goat Willow,Neutral
Vascular Plant,Salix caroliniana,Carolina Willow,Neutral
Vascular Plant,Salix discolor,Pussy Willow,Neutral
Vascular Plant,Salix eriocephala,"Missouri River Willow, Missouri Willow",Neutral
Vascular Plant,Salix humilis,Prairie Willow,Neutral
Vascular Plant,Salix humilis var. humilis,Prairie Willow,Neutral
Vascular Plant,Salix humilis var. tristis,Dwarf Willow,Neutral
Vascular Plant,Salix nigra,"A Willow, Black Willow",Neutral
Vascular Plant,Salix sericea,Silky Willow,Neutral
Vascular Plant,Salix X pendulina,Pendulous Willow,Neutral
Vascular Plant,Hybanthus concolor,Green Violet,Neutral
Vascular Plant,Viola arvensis,Field Pansy,Neutral
Vascular Plant,Viola bicolor,"Wild Pansy, Field Pansy",Neutral
Vascular Plant,Viola blanda,Sweet White Violet,Neutral
Vascular Plant,Viola blanda var. blanda,Sweet White Violet,Neutral
Vascular Plant,Viola blanda var. palustriformis,"Large-Leaved Violet, Large-Leaf White Violet",Neutral
Vascular Plant,Viola canadensis,Canadian White Violet,Neutral
Vascular Plant,Viola canadensis var. canadensis,Canadian Violet,Neutral
Vascular Plant,Viola canadensis var. corymbosa,Canadian Violet,Neutral
Vascular Plant,Viola conspersa,"American Bog Violet, Dog Violet",Neutral
Vascular Plant,Viola cucullata,Marsh Blue Violet,Neutral
Vascular Plant,Viola egglestonii,Glade Violet,Neutral
Vascular Plant,Viola hastata,"Halberd-Leaved Violet, Halberd-Leaved Yellow Violet",Neutral
Vascular Plant,Viola hirsutula,Southern Wood Violet,Neutral
Vascular Plant,Viola labradorica,Alpine Violet,Neutral
Vascular Plant,Viola lanceolata,"Lance-Leaved Violet, Lance-Leaf Violet",Neutral
Vascular Plant,Viola macloskeyi ssp. pallens,"Smooth White Violet, Northern White Violet",Neutral
Vascular Plant,Viola missouriensis,Missouri Violet,Neutral
Vascular Plant,Viola odorata,"English Violet, Sweet Violet",Neutral
Vascular Plant,Viola pedata,"Bird's-Foot Violet, Bird's Foot Violet",Neutral
Vascular Plant,Viola porterana,Stone's Violet,Neutral
Vascular Plant,Viola pubescens,Downy Yellow Violet,Neutral
Vascular Plant,Viola pubescens var. pubescens,Hairy Yellow Violet,Neutral
Vascular Plant,Viola pubescens var. scabriuscula,Downy Yellow Violet,Neutral
Vascular Plant,Viola rostrata,"Beaked Violet, Long-Spur Violet",Neutral
Vascular Plant,Viola rotundifolia,"Roundleaf Violet, Early Yellow Violet",Neutral
Vascular Plant,Viola sagittata,Arrow-Leaved Violet,Neutral
Vascular Plant,Viola sagittata var. ovata,Arrowleaf Violet,Neutral
Vascular Plant,Viola sagittata var. sagittata,Arrowleaf Violet,Neutral
Vascular Plant,Viola septemloba,Violet,Neutral
Vascular Plant,Viola septentrionalis,Northern Woodland Violet,Neutral
Vascular Plant,Viola sororia,Woolly Blue Violet,Neutral
Vascular Plant,Viola striata,"Pale Violet, Striped Violet",Neutral
Vascular Plant,Viola tripartita,"Oval-Leaved Violet, Three-Parted Violet",Neutral
Vascular Plant,Viola walteri,Violet,Neutral
Vascular Plant,Viola X primulifolia,Primrose-Leaved Violet,Neutral
Vascular Plant,Helianthemum bicknellii,"Plains Frostweed, Bicknell's Frostweed",Neutral
Vascular Plant,Helianthemum canadense,"Frostweed, Canada Frostweed",Neutral
Vascular Plant,Helianthemum propinquum,Low Frostweed,Neutral
Vascular Plant,Lechea racemulosa,"Illinois Pinweed, Pinweed",Neutral
Vascular Plant,Abutilon theophrasti,Velvetleaf,Neutral
Vascular Plant,Alcea rosea,Hollyhock,Neutral
Vascular Plant,Hibiscus moscheutos ssp. moscheutos,Crimsoneyed Rosemallow,Neutral
Vascular Plant,Hibiscus syriacus,"Shrubby Althea, Rose-Of-Sharon",Neutral
Vascular Plant,Malva moschata,Musk Mallow,Neutral
Vascular Plant,Malva neglecta,"Common Mallow, Dwarf Cheeseweed",Neutral
Vascular Plant,Malva sylvestris,"High Mallow, High Cheeseweed",Neutral
Vascular Plant,Sida hermaphrodita,Virginia Fanpetals,Neutral
Vascular Plant,Sida spinosa,Prickly Mallow,Neutral
Vascular Plant,Tilia americana,American Basswood,Neutral
Vascular Plant,Tilia americana var. americana,American Basswood,Neutral
Vascular Plant,Tilia americana var. heterophylla,White Basswood,Neutral
Vascular Plant,Dirca palustris,Eastern Leatherwood,Neutral
Vascular Plant,Ammannia coccinea,"Ammannia, Tooth-Cup",Neutral
Vascular Plant,Cuphea viscosissima,Clammy Cuphea,Neutral
Vascular Plant,Rotala ramosior,"Rotala, Toothcup",Neutral
Vascular Plant,Rhexia mariana,"Maryland Meadow Beauty, Pale Meadow Beauty",Neutral
Vascular Plant,Rhexia mariana var. mariana,Maryland Meadowbeauty,Neutral
Vascular Plant,Rhexia virginica,"Meadow Beauty, Virginia Meadow-Beauty",Neutral
Vascular Plant,Circaea alpina,"Smaller Enchanter's-Nightshade, Small Enchanter's Nightshade",Neutral
Vascular Plant,Circaea lutetiana ssp. canadensis,"Larger Enchanter's-Nightshade, Intermediate Enchanter's Nightshade",Neutral
Vascular Plant,Epilobium ciliatum ssp. ciliatum,Willow-Herb,Neutral
Vascular Plant,Epilobium coloratum,Willow-Herb,Neutral
Vascular Plant,Gaura biennis,Biennial Gaura,Neutral
Vascular Plant,Gaura filipes,Slenderstalk Beeblossom,Neutral
Vascular Plant,Ludwigia alternifolia,"Bushy Seedbox, Alternate-Leaved Seedbox",Neutral
Vascular Plant,Ludwigia decurrens,"Decurrent Seedbox, Primrose Willow",Neutral
Vascular Plant,Ludwigia grandiflora,Large-Flower Primrose-Willow,Neutral
Vascular Plant,Ludwigia palustris,Water Purslane,Neutral
Vascular Plant,Ludwigia peploides ssp. glabrescens,Floating Primrosewillow,Neutral
Vascular Plant,Ludwigia uruguayensis,Seedbox,Neutral
Vascular Plant,Oenothera biennis,"Common Evening-Primrose, Evening Primrose",Neutral
Vascular Plant,Oenothera fruticosa ssp. fruticosa,Sundrops,Neutral
Vascular Plant,Oenothera fruticosa ssp. glauca,Sundrops,Neutral
Vascular Plant,Oenothera laciniata,"Cut-Leaved Evening Primrose, Cut-Leaved Evening-Primrose",Neutral
Vascular Plant,Oenothera linifolia,Threadleaf Eveningprimrose,Neutral
Vascular Plant,Oenothera speciosa,"Showy Evening Primrose, White Evening-Primrose",Neutral
Vascular Plant,Oenothera triloba,Stemless Eveningprimrose,Neutral
Vascular Plant,Nuphar lutea ssp. advena,Yellow Water-Lily,Neutral
Vascular Plant,Nymphaea odorata,"American Water-Lily, White Water-Lily",Neutral
Vascular Plant,Botrychium biternatum,"Sparse-Lobe Grape-Fern, Southern Grape Fern",Neutral
Vascular Plant,Botrychium dissectum,"Cut-Leaved Grape Fern, Cutleaf Grape-Fern",Neutral
Vascular Plant,Botrychium jenmanii,Dixie Grapefern,Neutral
Vascular Plant,Botrychium lanceolatum var. angustisegmentum,Lanceleaf Grapefern,Neutral
Vascular Plant,Botrychium matricariifolium,"Matricary Grapefern, Daisy-Leaf Moonwort",Neutral
Vascular Plant,Botrychium oneidense,Blunt-Lobed Grape Fern,Neutral
Vascular Plant,Botrychium simplex,Least Moonwort,Neutral
Vascular Plant,Botrychium virginianum,Rattlesnake Fern,Neutral
Vascular Plant,Ophioglossum vulgatum,"Southern Adderstongue, Southern Adder's-Tongue",Neutral
Vascular Plant,Osmunda cinnamomea,Cinnamon Fern,Neutral
Vascular Plant,Osmunda claytoniana,Interrupted Fern,Neutral
Vascular Plant,Osmunda regalis var. spectabilis,Royal Fern,Neutral
Vascular Plant,Oxalis corniculata,Creeping Woodsorrel,Neutral
Vascular Plant,Oxalis dillenii,"Dillen's Woodsorrel, Yellow Sorrel",Neutral
Vascular Plant,Oxalis grandis,"Large Wood-Sorrel, Great Yellow Wood-Sorrel",Neutral
Vascular Plant,Oxalis montana,"White Wood-Sorrel, Wood-Sorrel",Neutral
Vascular Plant,Oxalis stricta,"Yellow Wood-Sorrel, Upright Yellow Wood-Sorrel",Neutral
Vascular Plant,Oxalis violacea,Violet Wood-Sorrel,Neutral
Vascular Plant,Juniperus chinensis,Chinese Juniper,Neutral
Vascular Plant,Juniperus virginiana,Red Cedar,Neutral
Vascular Plant,Platycladus orientalis,Oriental White Cedar,Neutral
Vascular Plant,Thuja occidentalis,Northern White Cedar,Neutral
Vascular Plant,Abies fraseri,Fraser Fir,Species of Concern
Vascular Plant,Picea abies,Norway Spruce,Neutral
Vascular Plant,Picea rubens,Red Spruce,Neutral
Vascular Plant,Pinus,Pine,Neutral
Vascular Plant,Pinus echinata,Short-Leaf Pine,Neutral
Vascular Plant,Pinus palustris,Longleaf Pine,Neutral
Vascular Plant,Pinus pungens,Table Mountain Pine,Neutral
Vascular Plant,Pinus rigida,Pitch Pine,Neutral
Vascular Plant,Pinus strobus,White Pine,Neutral
Vascular Plant,Pinus taeda,Loblolly Pine,Neutral
Vascular Plant,Pinus virginiana,Virginia Or Scrub Pine,Neutral
Vascular Plant,Tsuga canadensis,Eastern Hemlock,Neutral
Vascular Plant,Aristolochia macrophylla,Dutchman's Pipe,Neutral
Vascular Plant,Aristolochia serpentaria,"Virginia Snakeroot, Snakeroot",Neutral
Vascular Plant,Asarum canadense,Wild Ginger,Neutral
Vascular Plant,Hexastylis arifolia,"Little Brown Jug, Little Brown Jugs",Neutral
Vascular Plant,Hexastylis heterophylla,Variableleaf Heartleaf,Neutral
Vascular Plant,Hexastylis shuttleworthii,"Large-Flowered Heartleaf, Spotted Little Brown Jugs",Neutral
Vascular Plant,Bulbostylis capillaris,"Dense-Tuft Hair-Sedge, Bulbostylis",Neutral
Vascular Plant,Carex,"Sedge Species, Sedges, Sedge, Carex",Neutral
Vascular Plant,Carex abscondita,Thicket Sedge,Neutral
Vascular Plant,Carex aestivalis,Summer Sedge,Neutral
Vascular Plant,Carex aggregata,Glomerate Sedge,Neutral
Vascular Plant,Carex albicans,Whitetinge Sedge,Neutral
Vascular Plant,Carex albicans var. albicans,Sedge,Neutral
Vascular Plant,Carex albicans var. australis,Sedge,Neutral
Vascular Plant,Carex albicans var. emmonsii,"Emmons Sedge, Sedge",Neutral
Vascular Plant,Carex albolutescens,"Light-Colored Sedge, Greenish-White Sedge",Neutral
Vascular Plant,Carex albursina,"Sedge, A Sedge",Neutral
Vascular Plant,Carex amphibola,Eastern Narrowleaf Sedge,Neutral
Vascular Plant,Carex amphibola var. rigida,"Rigid Sedge, A Sedge",Neutral
Vascular Plant,Carex amphibola var. turgida,Turgid Sedge,Neutral
Vascular Plant,Carex annectens,"Sedge, A Sedge",Neutral
Vascular Plant,Carex appalachica,Appalachian Sedge,Neutral
Vascular Plant,Carex atlantica,Prickly Bog Sedge,Neutral
Vascular Plant,Carex atlantica ssp. atlantica,Sedge,Neutral
Vascular Plant,Carex atlantica ssp. capillacea,Prickly Bog Sedge,Neutral
Vascular Plant,Carex austrocaroliniana,"South Carolina Sedge, A Sedge",Neutral
Vascular Plant,Carex baileyi,"Bailey Sedge, Bailey's Sedge",Neutral
Vascular Plant,Carex barrattii,Barratt's Sedge,Neutral
Vascular Plant,Carex biltmoreana,Biltmore Sedge,Neutral
Vascular Plant,Carex blanda,"Sedge, Woodland Sedge",Neutral
Vascular Plant,Carex brevior,"Fescue Sedge, Shortbeak Sedge, Brevior Sedge",Neutral
Vascular Plant,Carex bromoides,"Sedge, A Sedge",Neutral
Vascular Plant,Carex brunnescens ssp. brunnescens,Brownish Sedge,Neutral
Vascular Plant,Carex brunnescens ssp. sphaerostachya,"Brownish Sedge, Few Flowered Sedge",Neutral
Vascular Plant,Carex caroliniana,"Carolina Sedge, Hirsute Sedge",Neutral
Vascular Plant,Carex cephalophora,"Sedge, Oval-Leaved Sedge",Neutral
Vascular Plant,Carex cherokeensis,Cherokee Sedge,Neutral
Vascular Plant,Carex communis,"Fibrous-Root Sedge, Common Sedge",Neutral
Vascular Plant,Carex communis var. amplisquama,Dixie Sedge,Species of Concern
Vascular Plant,Carex communis var. communis,Fibrousroot Sedge,Neutral
Vascular Plant,Carex complanata,Blue Sedge,Neutral
Vascular Plant,Carex conjuncta,Soft Fox Sedge,Neutral
Vascular Plant,Carex corrugata,Prune-Fruit Sedge,Neutral
Vascular Plant,Carex crebriflora,Coastalplain Sedge,Neutral
Vascular Plant,Carex crinita var. crinita,Drooping Sedge,Neutral
Vascular Plant,Carex cristatella,"Sedge, Small Crested Sedge",Neutral
Vascular Plant,Carex cumberlandensis,Local Sedge,Neutral
Vascular Plant,Carex debilis,"White Edge Sedge, White-Edge Sedge",Neutral
Vascular Plant,Carex debilis var. debilis,White Edge Sedge,Neutral
Vascular Plant,Carex debilis var. interjecta,Necklace Sedge,Neutral
Vascular Plant,Carex debilis var. pubera,Hairy Necklace Sedge,Neutral
Vascular Plant,Carex debilis var. rudgei,"White-Edge Sedge, Necklace Sedge",Neutral
Vascular Plant,Carex eburnea,"Black-Fruited Sedge, Ebony Sedge",Neutral
Vascular Plant,Carex festucacea,Fescue Sedge,Neutral
Vascular Plant,Carex flaccosperma,Thinfruit Sedge,Neutral
Vascular Plant,Carex frankii,"Frank's Sedge, Frank Sedge",Neutral
Vascular Plant,Carex gracilescens,Slender Looseflower Sedge,Neutral
Vascular Plant,Carex gracillima,Graceful Sedge,Neutral
Vascular Plant,Carex granularis,Granular Sedge,Neutral
Vascular Plant,Carex gravida var. lunelliana,Heavy Sedge,Neutral
Vascular Plant,Carex grayi,Gray's Sedge,Neutral
Vascular Plant,Carex grisea,Inflated Narrow-Leaf Sedge,Neutral
Vascular Plant,Carex gynandra,"Drooping Sedge, A Sedge",Neutral
Vascular Plant,Carex hirsutella,Hirsute Sedge,Neutral
Vascular Plant,Carex intumescens,Intumescent Sedge,Neutral
Vascular Plant,Carex jamesii,"Nebraska Sedge, James? Sedge",Neutral
Vascular Plant,Carex kraliana,Kral's Sedge,Neutral
Vascular Plant,Carex laevivaginata,"Smooth-Sheath Sedge, Sedge",Neutral
Vascular Plant,Carex laxiculmis,"Sedge, Spreading Sedge",Neutral
Vascular Plant,Carex laxiflora,"Broad Looseflower Sedge, Loose-Flowered Sedge",Neutral
Vascular Plant,Carex leavenworthii,Leavenworth Sedge,Neutral
Vascular Plant,Carex leptalea,"Bristly-Stalk Sedge, Sedge",Neutral
Vascular Plant,Carex leptonervia,"Nerved Sedge, Finely-Nerved Sedge",Neutral
Vascular Plant,Carex louisianica,Louisiana Sedge,Neutral
Vascular Plant,Carex lucorum var. austrolucorum,Blue Ridge Sedge,Neutral
Vascular Plant,Carex lucorum var. lucorum,Long-Beaked Sedge,Neutral
Vascular Plant,Carex lupulina,"Larger Hop Sedge, A Sedge",Neutral
Vascular Plant,Carex lurida,"Shallow Sedge, Smaller Hop Sedge",Neutral
Vascular Plant,Carex macrochaeta,Alaska Large Awn Sedge,Neutral
Vascular Plant,Carex misera,"Wretched Sedge, Miserable Sedge",Neutral
Vascular Plant,Carex muehlenbergii var. muehlenbergii,Muhlenberg's Sedge,Neutral
Vascular Plant,Carex nigromarginata,"Black-Edge Sedge, Black-Margined Sedge",Neutral
Vascular Plant,Carex normalis,"Sedge, A Sedge",Neutral
Vascular Plant,Carex oligocarpa,Sedge,Neutral
Vascular Plant,Carex oxylepis var. oxylepis,Sharpscale Sedge,Neutral
Vascular Plant,Carex pedunculata,"Longstalk Sedge, Peduncled Sedge",Neutral
Vascular Plant,Carex pensylvanica,Pennsylvania Sedge,Neutral
Vascular Plant,Carex plantaginea,Plantain-Leaved Sedge,Neutral
Vascular Plant,Carex platyphylla,"Glaucous Broad-Leaved Sedge, Broad-Leaved Sedge",Neutral
Vascular Plant,Carex prasina,Drooping Sedge,Neutral
Vascular Plant,Carex projecta,"Necklace Sedge, Sedge",Neutral
Vascular Plant,Carex purpurifera,"Purple-Based Sedge, Purple Sedge",Neutral
Vascular Plant,Carex radiata,"Radiate Sedge, Stellate Sedge",Neutral
Vascular Plant,Carex retroflexa,Reflexed Sedge,Neutral
Vascular Plant,Carex rosea,"Roseate Sedge, A Sedge",Neutral
Vascular Plant,Carex ruthii,"Ruth Sedge, Ruth's Sedge",Neutral
Vascular Plant,Carex scabrata,Rough Sedge,Neutral
Vascular Plant,Carex scoparia,"Sedge, Pointed Broom Sedge",Neutral
Vascular Plant,Carex sparganioides,"Bur-Reed Sedge, Sedge",Neutral
Vascular Plant,Carex squarrosa,"Squarrose Sedge, Round-Headed Sedge",Neutral
Vascular Plant,Carex stipata,"Stalk-Grain Sedge, Stipate Sedge",Neutral
Vascular Plant,Carex striatula,Lined Sedge,Neutral
Vascular Plant,Carex stricta,Uptight Sedge,Neutral
Vascular Plant,Carex styloflexa,"Bent Sedge, Sedge",Neutral
Vascular Plant,Carex swanii,"Swan's Sedge, Swan Sedge",Neutral
Vascular Plant,Carex texensis,Texas Sedge,Neutral
Vascular Plant,Carex tonsa var. rugosperma,Parachute Sedge,Neutral
Vascular Plant,Carex torta,Twisted Sedge,Neutral
Vascular Plant,Carex tribuloides,"Blunt Broom Sedge, Sedge",Neutral
Vascular Plant,Carex trichocarpa,Hairyfruit Sedge,Neutral
Vascular Plant,Carex trisperma,Three-Seeded Sedge,Neutral
Vascular Plant,Carex umbellata,"Umbel Sedge, A Sedge",Neutral
Vascular Plant,Carex virescens,"Ribbed Sedge, Sedge",Neutral
Vascular Plant,Carex vulpinoidea,Fox Sedge,Neutral
Vascular Plant,Carex willdenowii,Willdenow's Sedge,Neutral
Vascular Plant,Cymophyllus fraserianus,Fraser's Sedge,Neutral
Vascular Plant,Cyperus bipartitus,"Shining Flatsedge, Slender Flatsedge",Neutral
Vascular Plant,Cyperus croceus,Round-Headed Umbrella Sedge,Neutral
Vascular Plant,Cyperus dipsaceus,"Wright's Flatsedge, Wright Flatsedge",Neutral
Vascular Plant,Cyperus echinatus,Globe Flatsedge,Neutral
Vascular Plant,Cyperus esculentus,Chufa Flatsedge,Neutral
Vascular Plant,Cyperus flavescens,"Yellow Flatsedge, Pale Flatsedge",Neutral
Vascular Plant,Cyperus iria,Ricefield Flatsedge,Neutral
Vascular Plant,Cyperus lancastriensis,"Umbrella-Sedge, Many-Flowered Umbrella-Sedge",Neutral
Vascular Plant,Cyperus lupulinus ssp. lupulinus,Great Plains Flatsedge,Neutral
Vascular Plant,Cyperus polystachyos var. texensis,Umbrella-Sedge,Neutral
Vascular Plant,Cyperus pseudovegetus,Marsh Flatsedge,Neutral
Vascular Plant,Cyperus refractus,Reflexed Flatsedge,Neutral
Vascular Plant,Cyperus retrofractus,Rough Flatsedge,Neutral
Vascular Plant,Cyperus retrorsus,"Umbrella-Sedge, Retrorse Flatsedge",Neutral
Vascular Plant,Cyperus retrorsus var. robustus,Pine Barren Flatsedge,Neutral
Vascular Plant,Cyperus rivularis,Riverside Umbrella-Sedge,Neutral
Vascular Plant,Cyperus rotundus,Nutgrass,Neutral
Vascular Plant,Cyperus setigerus,Thin-Fruited Umbrella Sedge,Neutral
Vascular Plant,Cyperus strigosus,"Umbrella-Sedge, Straw-Colored Flatsedge",Neutral
Vascular Plant,Dulichium arundinaceum,Three-Way Sedge,Neutral
Vascular Plant,Eleocharis acicularis,Needle Sedge,Neutral
Vascular Plant,Eleocharis microcarpa,Smallfruit Spikerush,Neutral
Vascular Plant,Eleocharis obtusa,"Blunt Spike-Rush, Spike-Rush",Neutral
Vascular Plant,Eleocharis palustris,Spike-Rush,Neutral
Vascular Plant,Eleocharis quadrangulata,Squarestem Spikerush,Neutral
Vascular Plant,Eleocharis tenuis var. verrucosa,Slender Spikerush,Neutral
Vascular Plant,Eleocharis tuberculosa,Cone-Cup Spikerush,Neutral
Vascular Plant,Fimbristylis autumnalis,"Autumn Fimbristylis, Slender Fimbry",Neutral
Vascular Plant,Fimbristylis tomentosa,Woolly Fimbry,Neutral
Vascular Plant,Kyllinga brevifolioides,"Short-Foliaged Umbrella-Sedge, Pasture Flatsedge",Neutral
Vascular Plant,Kyllinga gracillima,Spikesedge,Neutral
Vascular Plant,Kyllinga pumila,Annual Umbrella-Sedge,Neutral
Vascular Plant,Rhynchospora capitellata,"Beak-Rush, Brownish Beakrush",Neutral
Vascular Plant,Rhynchospora glomerata,Clustered Beaksedge,Neutral
Vascular Plant,Rhynchospora gracilenta,Slender Beaksedge,Neutral
Vascular Plant,Schoenoplectus purshianus,Weakstalk Bulrush,Neutral
Vascular Plant,Schoenoplectus tabernaemontani,"Great Bulrush, Softstem Bulrush, Soft-Stem Bulrush",Neutral
Vascular Plant,Scirpus atrovirens,"Woolgrass Bulrush, Bulrush",Neutral
Vascular Plant,Scirpus cyperinus,"Cottongrass Bulrush, Bulrush",Neutral
Vascular Plant,Scirpus expansus,Woodland Bulrush,Neutral
Vascular Plant,Scirpus lineatus,Drooping Bulrush,Neutral
Vascular Plant,Scirpus pendulus,Rufous Bulrush,Neutral
Vascular Plant,Scirpus polyphyllus,"Leafy Bulrush, Many-Leaved Bulrush",Neutral
Vascular Plant,Scirpus purshianus,"Weakstalk Bulrush, Bulrush",Neutral
Vascular Plant,Scirpus tabernaemontani,Great Bulrush,Neutral
Vascular Plant,Scleria oligantha,"Little-Headed Nutrush, Nut-Rush",Neutral
Vascular Plant,Scleria pauciflora,Fewflower Nutrush,Neutral
Vascular Plant,Scleria triglomerata,"Nut-Rush, Whip Nutrush",Neutral
Vascular Plant,Trichophorum caespitosum,Tufted Bulrush,Neutral
Vascular Plant,Trichophorum caespitosus,Deerhair Bulrush,Neutral
Vascular Plant,Juncus,Rush,Neutral
Vascular Plant,Juncus acuminatus,"Acuminate Rush, Sharp-Fruit Rush",Neutral
Vascular Plant,Juncus biflorus,Two-Flowered Rush,Neutral
Vascular Plant,Juncus brevicaudatus,"Short-Caudate Rush, Narrow-Panicled Rush",Neutral
Vascular Plant,Juncus canadensis,Canada Rush,Neutral
Vascular Plant,Juncus coriaceus,"Leathery Rush, Coriaceous Rush",Neutral
Vascular Plant,Juncus debilis,"Rush, Weak Rush",Neutral
Vascular Plant,Juncus dichotomus,Rush,Neutral
Vascular Plant,Juncus diffusissimus,"Diffuse Rush, Slimpod Rush",Neutral
Vascular Plant,Juncus dudleyi,Dudley's Rush,Neutral
Vascular Plant,Juncus effusus var. solutus,Lamp Rush,Neutral
Vascular Plant,Juncus gymnocarpus,"Few-Seeded Rush, Naked-Fruited Rush",Neutral
Vascular Plant,Juncus interior,Inland Rush,Neutral
Vascular Plant,Juncus longii,Long's Rush,Neutral
Vascular Plant,Juncus marginatus,"Grassleaf Rush, Margined Rush",Neutral
Vascular Plant,Juncus scirpoides,"Rush, Scirpus-Like Rush",Neutral
Vascular Plant,Juncus subcaudatus var. subcaudatus,Woodland Rush,Neutral
Vascular Plant,Juncus tenuis,Poverty Rush,Neutral
Vascular Plant,Juncus trifidus,Highland Rush,Neutral
Vascular Plant,Luzula acuminata,Hairy Woodrush,Neutral
Vascular Plant,Luzula acuminata var. acuminata,Wood-Rush,Neutral
Vascular Plant,Luzula acuminata var. carolinae,Wood-Rush,Neutral
Vascular Plant,Luzula bulbosa,Bulbous Woodrush,Neutral
Vascular Plant,Luzula echinata,"Wood-Rush, Wood Rush",Neutral
Vascular Plant,Luzula multiflora,"Wood-Rush, Common Woodrush",Neutral
Vascular Plant,Aegilops cylindrica,Jointed Goatgrass,Neutral
Vascular Plant,Agrostis capillaris,Rhode Island Bent,Neutral
Vascular Plant,Agrostis elliottiana,"Elliott Bentgrass, Elliott's Bentgrass",Neutral
Vascular Plant,Agrostis gigantea,Redtop,Neutral
Vascular Plant,Agrostis hyemalis,"Hairgrass, Winter Bentgrass",Neutral
Vascular Plant,Agrostis mertensii,Northern Agrostis,Neutral
Vascular Plant,Agrostis perennans,"Perenial Bentgrass, Upland Bent",Neutral
Vascular Plant,Agrostis scabra,"Rough Bentgrass, Rough Hairgrass",Neutral
Vascular Plant,Agrostis stolonifera,Creeping Bentgrass,Neutral
Vascular Plant,Alopecurus carolinianus,"Carolina Foxtail, Tufted Foxtail",Neutral
Vascular Plant,Andropogon gerardii,Big Bluestem,Neutral
Vascular Plant,Andropogon glomeratus,"Marsh Broomsedge, Bushy Bluestem",Neutral
Vascular Plant,Andropogon gyrans var. gyrans,"Elliott's Bluestem, Elliott Bluestem",Neutral
Vascular Plant,Andropogon ternarius,Silver Bluestem,Neutral
Vascular Plant,Andropogon virginicus,"Broom-Sedge, Virginia Broomsedge",Neutral
Vascular Plant,Anthoxanthum odoratum,Sweet Vernal Grass,Neutral
Vascular Plant,Aristida dichotoma var. dichotoma,Churchmouse Threeawn,Neutral
Vascular Plant,Aristida oligantha,Prairie Threeawn,Neutral
Vascular Plant,Aristida purpurascens,Purple Triple-Awned Grass,Neutral
Vascular Plant,Arrhenatherum elatius var. elatius,Tall Oatgrass,Neutral
Vascular Plant,Arthraxon hispidus,Arthraxon Grass,Neutral
Vascular Plant,Arundinaria gigantea ssp. gigantea,Giant Cane,Neutral
Vascular Plant,Arundo donax,Giantreed,Neutral
Vascular Plant,Avena sativa,"Cultivated Oat, Oats",Neutral
Vascular Plant,Brachyelytrum erectum,"Bearded Short-Husk, Common Shorthusk",Neutral
Vascular Plant,Brachyelytrum septentrionale,Northern Shorthusk,Neutral
Vascular Plant,Bromus ciliatus,Fringed Brome,Neutral
Vascular Plant,Bromus commutatus,"Hairy Brome, Common Brome Grass",Neutral
Vascular Plant,Bromus hordeaceus ssp. hordeaceus,Soft Brome,Neutral
Vascular Plant,Bromus inermis,"Awnless Brome, Brome Grass",Neutral
Vascular Plant,Bromus japonicus,"Japanese Chess, Japanese Brome",Neutral
Vascular Plant,Bromus kalmii,Hairy Wood Brome Grass,Neutral
Vascular Plant,Bromus latiglumis,Earlyleaf Brome,Neutral
Vascular Plant,Bromus pubescens,Native Brome Grass,Neutral
Vascular Plant,Bromus racemosus,Brome Grass,Neutral
Vascular Plant,Bromus secalinus,"Cheat Grass, Rye Brome",Neutral
Vascular Plant,Bromus tectorum,"Bromegrass, Cheat Grass",Neutral
Vascular Plant,Calamagrostis cainii,"Cain's Reed-Grass, Cain's Reed-Bent Grass",Species of Concern
Vascular Plant,Calamagrostis canadensis,Bluejoint,Neutral
Vascular Plant,Calamagrostis cinnoides,"Reed-Bent Grass, Nuttall's Small-Reedgrass",Neutral
Vascular Plant,Calamagrostis coarctata,Arctic Reedgrass,Neutral
Vascular Plant,Chasmanthium latifolium,"Broad-Leaved Spanglegrass, Indian Sea-Oats",Neutral
Vascular Plant,Chasmanthium laxum,Slender Woodoats,Neutral
Vascular Plant,Chasmanthium laxum ssp. sessiliflorum,Sessil-Leaved Spanglegrass,Neutral
Vascular Plant,Chasmanthium laxum var. laxum,Nodding Spanglegrass,Neutral
Vascular Plant,Chasmanthium laxum var. sessiliflorum,Slender Woodoats,Neutral
Vascular Plant,Chasmanthium sessiliflorum,"Longleaf Woodoats, Longleaf Spikegrass",Neutral
Vascular Plant,Cinna arundinacea,"Stout Wood Reed-Grass, Reedgrass",Neutral
Vascular Plant,Cinna latifolia,"Woodreed, Slender Wood Reedgrass",Neutral
Vascular Plant,Cynodon dactylon,"Bermuda-Grass, Bermuda Grass",Neutral
Vascular Plant,Cynosurus cristatus,Crested Dogstailgrass,Neutral
Vascular Plant,Dactylis glomerata,Orchard Grass,Neutral
Vascular Plant,Danthonia compressa,"Flattened Oatgrass, Mountain Oat Grass",Neutral
Vascular Plant,Danthonia epilis,Oat Grass,Neutral
Vascular Plant,Danthonia sericea,"Silky Oat-Grass, Downy Oat Grass",Neutral
Vascular Plant,Danthonia spicata,"Poverty Grass, Poverty Oat-Grass",Neutral
Vascular Plant,Deschampsia flexuosa,Wavy Hairgrass,Neutral
Vascular Plant,Diarrhena americana,American Beakgrain,Neutral
Vascular Plant,Dichanthelium acuminatum var. acuminatum,Tapered Rosette Grass,Species of Concern
Vascular Plant,Dichanthelium acuminatum var. fasciculatum,Woolly Panic Grass,Neutral
Vascular Plant,Dichanthelium acuminatum var. lindheimeri,Lindheimer Panicgrass,Neutral
Vascular Plant,Dichanthelium boscii,"Bosc's Witchgrass, Panic Grass",Neutral
Vascular Plant,Dichanthelium clandestinum,"Deer-Tongue Witchgrass, Panic Grass",Neutral
Vascular Plant,Dichanthelium commutatum,Common Panic Grass,Neutral
Vascular Plant,Dichanthelium depauperatum,"Green Panic-Grass, Panic Grass",Neutral
Vascular Plant,Dichanthelium dichotomum var. dichotomum,Small Panic Grass,Neutral
Vascular Plant,Dichanthelium dichotomum var. ensifolium,Cypress Panicgrass,Neutral
Vascular Plant,Dichanthelium latifolium,Broad-Leaved Panic Grass,Neutral
Vascular Plant,Dichanthelium laxiflorum,"Lax-Flower Witchgrass, Panic Grass",Neutral
Vascular Plant,Dichanthelium linearifolium,Panic Grass,Neutral
Vascular Plant,Dichanthelium longiligulatum,"Long-Ligule Panic Grass, Coastal-Plain Witchgrass",Neutral
Vascular Plant,Dichanthelium meridionale,Southern Panic Grass,Neutral
Vascular Plant,Dichanthelium sabulorum var. thinium,Small Panic Grass,Neutral
Vascular Plant,Dichanthelium scabriusculum,Panic Grass,Neutral
Vascular Plant,Dichanthelium scoparium,"Velvet Panic Grass, Broom Panic Grass",Neutral
Vascular Plant,Dichanthelium sphaerocarpon,Roundfruit Panic Grass,Neutral
Vascular Plant,Dichanthelium sphaerocarpon var. isophyllum,Panic Grass,Neutral
Vascular Plant,Dichanthelium sphaerocarpon var. sphaerocarpon,Panic Grass,Neutral
Vascular Plant,Dichanthelium villosissimum var. villosissimum,Panic Grass,Neutral
Vascular Plant,Digitaria ciliaris,Southern Crabgrass,Neutral
Vascular Plant,Digitaria filiformis,"Crabgrass, Slender Crabgrass",Neutral
Vascular Plant,Digitaria ischaemum,Smooth Crabgrass,Neutral
Vascular Plant,Digitaria sanguinalis,"Hairy Crabgrass, Crabgrass",Neutral
Vascular Plant,Digitaria violascens,Violet Crabgrass,Neutral
Vascular Plant,Echinochloa colona,"Barnyard Grass, Jungle-Rice",Neutral
Vascular Plant,Echinochloa crus-galli,Barnyard Grass,Neutral
Vascular Plant,Echinochloa muricata var. muricata,Barnyard Grass,Neutral
Vascular Plant,Eleusine indica,"India Goosegrass, Wiregrass",Neutral
Vascular Plant,Elymus hystrix var. hystrix,Eastern Bottlebrush Grass,Neutral
Vascular Plant,Elymus repens,Quackgrass,Neutral
Vascular Plant,Elymus riparius,"River Wild-Rye, Wild Rye",Neutral
Vascular Plant,Elymus villosus,Hairy Wildrye,Neutral
Vascular Plant,Elymus virginicus var. virginicus,Virginia Wildrye,Neutral
Vascular Plant,Elytrigia repens var. repens,Witch Grass,Neutral
Vascular Plant,Eragrostis capillaris,Fine Lovegrass,Neutral
Vascular Plant,Eragrostis cilianensis,Stinkgrass,Neutral
Vascular Plant,Eragrostis curvula,"Weeping Lovegrass, South African Lovegrass",Neutral
Vascular Plant,Eragrostis frankii,"Franks Love-Grass, Small Lovegrass",Neutral
Vascular Plant,Eragrostis hirsuta,Lovegrass,Neutral
Vascular Plant,Eragrostis hypnoides,"Teal Love Grass, Creeping Lovegrass",Neutral
Vascular Plant,Eragrostis pilosa,Indian Lovegrass,Neutral
Vascular Plant,Eragrostis spectabilis,"Tumblegrass, Purple Love-Grass",Neutral
Vascular Plant,Festuca filiformis,Fineleaf Sheep Fescue,Neutral
Vascular Plant,Festuca ovina,Ovina Fescue,Neutral
Vascular Plant,Festuca paradoxa,Clustered Fescue,Neutral
Vascular Plant,Festuca rubra,Red Fescue,Neutral
Vascular Plant,Festuca subverticillata,"Woodland Fescue, Nodding Fescue",Neutral
Vascular Plant,Glyceria melicaria,"Slender Manna Grass, Wood Mannagrass",Neutral
Vascular Plant,Glyceria nubigena,Smoky Mountain Mannagrass,Species of Concern
Vascular Plant,Glyceria striata,"Striate Mannagrass, Fowl Manna-Grass",Neutral
Vascular Plant,Gymnopogon ambiguus,Bearded Skeletongrass,Neutral
Vascular Plant,Holcus lanatus,"Common Velvet Grass, Velvetgrass",Neutral
Vascular Plant,Hordeum pusillum,Little Barley,Neutral
Vascular Plant,Hordeum vulgare,Common Barley,Neutral
Vascular Plant,Leersia hexandra,Southern Cutgrass,Neutral
Vascular Plant,Leersia oryzoides,Rice Cutgrass,Neutral
Vascular Plant,Leersia virginica,Virginia Cutgrass,Neutral
Vascular Plant,Leptochloa panicea ssp. brachiata,Mucronate Sprangeltop,Neutral
Vascular Plant,Lolium arundinaceum,Tall Fescue,Neutral
Vascular Plant,Lolium perenne,Perennial Ryegrass,Neutral
Vascular Plant,Lolium perenne ssp. multiflorum,Italian Ryegrass,Neutral
Vascular Plant,Lolium perenne ssp. perenne,Perennial Ryegrass,Neutral
Vascular Plant,Lolium pratense,"Meadow Ryegrass, Meadow Fescue",Neutral
Vascular Plant,Melica mutica,"Narrow Melic Grass, Melic Grass",Neutral
Vascular Plant,Microstegium vimineum,"Microstegium, Japanese Grass",Neutral
Vascular Plant,Milium effusum,"Wild Millet, Millet-Grass",Neutral
Vascular Plant,Miscanthus sinensis,Miscanthus,Neutral
Vascular Plant,Muhlenbergia capillaris,Hairawn Muhly,Neutral
Vascular Plant,Muhlenbergia frondosa,"Wirestem Muhly, Muhly",Neutral
Vascular Plant,Muhlenbergia schreberi,"Schreber Muhly, Drop-Seed",Neutral
Vascular Plant,Muhlenbergia sylvatica,Woodland Muhly,Neutral
Vascular Plant,Muhlenbergia tenuiflora,"Slender Muhly, Muhly",Neutral
Vascular Plant,Panicum anceps,Panic Grass,Neutral
Vascular Plant,Panicum capillare,"Panic Grass, Old Witch Panic-Grass",Neutral
Vascular Plant,Panicum dichotomiflorum,"Large Panic Grass, Spreading Panic-Grass",Neutral
Vascular Plant,Panicum flexile,Wiry Panicgrass,Neutral
Vascular Plant,Panicum gattingeri,"Gattinger Panic Grass, Panic Grass",Neutral
Vascular Plant,Panicum miliaceum,Millet,Neutral
Vascular Plant,Panicum philadelphicum,Philadelphia Panic Grass,Neutral
Vascular Plant,Panicum rigidulum,"Redtop Panicum, Redtop Panicgrass",Neutral
Vascular Plant,Panicum rigidulum var. elongatum,"Stalked-Fruit Panic Grass, Tall Flat Panic-Grass",Neutral
Vascular Plant,Panicum rigidulum var. pubescens,Long-Leaved Panic Grass,Neutral
Vascular Plant,Panicum rigidulum var. rigidulum,Redtop Panicum,Neutral
Vascular Plant,Panicum verrucosum,"Tuberculate Panic Grass, Warty Panic Grass",Neutral
Vascular Plant,Panicum virgatum,"Old Switch Panic Grass, Panic Grass",Neutral
Vascular Plant,Paspalum boscianum,Bull Crowngrass,Neutral
Vascular Plant,Paspalum dilatatum,"Dallis-Grass, Dallasgrass",Neutral
Vascular Plant,Paspalum floridanum,Florida Paspalum,Neutral
Vascular Plant,Paspalum laeve,Field Paspalum,Neutral
Vascular Plant,Paspalum pubiflorum var. glabrum,"Hairy-Seed Paspalum, Paspalum",Neutral
Vascular Plant,Paspalum setaceum,Thin Paspalum,Neutral
Vascular Plant,Paspalum urvillei,"Vasey Grass, Vasey-Grass",Neutral
Vascular Plant,Phalaris arundinacea,Reed Canary Grass,Neutral
Vascular Plant,Phleum pratense,"Meadow Timothy, Common Timothy",Neutral
Vascular Plant,Piptochaetium avenaceum,"Blackseed Needlegrass, Needlegrass",Neutral
Vascular Plant,Poa alsodes,"Wood Bluegrass, Grove Meadow Grass",Neutral
Vascular Plant,Poa annua,"Annual Blue Grass, Annual Bluegrass",Neutral
Vascular Plant,Poa autumnalis,Autumn Bluegrass,Neutral
Vascular Plant,Poa chapmaniana,"Chapman's Bluegrass, Chapman Bluegrass",Neutral
Vascular Plant,Poa compressa,"Canada Bluegrass, Wiregrass",Neutral
Vascular Plant,Poa cuspidata,"Bluegrass, Woodland Bluegrass",Neutral
Vascular Plant,Poa paludigena,Bog Bluegrass,Species of Concern
Vascular Plant,Poa palustris,"Fowl Bluegrass, Marsh Bluegrass",Neutral
Vascular Plant,Poa pratensis,"Junegrass, Kentucky Bluegrass",Neutral
Vascular Plant,Poa saltuensis,"Bluegrass, A Bluegrass",Neutral
Vascular Plant,Poa sylvestris,Woodland Bluegrass,Neutral
Vascular Plant,Poa trivialis,"Bluegrass, Scribner Bluegrass",Neutral
Vascular Plant,Saccharum alopecuroidum,Beardgrass,Neutral
Vascular Plant,Saccharum giganteum,"Sugar Cane Plumegrass, Tall Beardgrass",Neutral
Vascular Plant,Sasa palmata,Broadleaf Bamboo,Neutral
Vascular Plant,Schizachyrium scoparium var. scoparium,Little Bluestem,Neutral
Vascular Plant,Secale cereale,"Cultivated Rye, Rye",Neutral
Vascular Plant,Setaria faberi,Foxtail,Neutral
Vascular Plant,Setaria italica,Italian Foxtail,Neutral
Vascular Plant,Setaria parviflora,"Bent Foxtail, Bristly Foxtail",Neutral
Vascular Plant,Setaria pumila,Glaucous Foxtail,Neutral
Vascular Plant,Setaria viridis,"Green Bristle Grass, Green Foxtail",Neutral
Vascular Plant,Setaria viridis var. major,Green Bristlegrass,Neutral
Vascular Plant,Setaria viridis var. viridis,Green Bristlegrass,Neutral
Vascular Plant,Sorghastrum elliottii,"Long-Bristled Indian-Grass, Smaller Indian Grass",Neutral
Vascular Plant,Sorghastrum nutans,"Indian Grass, Yellow Indian-Grass",Neutral
Vascular Plant,Sorghum bicolor,"Broom-Corn, Shattercane, Chicken Corn, Shatter Cane, Broomcorn, Black Amber, Sorghum, Wild Cane",Neutral
Vascular Plant,Sorghum halepense,Johnson Grass,Neutral
Vascular Plant,Sphenopholis intermedia,Sphenopholis,Neutral
Vascular Plant,Sphenopholis nitida,"Shiny Wedge Grass, Shining Sphenopholis",Neutral
Vascular Plant,Sphenopholis obtusata,"Prairie Wedgegrass, Blunt Sphenopholis",Neutral
Vascular Plant,Sphenopholis pensylvanica,"Trisetum, Swamp Wedgescale",Neutral
Vascular Plant,Sporobolus clandestinus,Rough Dropseed,Neutral
Vascular Plant,Sporobolus compositus var. compositus,Dropseed,Neutral
Vascular Plant,Sporobolus indicus,Smutgrass,Neutral
Vascular Plant,Sporobolus indicus var. indicus,Smut Grass,Neutral
Vascular Plant,Sporobolus vaginiflorus var. ozarkanus,Ozark Dropseed,Neutral
Vascular Plant,Tridens flavus,"Purpletop Tridens, Tall Purple-Top Fluffgrass",Neutral
Vascular Plant,Tridens flavus var. chapmanii,Chapman's Purple Top,Neutral
Vascular Plant,Tridens flavus var. flavus,Purple Top,Neutral
Vascular Plant,Tripsacum dactyloides,Eastern Gamma Grass,Neutral
Vascular Plant,Triticum aestivum,"Wheat, Cultivated Wheat",Neutral
Vascular Plant,Uniola laxa,Slender Spikegrass,Neutral
Vascular Plant,Vulpia bromoides,Fescue,Neutral
Vascular Plant,Vulpia myuros,Rattail Fescue,Neutral
Vascular Plant,Vulpia octoflora,Annual Fescue,Neutral
Vascular Plant,Vulpia octoflora var. glauca,Sixweeks Fescue,Neutral
Vascular Plant,Vulpia octoflora var. octoflora,Sixweeks Fescue,Neutral
Vascular Plant,Sparganium americanum,"American Bur-Reed, Bur-Reed",Neutral
Vascular Plant,Sparganium androcladum,"Branching Bur-Reed, Bur-Reed",Neutral
Vascular Plant,Typha angustifolia,Narrowleaf Cattail,Neutral
Vascular Plant,Typha latifolia,"Broad-Leaf Cattail, Wideleaf Cattail",Neutral
Vascular Plant,Xyris torta,"Yellow-Eyed Grass, Twisted Yellow-Eyed-Grass",Neutral
Vascular Plant,Asplenium montanum,Mountain Spleenwort,Neutral
Vascular Plant,Asplenium pinnatifidum,Lobed Spleenwort,Neutral
Vascular Plant,Asplenium platyneuron,Ebony Spleenwort,Neutral
Vascular Plant,Asplenium resiliens,"Black-Stemmed Spleenwort, Black-Stem Spleenwort",Neutral
Vascular Plant,Asplenium rhizophyllum,"Walking-Fern Spleenwort, Walking Fern",Neutral
Vascular Plant,Asplenium ruta-muraria,"Wall-Rue, Wallrue Spleenwort",Neutral
Vascular Plant,Asplenium trichomanes ssp. trichomanes,Maidenhair Spleenwort,Neutral
Vascular Plant,Woodwardia areolata,"Netted Chain Fern, Netted Chainfern",Neutral
Vascular Plant,Woodwardia virginica,"Virginia Chainfern, Virginia Chain Fern",Neutral
Vascular Plant,Dennstaedtia punctilobula,"Eastern Hay-Scented Fern, Hay-Scented Fern",Neutral
Vascular Plant,Pteridium aquilinum,"Western Brackenfern, Bracken, Brackenfern, Northern Bracken Fern, Bracken Fern",Neutral
Vascular Plant,Pteridium aquilinum var. latiusculum,Bracken Fern,Neutral
Vascular Plant,Pteridium aquilinum var. pseudocaudatum,Bracken Fern,Neutral
Vascular Plant,Dryopteris campyloptera,"Mountain Wood-Fern, Mountain Wood Fern",Neutral
Vascular Plant,Dryopteris celsa,Log Fern,Neutral
Vascular Plant,Dryopteris cristata,"Crested Woodfern, Crested Shield-Fern",Neutral
Vascular Plant,Dryopteris goldiana,"Goldie Woodfern, Goldie's Fern",Neutral
Vascular Plant,Dryopteris intermedia,"Intermediate Wood Fern, Evergreen Woodfern",Neutral
Vascular Plant,Dryopteris marginalis,"Marginal Wood-Fern, Marginal Wood Fern",Neutral
Vascular Plant,Dryopteris X separabilis,Hybrid Wood Fern,Neutral
Vascular Plant,Polystichum acrostichoides,Christmas Fern,Neutral
Vascular Plant,Onoclea sensibilis,Sensitive Fern,Neutral
Vascular Plant,Pleopeltis polypodioides,Resurrection Fern,Neutral
Vascular Plant,Pleopeltis polypodioides ssp. michauxiana,Resurrection Fern,Neutral
Vascular Plant,Polypodium appalachianum,Rock Polypody,Neutral
Vascular Plant,Polypodium virginianum,Rock Polypody,Neutral
Vascular Plant,Adiantum pedatum,"Northern Maiden-Hair Fern, Northern Maidenhair-Fern",Neutral
Vascular Plant,Cheilanthes alabamensis,Alabama Lip Fern,Neutral
Vascular Plant,Cheilanthes lanosa,"Hairy Lipfern, Hairy Lip Fern",Neutral
Vascular Plant,Cheilanthes tomentosa,"Woolly Lipfern, Woolly Lip Fern",Neutral
Vascular Plant,Pellaea atropurpurea,"Purple Cliff-Brake, Purple-Stem Cliff-Brake",Neutral
Vascular Plant,Pellaea glabella,Dwarf Cliffbrake,Neutral
Vascular Plant,Vittaria appalachiana,"Appalachian Shoestring Fern, Appalachian Vittaria",Neutral
Vascular Plant,Phegopteris connectilis,Northern Beech Fern,Neutral
Vascular Plant,Phegopteris hexagonoptera,Broad Beech Fern,Neutral
Vascular Plant,Thelypteris noveboracensis,New York Fern,Neutral
Vascular Plant,Thelypteris palustris var. pubescens,Eastern Marsh Fern,Neutral
Vascular Plant,Thelypteris simulata,Bog Fern,Neutral
Vascular Plant,Athyrium filix-femina ssp. asplenioides,Southern Lady Fern,Neutral
Vascular Plant,Cystopteris bulbifera,Bulblet Fern,Neutral
Vascular Plant,Cystopteris protrusa,Lowland Brittle Fern,Neutral
Vascular Plant,Cystopteris tennesseensis,Tennessee Bladderfern,Neutral
Vascular Plant,Deparia acrostichoides,"Silvery Spleenwort, Silvery Glade Fern",Neutral
Vascular Plant,Diplazium pycnocarpon,Glade Fern,Neutral
Vascular Plant,Woodsia obtusa,"Blunt-Lobe Woodsia, Blunt-Lobed Cliff Fern",Neutral
Vascular Plant,Platanus occidentalis,Sycamore,Neutral
Vascular Plant,Berberis canadensis,American Barberry,Neutral
Vascular Plant,Berberis thunbergii,Japanese Barberry,Neutral
Vascular Plant,Berberis vulgaris,"Common Barberry, European Barberry",Neutral
Vascular Plant,Caulophyllum thalictroides,Blue Cohosh,Neutral
Vascular Plant,Diphylleia cymosa,"Umbrella Leaf, Umbrella-Leaf",Neutral
Vascular Plant,Jeffersonia diphylla,Twinleaf,Neutral
Vascular Plant,Mahonia bealei,Chinese Mahonia,Neutral
Vascular Plant,Nandina domestica,"Nandina, Heavenly Bamboo",Neutral
Vascular Plant,Podophyllum peltatum,"May Apple, May-Apple",Neutral
Vascular Plant,Cocculus carolinus,"Coralbead, Red-Berried Moonseed, Snailseed",Neutral
Vascular Plant,Menispermum canadense,"Moonseed, Canada Moonseed",Neutral
Vascular Plant,Adlumia fungosa,Climbing Fumitory,Neutral
Vascular Plant,Corydalis flavula,"Corydalis, Golden Corydalis",Neutral
Vascular Plant,Corydalis micrantha ssp. australis,Smallflower Fumewort,Neutral
Vascular Plant,Corydalis sempervirens,Pale Corydalis,Neutral
Vascular Plant,Dicentra canadensis,"Squirrel-Corn, Squirrel Corn",Neutral
Vascular Plant,Dicentra cucullaria,"Dutchman's Breeches, Dutchman's Britches",Neutral
Vascular Plant,Dicentra eximia,Bleeding Heart,Neutral
Vascular Plant,Papaver dubium,Blindeyes,Neutral
Vascular Plant,Papaver hybridum,Round Pricklyhead Poppy,Neutral
Vascular Plant,Sanguinaria canadensis,Bloodroot,Neutral
Vascular Plant,Stylophorum diphyllum,Celandine Poppy,Neutral
Vascular Plant,Aconitum uncinatum,"Monk's Hood, Blue Monkshood",Neutral
Vascular Plant,Actaea pachypoda,White Baneberry,Neutral
Vascular Plant,Anemone lancifolia,"Lance-Leaved Wood Anemone, Mountain Thimble-Weed",Neutral
Vascular Plant,Anemone quinquefolia,Wood Anemone,Neutral
Vascular Plant,Anemone virginiana,"Virginia Anemone, Thimbleweed",Neutral
Vascular Plant,Aquilegia canadensis,"Wild Columbine, Columbine",Neutral
Vascular Plant,Aquilegia vulgaris,European Columbine,Neutral
Vascular Plant,Clematis dioica,Cabellos De Angel,Neutral
Vascular Plant,Clematis glaucophylla,Waxy-Leaved Clematis,Neutral
Vascular Plant,Clematis ochroleuca,Curlyheads,Neutral
Vascular Plant,Clematis terniflora,Clematis,Neutral
Vascular Plant,Clematis viorna,"Leatherflower, Vase-Vine Leather-Flower",Neutral
Vascular Plant,Clematis virginiana,"Virginia Virgin-Bower, Virgin's Bower",Neutral
Vascular Plant,Consolida ajacis,Garden Larkspur,Neutral
Vascular Plant,Delphinium exaltatum,Tall Larkspur,Species of Concern
Vascular Plant,Delphinium tricorne,Dwarf Larkspur,Neutral
Vascular Plant,Hepatica nobilis,Hepatica,Neutral
Vascular Plant,Hepatica nobilis var. acuta,Sharp-Lobed Hepatica,Neutral
Vascular Plant,Hepatica nobilis var. obtusa,Round-Lobed Hepatica,Neutral
Vascular Plant,Hydrastis canadensis,Golden Seal,Neutral
Vascular Plant,Ranunculus abortivus,"Kidney-Leaved Buttercup, Small-Flowered Buttercup",Neutral
Vascular Plant,Ranunculus acris,"Tall Buttercup, Tall Butter-Cup",Neutral
Vascular Plant,Ranunculus allegheniensis,"Allegheny Early Buttercup, Allegheny Mountain Crowfoot",Neutral
Vascular Plant,Ranunculus bulbosus,"Bulbous Butter-Cup, Bulbous Buttercup",Neutral
Vascular Plant,Ranunculus fascicularis,Early Buttercup,Neutral
Vascular Plant,Ranunculus harveyi,Harvey's Buttercup,Neutral
Vascular Plant,Ranunculus hispidus,"Hispid Buttercup, Bristly Buttercup",Neutral
Vascular Plant,Ranunculus hispidus var. hispidus,Hairy Buttercup,Neutral
Vascular Plant,Ranunculus hispidus var. nitidus,"Carolina Buttercup, Northern Swamp Buttercup",Neutral
Vascular Plant,Ranunculus laxicaulis,"Mississippi Butter-Cup, Weak-Stemmed Buttercup",Neutral
Vascular Plant,Ranunculus parviflorus,"Small-Flower Butter-Cup, Small-Flowered Buttercup",Neutral
Vascular Plant,Ranunculus pusillus,"Pursh Buttercup, Aquatic Buttercup",Neutral
Vascular Plant,Ranunculus recurvatus,"Hooked Buttercup, Hooked Crowfoot",Neutral
Vascular Plant,Ranunculus repens,"Creeping Buttercup, Creeping Butter-Cup",Neutral
Vascular Plant,Ranunculus sardous,Hairy Buttercup,Neutral
Vascular Plant,Thalictrum clavatum,"Mountain Meadow-Rue, Brook Meadowrue",Neutral
Vascular Plant,Thalictrum coriaceum,"Leatherleaf Meadowrue, Stalked-Fruited Meadowrue",Neutral
Vascular Plant,Thalictrum dioicum,Early Meadowrue,Neutral
Vascular Plant,Thalictrum pubescens,King Of The Meadow,Neutral
Vascular Plant,Thalictrum revolutum,"Waxyleaf Meadowrue, Waxleaf Meadowrue",Neutral
Vascular Plant,Thalictrum thalictroides,"Windflower, Rue-Anemone",Neutral
Vascular Plant,Trautvetteria caroliniensis,"False Bugbane, Carolina Tassel-Rue",Neutral
Vascular Plant,Xanthorhiza simplicissima,"Shrub Yellowroot, Shrubby Yellow-Root",Neutral
Vascular Plant,Cannabis sativa,"Hemp, Marijuana",Neutral
Vascular Plant,Celtis laevigata,"Sugarberry, Smooth Hackberry",Neutral
Vascular Plant,Celtis occidentalis,Common Hackberry,Neutral
Vascular Plant,Celtis tenuifolia,Dwarf Hackberry,Neutral
Vascular Plant,Elaeagnus angustifolia,Russian Olive,Neutral
Vascular Plant,Elaeagnus umbellata,Autumn Olive,Neutral
Vascular Plant,Broussonetia papyrifera,Paper Mulberry,Neutral
Vascular Plant,Maclura pomifera,"Osage-Orange, Osageorange",Neutral
Vascular Plant,Morus alba,White Mulberry,Neutral
Vascular Plant,Morus rubra,Red Mulberry,Neutral
Vascular Plant,Ceanothus americanus,New Jersey Tea,Neutral
Vascular Plant,Frangula caroliniana,Carolina Buckthorn,Neutral
Vascular Plant,Agrimonia gryposepala,"Tall Hairy Groovebur, Large-Fruited Agrimony",Neutral
Vascular Plant,Agrimonia microcarpa,Smallfruit Agrimony,Neutral
Vascular Plant,Agrimonia parviflora,"Small-Flower Groovebur, Small-Flowered Agrimony",Neutral
Vascular Plant,Agrimonia pubescens,"Soft Groovebur, Hairy Agrimony",Neutral
Vascular Plant,Agrimonia rostellata,"Beaked Agrimony, Woodland Agrimony",Neutral
Vascular Plant,Amelanchier arborea,"Hairy-Leaf Shadbush, Downy Serviceberry",Neutral
Vascular Plant,Amelanchier canadensis,Canadian Serviceberry,Neutral
Vascular Plant,Amelanchier laevis,"Allegheny Serviceberry, Allegheny Service-Berry",Neutral
Vascular Plant,Amelanchier sanguinea,"Round-Leaved Shadbush, Roundleaf Shadbush",Neutral
Vascular Plant,Aphanes microcarpa,Alchemilla,Neutral
Vascular Plant,Argentina anserina,Silverweed,Neutral
Vascular Plant,Aronia arbutifolia,"Red Chokeberry, Hairy Chokeberry",Neutral
Vascular Plant,Aronia melanocarpa,Black Chokeberry,Neutral
Vascular Plant,Aronia X prunifolia,Purple Chokeberry Hybrid,Neutral
Vascular Plant,Aruncus dioicus,"Common Goatsbeard, Oat's Beard",Neutral
Vascular Plant,Chaenomeles speciosa,Flowering Quince,Neutral
Vascular Plant,Choenomeles speciosa,Flowering Quince,Neutral
Vascular Plant,Crataegus calpodendron,"Pear Hawthorn, Limestone Hawthorn",Neutral
Vascular Plant,Crataegus crus-galli,"Cockspur Hawthorn, Cock-Spur Thorn",Neutral
Vascular Plant,Crataegus flabellata,Fanleaf Hawthorn,Neutral
Vascular Plant,Crataegus intricata,Biltmore's Hawthorn,Neutral
Vascular Plant,Crataegus iracunda,Stolonbearing Hawthorn,Neutral
Vascular Plant,Crataegus macrosperma,"Scarlet Hawthorn, A Hawthorn",Neutral
Vascular Plant,Crataegus mollis,"Red Hawthorn, Arnold Hawthorn, Downy Hawthorn",Neutral
Vascular Plant,Crataegus pinetorum,"Hawthorn, A Hawthorn",Neutral
Vascular Plant,Crataegus pruinosa,Triangle-Leaved Hawthorn,Neutral
Vascular Plant,Crataegus punctata,Round-Leaved Hawthorn,Neutral
Vascular Plant,Crataegus uniflora,Dwarf Hawthorn,Neutral
Vascular Plant,Duchesnea indica,"Barren Strawberry, Indian Mock-Strawberry",Neutral
Vascular Plant,Filipendula rubra,"Queen-Of-The-Prairie, Queen Of The Prairie",Neutral
Vascular Plant,Fragaria vesca,Thin-Leaved Strawberry,Neutral
Vascular Plant,Fragaria virginiana,"Virginia Strawberry, Wild Strawberry",Neutral
Vascular Plant,Geum aleppicum,Yellow Avens,Neutral
Vascular Plant,Geum aleppicum var. strictum,Avens,Neutral
Vascular Plant,Geum canadense,White Avens,Neutral
Vascular Plant,Geum radiatum,"Mountain Avens, Spreading Avens",Endangered
Vascular Plant,Geum vernum,"Early Avens, Spring Avens",Neutral
Vascular Plant,Geum virginianum,"Small-Flowered Avens, Pale Avens",Neutral
Vascular Plant,Kerria japonica,"Japanese-Rose, Kerria",Neutral
Vascular Plant,Malus angustifolia,"Southern Crabapple, Narrowleaf Crabapple",Neutral
Vascular Plant,Malus coronaria,Northern Crabapple,Neutral
Vascular Plant,Malus pumila,"Common Apple, Apple",Neutral
Vascular Plant,Photinia floribunda,Purple Chokeberry,Neutral
Vascular Plant,Photinia melanocarpa,Black Chokeberry,Neutral
Vascular Plant,Photinia pyrifolia,Red Chokeberry,Neutral
Vascular Plant,Physocarpus opulifolius,"Eastern Ninebark, Ninebark",Neutral
Vascular Plant,Porteranthus stipulatus,"American Ipecac, Indian Physic",Neutral
Vascular Plant,Porteranthus trifoliatus,"Bowman's Root, Bowman's-Root",Neutral
Vascular Plant,Potentilla argentea,Silver Cinquefoil,Neutral
Vascular Plant,Potentilla canadensis,"Canada Cinquefoil, Dwarf Cinquefoil",Neutral
Vascular Plant,Potentilla norvegica,"Rough Cinquefoil, Norwegian Cinquefoil",Neutral
Vascular Plant,Potentilla recta,"Rough-Fruited Cinquefoil, Sulphur Cinquefoil",Neutral
Vascular Plant,Potentilla simplex,"Old-Field Cinquefoil, Common Cinquefoil",Neutral
Vascular Plant,Prunus,"Chokecherry, Plum",Neutral
Vascular Plant,Prunus americana,"Wild Plum, American Plum",Neutral
Vascular Plant,Prunus angustifolia,Chickasaw Plum,Neutral
Vascular Plant,Prunus avium,Sweet Cherry,Neutral
Vascular Plant,Prunus cerasus,"Sour Red Cherry, Sour Cherry",Neutral
Vascular Plant,Prunus hortulana,Hortulan Plum,Neutral
Vascular Plant,Prunus munsoniana,"Munson Plum, Wild-Goose Plum",Neutral
Vascular Plant,Prunus pensylvanica,"Pin Cherry, Fire Cherry",Neutral
Vascular Plant,Prunus persica,Peach,Neutral
Vascular Plant,Prunus serotina,"Wild Black Cherry, Black Cherry",Neutral
Vascular Plant,Prunus triloba,Flowering Almond,Neutral
Vascular Plant,Prunus virginiana,"Chokecherry, Choke Cherry",Neutral
Vascular Plant,Pyrus,Pear,Neutral
Vascular Plant,Pyrus calleryana,Callery Pear,Neutral
Vascular Plant,Pyrus communis,"Pear, Common Pear",Neutral
Vascular Plant,Rosa arkansana,"Prairie Rose, Arkansas Rose",Neutral
Vascular Plant,Rosa canina,Dog Rose,Neutral
Vascular Plant,Rosa carolina,Carolina Rose,Neutral
Vascular Plant,Rosa centifolia,Cabbage Rose,Neutral
Vascular Plant,Rosa eglanteria,"Sweet Brier, Sweetbrier",Neutral
Vascular Plant,Rosa micrantha,Smallflower Sweetbrier,Neutral
Vascular Plant,Rosa multiflora,"Multiflora Rose, Rambler Rose",Neutral
Vascular Plant,Rosa palustris,Swamp Rose,Neutral
Vascular Plant,Rosa setigera,Prairie Rose,Neutral
Vascular Plant,Rosa wichuraiana,Memorial Rose,Neutral
Vascular Plant,Rubus allegheniensis,"Allegheny Blackberry, Hairy Blackberry",Neutral
Vascular Plant,Rubus alumnus,"A Bramble, Blackberry",Neutral
Vascular Plant,Rubus argutus,"Highbush Blackberry, A Bramble",Neutral
Vascular Plant,Rubus baileyanus,Bailey's Dewberry,Neutral
Vascular Plant,Rubus canadensis,Smooth Blackberry,Neutral
Vascular Plant,Rubus flagellaris,Northern Dewberry,Neutral
Vascular Plant,Rubus frondosus,Yankee Blackberry,Neutral
Vascular Plant,Rubus hispidus,"Swamp Dewberry, Bristley Dewberry",Neutral
Vascular Plant,Rubus idaeus ssp. strigosus,American Red Raspberry,Neutral
Vascular Plant,Rubus occidentalis,"Black Raspberry, A Bramble",Neutral
Vascular Plant,Rubus odoratus,"Purple-Flowering Raspberry, Purple Flowering Raspberry",Neutral
Vascular Plant,Rubus phoenicolasius,"Wineberry, Wine Raspberry",Neutral
Vascular Plant,Rubus suus,Jennison's Blackberry,Neutral
Vascular Plant,Rubus trivialis,Southern Dewberry,Neutral
Vascular Plant,Rubus trux,"Truculent Blackberry, A Bramble",Neutral
Vascular Plant,Sibbaldiopsis tridentata,Shrubby Fivefingers,Neutral
Vascular Plant,Sorbus americana,American Mountain-Ash,Neutral
Vascular Plant,Sorbus aucuparia,"European Mountain-Ash, Rowan Tree",Neutral
Vascular Plant,Spiraea japonica,Japanese Spiraea,Neutral
Vascular Plant,Spiraea prunifolia,"Bridal-Wreath, Spiraea",Neutral
Vascular Plant,Spiraea tomentosa,Steeplebush,Neutral
Vascular Plant,Spiraea vanhouttei,Van-Houtte's Spiraea,Neutral
Vascular Plant,Spiraea virginiana,Virginia Spiraea,Threatened
Vascular Plant,Waldsteinia fragarioides ssp. doniana,Barren Strawberry,Neutral
Vascular Plant,Ulmus alata,Winged Elm,Neutral
Vascular Plant,Ulmus americana,American Elm,Neutral
Vascular Plant,Ulmus pumila,Siberean Elm,Neutral
Vascular Plant,Ulmus rubra,Slippery Elm,Neutral
Vascular Plant,Boehmeria cylindrica,"False Nettle, Button-Hemp",Neutral
Vascular Plant,Laportea canadensis,"Wood Nettle, Wood-Nettle",Neutral
Vascular Plant,Parietaria pensylvanica,"Pennsylvania Pellitory, Pellitory",Neutral
Vascular Plant,Pilea pumila,"Clearweed, Canada Clearweed, Richweed",Neutral
Vascular Plant,Urtica dioica,Stinging Nettle,Neutral
Vascular Plant,Buckleya distichophylla,Piratebush,Species of Concern
Vascular Plant,Comandra umbellata,Bastard Toadflax,Neutral
Vascular Plant,Phoradendron leucarpum,American Mistletoe,Neutral
Vascular Plant,Pyrularia pubera,"Oil-Nut, Buffalo-Nut",Neutral
Vascular Plant,Rhus aromatica,Fragrant Sumac,Neutral
Vascular Plant,Rhus copallina,"Dwarf Sumac, Shining Sumac",Neutral
Vascular Plant,Rhus copallinum,Flameleaf Sumac,Neutral
Vascular Plant,Rhus copallinum var. copallinum,Shining Or Winged Sumac,Neutral
Vascular Plant,Rhus copallinum var. latifolia,Shining Or Winged Sumac,Neutral
Vascular Plant,Rhus glabra,Smooth Sumac,Neutral
Vascular Plant,Rhus hirta,Staghorn Sumac,Neutral
Vascular Plant,Rhus typhina,Staghorn Sumac,Neutral
Vascular Plant,Toxicodendron radicans ssp. radicans,Eastern Poison Ivy,Neutral
Vascular Plant,Poncirus trifoliata,Trifoliate Orange,Neutral
Vascular Plant,Ptelea trifoliata,Common Hoptree,Neutral
Vascular Plant,Zanthoxylum americanum,"Prickly-Ash, Northern Prickley Ash",Neutral
Vascular Plant,Acer leucoderme,Chalk Maple,Neutral
Vascular Plant,Acer negundo,"Box-Elder, Boxelder",Neutral
Vascular Plant,Acer nigrum,Black Maple,Neutral
Vascular Plant,Acer pensylvanicum,"Striped Maple, Moosewood",Neutral
Vascular Plant,Acer platanoides,Norway Maple,Neutral
Vascular Plant,Acer rubrum var. rubrum,Red Maple,Neutral
Vascular Plant,Acer rubrum var. trilobum,Trident Maple,Neutral
Vascular Plant,Acer saccharinum,Silver Maple,Neutral
Vascular Plant,Acer saccharum,Sugar Maple,Neutral
Vascular Plant,Acer spicatum,Mountain Maple,Neutral
Vascular Plant,Aesculus flava,Yellow Buckeye,Neutral
Vascular Plant,Aesculus glabra,Ohio Buckeye,Neutral
Vascular Plant,Aesculus pavia,Red Buckeye,Neutral
Vascular Plant,Aesculus sylvatica,Painted Buckeye,Neutral
Vascular Plant,Ailanthus altissima,Tree-Of-Heaven,Neutral
Vascular Plant,Liquidambar styraciflua,"Sweet Gum, Sweetgum",Neutral
Vascular Plant,Hylotelephium erythrostictum,"Garden Orpine, Garden Stonecrop",Neutral
Vascular Plant,Hylotelephium spectabile,Chang Yao Ba Bao,Neutral
Vascular Plant,Hylotelephium telephioides,Allegheny Stonecrop,Neutral
Vascular Plant,Hylotelephium telephium,"Witch's Moneybags, Vit-Toujours",Neutral
Vascular Plant,Sedum acre,"Gold-Moss, Mossy Stonecrop",Neutral
Vascular Plant,Sedum pulchellum,Widowscross,Neutral
Vascular Plant,Sedum sarmentosum,"Stonecrop, Stringy Stonecrop",Neutral
Vascular Plant,Sedum spectabile,Showy Stonecrop,Neutral
Vascular Plant,Sedum telephium,"Orpine, Garden Stonecrop",Neutral
Vascular Plant,Sedum ternatum,"Wild Stonecrop, Wood Stonecrop",Neutral
Vascular Plant,Ribes aureum var. villosum,"Missouri Currant, Buffalo Currant",Neutral
Vascular Plant,Ribes cynosbati,Prickly Gooseberry,Neutral
Vascular Plant,Ribes glandulosum,Skunk Currant,Neutral
Vascular Plant,Ribes rotundifolium,"Appalachian Gooseberry, Round-Leaved Currant",Neutral
Vascular Plant,Ribes rubrum,Cultivated Currant,Neutral
Vascular Plant,Myriophyllum aquaticum,Parrot-Feather,Neutral
Vascular Plant,Myriophyllum spicatum,Spike Watermilfoil,Neutral
Vascular Plant,Fothergilla major,"Mountain Witch-Alder, Mountain Witchalder",Neutral
Vascular Plant,Hamamelis virginiana,"American Witch-Hazel, Witch-Hazel",Neutral
Vascular Plant,Itea virginica,"Tasselwhite, Sweet-Spire, Virginia Willow",Neutral
Vascular Plant,Penthorum sedoides,"Ditch-Stonecrop, Ditch Stonecrop",Neutral
Vascular Plant,Astilbe biternata,"False Goat's Beard, False Goat's-Beard",Neutral
Vascular Plant,Boykinia aconitifolia,Brook Saxifrage,Neutral
Vascular Plant,Chrysosplenium americanum,"American Golden-Saxifrage, Golden Saxifrage",Neutral
Vascular Plant,Heuchera americana,"Alumroot, American Alumroot",Neutral
Vascular Plant,Heuchera longiflora,"Alumroot, Long-Flower Alumroot",Neutral
Vascular Plant,Heuchera pubescens,"Alumroot, Downy Alumroot",Neutral
Vascular Plant,Heuchera villosa,Hairy Alumroot,Neutral
Vascular Plant,Mitella diphylla,"Bishop's Cap, Two-Leaf Bishop's-Cap",Neutral
Vascular Plant,Saxifraga careyana,"Carey Saxifrage, Carey's Saxifrage",Neutral
Vascular Plant,Saxifraga caroliniana,Carolina Saxifrage,Species of Concern
Vascular Plant,Saxifraga michauxii,"Michaux Saxifrage, Michaux's Saxifrage",Neutral
Vascular Plant,Saxifraga micranthidifolia,"Brook Lettuce, Lettuce-Leaf Saxifrage",Neutral
Vascular Plant,Saxifraga virginiensis var. virginiensis,Early Saxifrage,Neutral
Vascular Plant,Tiarella cordifolia,"Heartleaf Foamflower, Heart-Leaved Foam-Flower",Neutral
Vascular Plant,Tiarella cordifolia var. collina,Wherry's Foamflower,Neutral
Vascular Plant,Tiarella cordifolia var. cordifolia,Foamflower,Neutral
Vascular Plant,Lygodium palmatum,"Climbing Fern, American Climbing Fern",Neutral
Vascular Plant,Selaginella apoda,Meadow Spike-Moss,Neutral
Vascular Plant,Selaginella rupestris,Northern Selaginella,Neutral
Vascular Plant,Calystegia sepium,Hedge Bindweed,Neutral
Vascular Plant,Calystegia spithamaea,Low Bindweed,Neutral
Vascular Plant,Cuscuta compacta,"Sessile Dodder, Bracted Dodder",Neutral
Vascular Plant,Cuscuta gronovii,"Dodder, Gronovius Dodder",Neutral
Vascular Plant,Cuscuta pentagona var. pentagona,Field Dodder,Neutral
Vascular Plant,Cuscuta rostrata,Beaked Dodder,Neutral
Vascular Plant,Ipomoea coccinea,"Red Morning-Glory, Scarlet Morning-Glory",Neutral
Vascular Plant,Ipomoea lacunosa,"Small White Morning-Glory, Small-Flower White Morning-Glory",Neutral
Vascular Plant,Ipomoea pandurata,"Big-Root Morning-Glory, Man Of The Earth",Neutral
Vascular Plant,Ipomoea purpurea,"Purple Morning-Glory, Common Morning-Glory",Neutral
Vascular Plant,Ipomoea quamoclit,Cypressvine,Neutral
Vascular Plant,Datura stramonium,Jimson Weed,Neutral
Vascular Plant,Lycopersicon esculentum,"Garden Tomato, Tomato",Neutral
Vascular Plant,Nicandra physalodes,"Apple-Of-Peru, Apple Of Peru",Neutral
Vascular Plant,Physalis angulata,"Angular Ground-Cherry, Cut-Leaf Ground-Cherry",Neutral
Vascular Plant,Physalis grisea,Strawberry-Tomato,Neutral
Vascular Plant,Physalis heterophylla,"Ground-Cherry, Clammy Ground-Cherry",Neutral
Vascular Plant,Physalis longifolia var. subglabrata,Smooth Ground-Cherry,Neutral
Vascular Plant,Physalis pruinosa,Strawberry-Tomato,Neutral
Vascular Plant,Physalis pubescens var. integrifolia,Husk Tomato,Neutral
Vascular Plant,Physalis virginiana,Virginia Ground-Cherry,Neutral
Vascular Plant,Solanum carolinense,"Horse-Nettle, Carolina Horse-Nettle",Neutral
Vascular Plant,Solanum dulcamara,"European Bittersweet, Fellenwort, Blue Nightshade, Woody Nightshade, Climbing Nightshade, Bitter Nightshade, Bittersweet Nightshade",Neutral
Vascular Plant,Solanum lycopersicum var. lycopersicum,Garden Tomato,Neutral
Vascular Plant,Solanum ptychanthum,Nightshade,Neutral
Vascular Plant,Ampelopsis arborea,"Peppervine, Pepper-Vine",Neutral
Vascular Plant,Ampelopsis cordata,Peppervine,Neutral
Vascular Plant,Parthenocissus quinquefolia,Virginia Creeper,Neutral
Vascular Plant,Vitis aestivalis var. aestivalis,Summer Grape,Neutral
Vascular Plant,Vitis aestivalis var. bicolor,Summer Grape,Neutral
Vascular Plant,Vitis cinerea var. baileyana,Graybark Grape,Neutral
Vascular Plant,Vitis labrusca,"Fox Grape, Northern Fox Grape",Neutral
Vascular Plant,Vitis rotundifolia,"Muscadine, Muscadine Grape",Neutral
Vascular Plant,Vitis vulpina,"Winter Grape, Frost Grape",Neutral
Nonvascular Plant,Andreaea rothii,Roth's Andreaea Moss,Neutral
Nonvascular Plant,Andreaea rupestris,Andreaea Moss,Neutral
Nonvascular Plant,Bartramia pomiformis,Bartramia Moss,Neutral
Nonvascular Plant,Philonotis fontana,Philonotis Moss,Neutral
Nonvascular Plant,Philonotis fontana var. pumila,Philonotis Moss,Neutral
Nonvascular Plant,Philonotis longiseta,Philonotis Moss,Neutral
Nonvascular Plant,Philonotis marchica,Philonotis Moss,Neutral
Nonvascular Plant,Philonotis muehlenbergii,Muehlenberg's Philonotis Moss,Neutral
Nonvascular Plant,Blasia pusilla,Blasia,Neutral
Nonvascular Plant,Anomobryum filiforme,Filiform Anomobryum Moss,Neutral
Nonvascular Plant,Bryum argenteum,Silvergreen Bryum Moss,Neutral
Nonvascular Plant,Bryum capillare,Bryum Moss,Neutral
Nonvascular Plant,Bryum dichotomum,Bryum Moss,Neutral
Nonvascular Plant,Bryum gemmiparum,Bryum Moss,Neutral
Nonvascular Plant,Bryum lisae,Bryum Moss,Neutral
Nonvascular Plant,Bryum lisae var. cuspidatum,Bryum Moss,Neutral
Nonvascular Plant,Bryum pallens,Bryum Moss,Neutral
Nonvascular Plant,Bryum pseudotriquetrum,Common Green Bryum Moss,Neutral
Nonvascular Plant,Leptobryum pyriforme,Leptobryum Moss,Neutral
Nonvascular Plant,Mielichhoferia mielichhoferiana,Mielichhof's Copper Moss,Neutral
Nonvascular Plant,Orthodontium pellucens,Translucent Orthodontium,Neutral
Nonvascular Plant,Pohlia annotina,Pohlia Moss,Neutral
Nonvascular Plant,Pohlia cruda,Pohlia Moss,Neutral
Nonvascular Plant,Pohlia elongata,Elongate Pohlia Moss,Neutral
Nonvascular Plant,Pohlia lescuriana,Lescur's Pohlia Moss,Neutral
Nonvascular Plant,Pohlia longicolla,Pohlia Moss,Neutral
Nonvascular Plant,Pohlia nutans,Pohlia Moss,Neutral
Nonvascular Plant,Pohlia wahlenbergii,Wahlenberg's Pohlia Moss,Neutral
Nonvascular Plant,Rhodobryum ontariense,Ontario Rhodobryum Moss,Neutral
Nonvascular Plant,Rhodobryum roseum,Rose Rhodobryum Moss,Neutral
Nonvascular Plant,Mnium carolinianum,Carolina Mnium,Neutral
Nonvascular Plant,Mnium hornum,Horn Calcareous Moss,Neutral
Nonvascular Plant,Mnium marginatum,Olivegreen Calcareous Moss,Neutral
Nonvascular Plant,Mnium stellare,Stellar Calcareous Moss,Neutral
Nonvascular Plant,Mnium thomsonii,Thomson's Calcareous Moss,Neutral
Nonvascular Plant,Plagiomnium carolinianum,Carolina Plagiomnium Moss,Species of Concern
Nonvascular Plant,Plagiomnium ciliare,Plagiomnium Moss,Neutral
Nonvascular Plant,Plagiomnium cuspidatum,Toothed Plagiomnium Moss,Neutral
Nonvascular Plant,Plagiomnium rostratum,Plagiomnium Moss,Neutral
Nonvascular Plant,Rhizomnium appalachianum,Appalachian Rhizomnium Moss,Neutral
Nonvascular Plant,Rhizomnium magnifolium,Grandleaf Rhizomnium Moss,Neutral
Nonvascular Plant,Rhizomnium punctatum,Rhizomnium Moss,Neutral
Nonvascular Plant,Buxbaumia aphylla,Bug-On-A-Stick,Neutral
Nonvascular Plant,Diphyscium cumberlandianum,Cumberland Diphyscium Moss,Neutral
Nonvascular Plant,Diphyscium foliosum,Diphyscium Moss,Neutral
Nonvascular Plant,Trematodon longicollis,Trematodon Moss,Neutral
Nonvascular Plant,Arctoa fulvella,Arctoa Moss,Neutral
Nonvascular Plant,Brothera leana,Brothera Moss,Neutral
Nonvascular Plant,Campylopus atrovirens,Campylopus Moss,Neutral
Nonvascular Plant,Campylopus pilifer,Campylopus Moss,Neutral
Nonvascular Plant,Campylopus tallulensis,Tallul Campylopus Moss,Neutral
Nonvascular Plant,Dichodontium pellucidum,A Moss,Neutral
Nonvascular Plant,Dicranella heteromalla,Dicranella Moss,Neutral
Nonvascular Plant,Dicranella rufescens,Dicranella Moss,Neutral
Nonvascular Plant,Dicranella varia,Dicranella Moss,Neutral
Nonvascular Plant,Dicranodontium asperulum,Dicranodontium Moss,Neutral
Nonvascular Plant,Dicranodontium denudatum,Denuded Dicranodontium Moss,Neutral
Nonvascular Plant,Dicranum condensatum,Condensed Dicranum Moss,Neutral
Nonvascular Plant,Dicranum flagellare,Dicranum Moss,Neutral
Nonvascular Plant,Dicranum fulvum,Dicranum Moss,Neutral
Nonvascular Plant,Dicranum fuscescens,Dicranum Moss,Neutral
Nonvascular Plant,Dicranum montanum,Montane Dicranum Moss,Neutral
Nonvascular Plant,Dicranum polysetum,Dicranum Moss,Neutral
Nonvascular Plant,Dicranum scoparium,Dicranum Moss,Neutral
Nonvascular Plant,Dicranum spurium,Dicranum Moss,Neutral
Nonvascular Plant,Dicranum undulatum,Bog Broom-Moss,Neutral
Nonvascular Plant,Dicranum viride,Dicranum Moss,Neutral
Nonvascular Plant,Oncophorus raui,Oncophorus Moss,Neutral
Nonvascular Plant,Oncophorus wahlenbergii,Wahlenberg's Oncophorus Moss,Neutral
Nonvascular Plant,Paraleucobryum longifolium,Longleaf Paraleucobryum Moss,Neutral
Nonvascular Plant,Rhabdoweisia crispata,Rhabdoweisia Moss,Neutral
Nonvascular Plant,Ceratodon purpureus,Ceratodon Moss,Neutral
Nonvascular Plant,Ditrichum lineare,Ditrichum Moss,Neutral
Nonvascular Plant,Ditrichum pallidum,Pale Ditrichum Moss,Neutral
Nonvascular Plant,Ditrichum pusillum,Ditrichum Moss,Neutral
Nonvascular Plant,Ditrichum rhynchostegium,Ditrichum Moss,Neutral
Nonvascular Plant,Pleuridium subulatum,Pleuridium Moss,Neutral
Nonvascular Plant,Fissidens bryoides,Bryoid Fissidens Moss,Neutral
Nonvascular Plant,Fissidens bushii,Bush's Fissidens Moss,Neutral
Nonvascular Plant,Fissidens exilis,Fissidens Moss,Neutral
Nonvascular Plant,Fissidens hyalinus,Fissidens Moss,Neutral
Nonvascular Plant,Fissidens osmundioides,Osmund Fissidens Moss,Neutral
Nonvascular Plant,Fissidens subbasilaris,Fissidens Moss,Neutral
Nonvascular Plant,Fissidens taxifolius,Fissidens Moss,Neutral
Nonvascular Plant,Leucobryum albidum,Leucobryum Moss,Neutral
Nonvascular Plant,Leucobryum glaucum,Leucobryum Moss,Neutral
Nonvascular Plant,Aphanorrhegma serratum,Serrate Aphanorrhegma Moss,Neutral
Nonvascular Plant,Funaria calvescens,Funaria Moss,Neutral
Nonvascular Plant,Funaria flavicans,Funaria Moss,Neutral
Nonvascular Plant,Funaria hygrometrica,Funaria Moss,Neutral
Nonvascular Plant,Physcomitrium pyriforme,Physcomitrium Moss,Neutral
Nonvascular Plant,Coscinodon cribrosus,Coscinodon Moss,Neutral
Nonvascular Plant,Grimmia donniana,Donn's Dry Rock Moss,Neutral
Nonvascular Plant,Grimmia laevigata,Grimmia Dry Rock Moss,Neutral
Nonvascular Plant,Grimmia olneyi,Olney's Dry Rock Moss,Neutral
Nonvascular Plant,Grimmia pilifera,Grimmia Dry Rock Moss,Neutral
Nonvascular Plant,Racomitrium aciculare,Racomitrium Moss,Neutral
Nonvascular Plant,Racomitrium heterostichum,Racomitrium Moss,Neutral
Nonvascular Plant,Racomitrium microcarpon,Racomitrium Moss,Neutral
Nonvascular Plant,Schistidium agassizii,Agassiz's Schistidium Moss,Neutral
Nonvascular Plant,Schistidium apocarpum,Schistidium Moss,Neutral
Nonvascular Plant,Schistidium rivulare,Streamside Schistidium Moss,Neutral
Nonvascular Plant,Campylostelium saxicola,Campylostelium Moss,Neutral
Nonvascular Plant,Ptychomitrium incurvum,Ptychomitrium Moss,Neutral
Nonvascular Plant,Blindia acuta,Acute Blindia Moss,Neutral
Nonvascular Plant,Brachydontium trichodes,Peak Moss,Neutral
Nonvascular Plant,Seligeria recurvata,Recurved Small Limestone Moss,Neutral
Nonvascular Plant,Hedwigia ciliata,Ciliate Hedwigia Moss,Neutral
Nonvascular Plant,Hookeria acutifolia,Sharpleaf Hookeria Moss,Neutral
Nonvascular Plant,Amblystegium serpens,Amblystegium Moss,Neutral
Nonvascular Plant,Amblystegium varium,Amblystegium Moss,Neutral
Nonvascular Plant,Campylium chrysophyllum,Goldenleaf Campylium Moss,Neutral
Nonvascular Plant,Campylium hispidulum,Hispid Campylium Moss,Neutral
Nonvascular Plant,Campylium polygamum,Campylium Moss,Neutral
Nonvascular Plant,Campylium radicale,Campylium Moss,Neutral
Nonvascular Plant,Cratoneuron filicinum,Cratoneuron Moss,Neutral
Nonvascular Plant,Hygroamblystegium tenax,Hygroamblystegium Moss,Neutral
Nonvascular Plant,Hygrohypnum closteri,Closter's Brook-Hypnum,Neutral
Nonvascular Plant,Hygrohypnum eugyrium,Hygrohypnum Moss,Neutral
Nonvascular Plant,Hygrohypnum micans,Hygrohypnum Moss,Neutral
Nonvascular Plant,Hygrohypnum molle,Hygrohypnum Moss,Neutral
Nonvascular Plant,Hygrohypnum ochraceum,Hygrohypnum Moss,Neutral
Nonvascular Plant,Hygrohypnum subeugyrium,Hygrohypnum Moss,Neutral
Nonvascular Plant,Leptodictyum riparium,Streamside Leptodictyum Moss,Neutral
Nonvascular Plant,Platylomella lescurii,Lescur's Platylomella Moss,Neutral
Nonvascular Plant,Anomodon attenuatus,Anomodon Moss,Neutral
Nonvascular Plant,Anomodon minor,Anomodon Moss,Neutral
Nonvascular Plant,Anomodon rostratus,Anomodon Moss,Neutral
Nonvascular Plant,Anomodon rugelii,Rugel's Anomodon Moss,Neutral
Nonvascular Plant,Anomodon viticulosus,Anomodon Moss,Neutral
Nonvascular Plant,Haplohymenium triste,Haplohymenium Moss,Neutral
Nonvascular Plant,Herpetineuron toccoae,Herpetineuron Moss,Neutral
Nonvascular Plant,Brachythecium acuminatum,Acuminate Brachythecium Moss,Neutral
Nonvascular Plant,Brachythecium digastrum,Brachythecium Moss,Neutral
Nonvascular Plant,Brachythecium oedipodium,Brachythecium Moss,Neutral
Nonvascular Plant,Brachythecium oxycladon,Brachythecium Moss,Neutral
Nonvascular Plant,Brachythecium plumosum,Brachythecium Moss,Neutral
Nonvascular Plant,Brachythecium rivulare,Brachythecium Moss,Neutral
Nonvascular Plant,Brachythecium rutabulum,Brachythecium Moss,Neutral
Nonvascular Plant,Brachythecium salebrosum,Brachythecium Moss,Neutral
Nonvascular Plant,Bryhnia graminicolor,Bryhnia Moss,Neutral
Nonvascular Plant,Bryhnia novae-angliae,New England Bryhnia Moss,Neutral
Nonvascular Plant,Bryoandersonia illecebra,Bryoandersonia Moss,Neutral
Nonvascular Plant,Cirriphyllum piliferum,A Moss,Neutral
Nonvascular Plant,Eurhynchium hians,Eurhynchium Moss,Neutral
Nonvascular Plant,Eurhynchium pulchellum,Eurhynchium Moss,Neutral
Nonvascular Plant,Homalotheciella subcapillata,Homalotheciella Moss,Neutral
Nonvascular Plant,Isothecium myosuroides,Isothecium Moss,Neutral
Nonvascular Plant,Platyhypnidium riparoides,Platyhypnidium Moss,Neutral
Nonvascular Plant,Steerecleus serrulatus,Steerecleus Moss,Neutral
Nonvascular Plant,Climacium americanum,American Climacium Moss,Neutral
Nonvascular Plant,Climacium kindbergii,Kindberg's Climacium Moss,Neutral
Nonvascular Plant,Cryphaea glomerata,Cryphaea Moss,Neutral
Nonvascular Plant,Cryphaea nervosa,Cryphaea Moss,Neutral
Nonvascular Plant,Entodon brevisetus,Entodon Moss,Neutral
Nonvascular Plant,Entodon cladorrhizans,Entodon Moss,Neutral
Nonvascular Plant,Entodon concinnus,Entodon Moss,Neutral
Nonvascular Plant,Entodon macropodus,Entodon Moss,Neutral
Nonvascular Plant,Entodon seductrix,Seductive Entodon Moss,Neutral
Nonvascular Plant,Entodon sullivantii,Sullivant's Entodon Moss,Neutral
Nonvascular Plant,Anacamptodon splachnoides,Anacamptodon Moss,Neutral
Nonvascular Plant,Clasmatodon parvulus,Clasmatodon Moss,Neutral
Nonvascular Plant,Fabronia ciliaris,Fabronia Moss,Neutral
Nonvascular Plant,Fabronia ciliaris var. polycarpa,Fabronia Moss,Neutral
Nonvascular Plant,Fontinalis dalecarlica,Fontinalis Moss,Neutral
Nonvascular Plant,Fontinalis flaccida,Flaccid Fontinalis Moss,Neutral
Nonvascular Plant,Fontinalis novae-angliae,New England Fontinalis Moss,Neutral
Nonvascular Plant,Fontinalis novae-angliae var. novae-angliae,New England Fontinalis Moss,Neutral
Nonvascular Plant,Fontinalis sullivantii,Sullivant's Fontinalis Moss,Neutral
Nonvascular Plant,Hylocomiastrum umbratum,Hylocomiastrum Moss,Neutral
Nonvascular Plant,Hylocomium splendens,Splendid Feather Moss,Neutral
Nonvascular Plant,Leptohymenium sharpii,Sharp's Leptohymenium Moss,Species of Concern
Nonvascular Plant,Loeskeobryum brevirostre,Loeskeobryum Moss,Neutral
Nonvascular Plant,Pleurozium schreberi,Schreber's Big Red Stem Moss,Neutral
Nonvascular Plant,Pterigynandrum sharpii,Mount Leconte Moss,Neutral
Nonvascular Plant,Rhytidiadelphus squarrosus,Square Goose Neck Moss,Neutral
Nonvascular Plant,Rhytidiadelphus triquetrus,Rough Goose Neck Moss,Neutral
Nonvascular Plant,Callicladium haldanianum,Callicladium Moss,Neutral
Nonvascular Plant,Ctenidium malacodes,Ctenidium Moss,Neutral
Nonvascular Plant,Ctenidium molluscum,Mollusc Ctenidium Moss,Neutral
Nonvascular Plant,Herzogiella striatella,Herzogiella Moss,Neutral
Nonvascular Plant,Homomallium adnatum,Homomallium Moss,Neutral
Nonvascular Plant,Hypnum cupressiforme,Hypnum Moss,Neutral
Nonvascular Plant,Hypnum cupressiforme var. filiforme,Filiform Hypnum Moss,Neutral
Nonvascular Plant,Hypnum curvifolium,Curveleaf Hypnum Moss,Neutral
Nonvascular Plant,Hypnum fertile,Hypnum Moss,Neutral
Nonvascular Plant,Hypnum imponens,Hypnum Moss,Neutral
Nonvascular Plant,Hypnum lindbergii,Lindberg's Hypnum Moss,Neutral
Nonvascular Plant,Hypnum pallescens,Hypnum Moss,Neutral
Nonvascular Plant,Hypnum pratense,Hypnum Moss,Neutral
Nonvascular Plant,Isopterygiopsis muelleriana,Mueller's Isopterygiopsis Moss,Neutral
Nonvascular Plant,Platydictya confervoides,Platydictya Moss,Neutral
Nonvascular Plant,Pseudotaxiphyllum distichaceum,Pseudotaxiphyllum Moss,Neutral
Nonvascular Plant,Pseudotaxiphyllum elegans,Elegant Pseudotaxiphyllum Moss,Neutral
Nonvascular Plant,Ptilium crista-castrensis,Knights Plume Moss,Neutral
Nonvascular Plant,Pylaisiella intricata,Intricate Pylaisiella Moss,Neutral
Nonvascular Plant,Pylaisiella polyantha,Pylaisiella Moss,Neutral
Nonvascular Plant,Pylaisiella selwynii,Selwyn's Pylaisiella Moss,Neutral
Nonvascular Plant,Taxiphyllum deplanatum,Taxiphyllum Moss,Neutral
Nonvascular Plant,Taxiphyllum taxirameum,Taxiphyllum Moss,Neutral
Nonvascular Plant,Forsstroemia trichomitria,Forsstroemia Moss,Neutral
Nonvascular Plant,Bryohaplocladium microphyllum,Bryohaplocladium Moss,Neutral
Nonvascular Plant,Bryohaplocladium virginianum,Virginia Bryohaplocladium Moss,Neutral
Nonvascular Plant,Leskea gracilescens,Leskea Moss,Neutral
Nonvascular Plant,Leskea obscura,Leskea Moss,Neutral
Nonvascular Plant,Leskeella nervosa,Leskeella,Neutral
Nonvascular Plant,Leucodon brachypus,Leucodon Moss,Neutral
Nonvascular Plant,Leucodon brachypus var. andrewsianus,Andrews' Lecodon Moss,Neutral
Nonvascular Plant,Leucodon julaceus,Leucodon Moss,Neutral
Nonvascular Plant,Schwetschkeopsis fabronia,Schwetschkeopsis Moss,Neutral
Nonvascular Plant,Homalia trichomanoides,Homalia Moss,Neutral
Nonvascular Plant,Neckera complanata,Neckera Moss,Neutral
Nonvascular Plant,Neckera pennata,Neckera Moss,Neutral
Nonvascular Plant,Thamnobryum alleghaniense,Allegany Thamnobryum Moss,Neutral
Nonvascular Plant,Plagiothecium cavifolium,Plagiothecium Moss,Neutral
Nonvascular Plant,Plagiothecium denticulatum,Toothed Plagiothecium Moss,Neutral
Nonvascular Plant,Plagiothecium laetum,Plagiothecium Moss,Neutral
Nonvascular Plant,Heterocladium macounii,Macoun's Heterocladium Moss,Neutral
Nonvascular Plant,Myurella sibirica,Siberian Myurella Moss,Neutral
Nonvascular Plant,Pterigynandrum filiforme,Pterigynandrum Moss,Neutral
Nonvascular Plant,Isopterygium tenerum,Isopterygium Moss,Neutral
Nonvascular Plant,Platygyrium repens,Platygyrium Moss,Neutral
Nonvascular Plant,Pylaisiadelpha tenuirostris,Pylaisiadelpha Moss,Neutral
Nonvascular Plant,Brotherella recurvans,Recurved Brotherella Moss,Neutral
Nonvascular Plant,Heterophyllium affine,Heterophyllium Moss,Neutral
Nonvascular Plant,Sematophyllum adnatum,Sematophyllum Moss,Neutral
Nonvascular Plant,Sematophyllum demissum,Sematophyllum Moss,Neutral
Nonvascular Plant,Sematophyllum marylandicum,Maryland Sematophyllum Moss,Neutral
Nonvascular Plant,Thelia hirtella,Thelia Moss,Neutral
Nonvascular Plant,Abietinella abietina,Abietinella Moss,Neutral
Nonvascular Plant,Cyrto-hypnum minutulum,Cyrto-Hypnum Moss,Neutral
Nonvascular Plant,Cyrto-hypnum pygmaeum,Pygmy Cyrto-Hypnum Moss,Neutral
Nonvascular Plant,Rauiella scita,Rauiella Moss,Neutral
Nonvascular Plant,Thuidium allenii,Allen's Thuidium Moss,Neutral
Nonvascular Plant,Thuidium delicatulum,Delicate Thuidium Moss,Neutral
Nonvascular Plant,Thuidium recognitum,Thuidium Moss,Neutral
Nonvascular Plant,Acrobolbus ciliatus,Acrobolbus,Neutral
Nonvascular Plant,Calypogeja muelleriana,Mªller's Calypogeja,Neutral
Nonvascular Plant,Calypogeja muelleriana ssp. blomquistii,Blomquist's Calypogeja,Neutral
Nonvascular Plant,Calypogeja neesiana,Nees' Calypogeja,Neutral
Nonvascular Plant,Calypogeja peruviana,Peruvian Calypogeja,Neutral
Nonvascular Plant,Calypogeja sphagnicola,Sphagnum Calypogeja,Neutral
Nonvascular Plant,Calypogeja sullivantii,Sullivant's Calypogeja,Neutral
Nonvascular Plant,Cephalozia bicuspidata,Twotoothed Cephalozia,Neutral
Nonvascular Plant,Cephalozia bicuspidata ssp. ambigua,Twotoothed Cephalozia,Neutral
Nonvascular Plant,Cephalozia bicuspidata ssp. lammersiana,Lammers' Cephalozia,Neutral
Nonvascular Plant,Cephalozia catenulata,Cephalozia,Neutral
Nonvascular Plant,Cephalozia connivens,Cephalozia,Neutral
Nonvascular Plant,Cephalozia lunulifolia,Cephalozia,Neutral
Nonvascular Plant,Bazzania denudata,Bazzania,Neutral
Nonvascular Plant,Bazzania nudicaulis,Bazzania,Species of Concern
Nonvascular Plant,Bazzania tricrenata,Bazzania,Neutral
Nonvascular Plant,Bazzania trilobata,Threelobed Bazzania,Neutral
Nonvascular Plant,Lophocolea appalachiana,Appalachian Lophocolea,Species of Concern
Nonvascular Plant,Lophocolea muricata,Liverwort,Neutral
Nonvascular Plant,Blepharostoma trichophyllum,Blepharostoma,Neutral
Nonvascular Plant,Anastrophyllum helleranum,Heller's Anastrophyllum,Neutral
Nonvascular Plant,Anastrophyllum michauxii,Michaux's Anastrophyllum,Neutral
Nonvascular Plant,Anastrophyllum minutum,Anastrophyllum,Neutral
Nonvascular Plant,Anastrophyllum saxicola,Anastrophyllum,Neutral
Nonvascular Plant,Barbilophozia attenuata,Attenuate Barbilophozia,Neutral
Nonvascular Plant,Aneura pinguis,Aneura,Neutral
Nonvascular Plant,Apometzgeria pubescens,Apometzgeria,Neutral
Nonvascular Plant,Notothylas orbicularis,Round Notothylas,Neutral
Nonvascular Plant,Phaeoceros laevis,Phaeoceros,Neutral
Nonvascular Plant,Phaeoceros laevis ssp. carolinianus,Carolina Phaeoceros,Neutral
Nonvascular Plant,Amphidium mougeotii,Mougeot's Amphidium Moss,Neutral
Nonvascular Plant,Macrocoma sullivantii,Sullivant's Macrocoma Moss,Neutral
Nonvascular Plant,Orthotrichum exiguum,Orthotrichum Moss,Neutral
Nonvascular Plant,Orthotrichum ohioense,Ohio Orthotrichum Moss,Neutral
Nonvascular Plant,Orthotrichum stellatum,Stellate Orthotrichum Moss,Neutral
Nonvascular Plant,Orthotrichum strangulatum,Strangulate Orthotrichum Moss,Neutral
Nonvascular Plant,Schlotheimia rugifolia,Ruggedleaf Schlotheimia Moss,Neutral
Nonvascular Plant,Ulota coarctata,Ulota Moss,Neutral
Nonvascular Plant,Ulota crispa,Ulota Moss,Neutral
Nonvascular Plant,Ulota hutchinsiae,Hutchins' Ulota Moss,Neutral
Nonvascular Plant,Ulota hutchinsiae var. rufescens,Hutchins' Ulota Moss,Neutral
Nonvascular Plant,Zygodon viridissimus,Zygodon Moss,Neutral
Nonvascular Plant,Zygodon viridissimus var. rupestris,Zygodon Moss,Neutral
Nonvascular Plant,Atrichum altecristatum,Atrichum Moss,Neutral
Nonvascular Plant,Atrichum angustatum,Atrichum Moss,Neutral
Nonvascular Plant,Atrichum crispum,Atrichum Moss,Neutral
Nonvascular Plant,Atrichum oerstedianum,Oersted's Atrichum Moss,Neutral
Nonvascular Plant,Atrichum undulatum,Undulate Atrichum Moss,Neutral
Nonvascular Plant,Pogonatum brachyphyllum,Pogonatum Moss,Neutral
Nonvascular Plant,Pogonatum pensilvanicum,Pennsylvania Pogonatum Moss,Neutral
Nonvascular Plant,Polytrichum appalachianum,Appalachian Polytrichum Moss,Neutral
Nonvascular Plant,Polytrichum commune,Polytrichum Moss,Neutral
Nonvascular Plant,Polytrichum juniperinum,Juniper Polytrichum Moss,Neutral
Nonvascular Plant,Polytrichum ohioense,Ohio Polytrichum Moss,Neutral
Nonvascular Plant,Polytrichum pallidisetum,Polytrichum Moss,Neutral
Nonvascular Plant,Polytrichum piliferum,Polytrichum Moss,Neutral
Nonvascular Plant,Polytrichum strictum,Polytrichum Moss,Neutral
Nonvascular Plant,Anoectangium aestivum,Anoectangium Moss,Neutral
Nonvascular Plant,Astomum muehlenbergianum,Muehlenberg's Astomum Moss,Neutral
Nonvascular Plant,Barbula convoluta,Convoluted Barbula Moss,Neutral
Nonvascular Plant,Barbula unguiculata,Barbula Moss,Neutral
Nonvascular Plant,Didymodon fallax,Didymodon Moss,Neutral
Nonvascular Plant,Didymodon fallax var. reflexus,Didymodon Moss,Neutral
Nonvascular Plant,Didymodon rigidulus,Rigid Didymodon Moss,Neutral
Nonvascular Plant,Ephemerum spinulosum,Ephemerum Moss,Neutral
Nonvascular Plant,Eucladium verticillatum,Eucladium Moss,Neutral
Nonvascular Plant,Gymnostomum aeruginosum,Gymnostomum Moss,Neutral
Nonvascular Plant,Hymenostylium recurvirostre,Hymenostylium Moss,Neutral
Nonvascular Plant,Hyophila involuta,Hyophila Moss,Neutral
Nonvascular Plant,Leptodontium excelsum,Grandfather Mountain Leptodontium,Neutral
Nonvascular Plant,Leptodontium flexifolium,Pale-Margined Leptodontium,Neutral
Nonvascular Plant,Oxystegus tenuirostris,Oxystegus Moss,Neutral
Nonvascular Plant,Scopelophila ligulata,Copper Moss,Neutral
Nonvascular Plant,Tortella humilis,Tortella Moss,Neutral
Nonvascular Plant,Tortella tortuosa,Tortured Tortella Moss,Neutral
Nonvascular Plant,Tortula ammonsiana,Ammon's Screw-Moss,Species of Concern
Nonvascular Plant,Tortula amphidiacea,Tortula Moss,Neutral
Nonvascular Plant,Tortula fragilis,Fragmented Screw-Moss,Neutral
Nonvascular Plant,Weissia controversa,Controverial Weissia Moss,Neutral
Nonvascular Plant,Aulacomnium heterostichum,Aulacomnium Moss,Neutral
Nonvascular Plant,Aulacomnium palustre,Aulacomnium Moss,Neutral
Nonvascular Plant,Drummondia prorepens,Drummond Moss,Neutral
Nonvascular Plant,Sphagnum affine,Sphagnum,Neutral
Nonvascular Plant,Sphagnum capillifolium,Sphagnum,Neutral
Nonvascular Plant,Sphagnum compactum,Low Sphagnum,Neutral
Nonvascular Plant,Sphagnum cuspidatum,Toothed Sphagnum,Neutral
Nonvascular Plant,Sphagnum girgensohnii,Girgensohn's Sphagnum,Neutral
Nonvascular Plant,Sphagnum magellanicum,Magellan's Sphagnum,Neutral
Nonvascular Plant,Sphagnum molle,Sphagnum,Neutral
Nonvascular Plant,Sphagnum palustre,Prairie Sphagnum,Neutral
Nonvascular Plant,Sphagnum pylaesii,Pylaes' Sphagnum,Neutral
Nonvascular Plant,Sphagnum quinquefarium,Sphagnum,Neutral
Nonvascular Plant,Sphagnum squarrosum,Sphagnum,Neutral
Nonvascular Plant,Sphagnum subsecundum,Sphagnum,Neutral
Nonvascular Plant,Tetraphis pellucida,Tetraphis Moss,Neutral
Nonvascular Plant,Tetrodontium brownianum,Brown's Tetrodontium Moss,Neutral
Mammal,Antilocapra americana,"Pronghorn, Antelope",Neutral
Mammal,Bison bison,"Buffalo, Bison",Neutral
Mammal,Oreamnos americanus,"Rocky Mountain Goat, Mountain Goat",Neutral
Mammal,Ovis canadensis,Bighorn Sheep,Species of Concern
Mammal,Alces alces,"Eurasian Elk, Moose",Neutral
Mammal,Alces alces shirasi,Yellowstone Moose,Neutral
Mammal,Odocoileus hemionus,Mule Deer,Neutral
Mammal,Lynx canadensis,"Canadian Lynx, Canada Lynx, Lynx",Neutral
Mammal,Spilogale gracilis,Western Spotted Skunk,Neutral
Mammal,Gulo gulo,Wolverine,Neutral
Mammal,Martes americana,Pine Marten,Neutral
Mammal,Mustela erminea,"Ermine, Short Tailed Weasel",Neutral
Mammal,Taxidea taxus,"American Badger, Badger",Species of Concern
Mammal,Ursus arctos horribilis,Grizzly Bear,Threatened
Mammal,Antrozous pallidus,Pallid Bat,Species of Concern
Mammal,Corynorhinus townsendii,"Townsend's Big-Eared Bat, Western Big-Eared Bat, Pacific Townsend's Big-Eared Bat, Western Long-Eared Bat, Western Lump-Nosed Bat, Mule-Eared Bat",Neutral
Mammal,Euderma maculatum,Spotted Bat,Species of Concern
Mammal,Myotis californicus,"Californian Myotis, California Myotis",Species of Concern
Mammal,Myotis ciliolabrum,"Western Small-Footed Bat, Western Small-Footed Myotis, Small-Footed Myotis",Neutral
Mammal,Myotis evotis,Long-Eared Myotis,Species of Concern
Mammal,Myotis thysanodes,Fringed Myotis,Species of Concern
Mammal,Myotis volans,Long-Legged Myotis,Species of Concern
Mammal,Myotis yumanensis,Yuma Myotis,Species of Concern
Mammal,Lepus townsendii,"White-Tailed Jackrabbit, White-Tailed Jack Rabbit",Neutral
Mammal,Sylvilagus audubonii,Desert Cottontail,Neutral
Mammal,Sylvilagus nuttallii,Mountain Cottontail,Neutral
Mammal,Ochotona princeps,"American Pika, Pika",Neutral
Mammal,Lemmiscus curtatus,Sagebrush Vole,Neutral
Mammal,Microtus longicaudus,"Long-Tailed Vole, Coronation Island Vole",Neutral
Mammal,Microtus montanus,Montane Vole,Neutral
Mammal,Microtus richardsoni,Richardson Water Vole,Neutral
Mammal,Neotoma cinerea,Bushy-Tailed Woodrat,Neutral
Mammal,Phenacomys intermedius,"Heather Vole, Western Heather Vole",Neutral
Mammal,Zapus princeps,Western Jumping Mouse,Neutral
Mammal,Thomomys talpoides,Northern Pocket Gopher,Neutral
Mammal,Glaucomys sabrinus,Northern Flying Squirrel,Neutral
Mammal,Marmota flaviventris,Yellow-Bellied Marmot,Neutral
Mammal,Neotamias amoenus,Yellow Pine Chipmunk,Neutral
Mammal,Neotamias minimus,Least Chipmunk,Neutral
Mammal,Neotamias umbrinus,Uinta Chipmunk,Neutral
Mammal,Spermophilus armatus,Uinta Ground Squirrel,Neutral
Mammal,Spermophilus lateralis,Golden-Mantled Ground Squirrel,Neutral
Mammal,Tamias amoenus,Yellow-Pine Chipmunk,Neutral
Mammal,Tamias minimus,Least Chipmunk,Neutral
Mammal,Tamias umbrinus,Uinta Chipmunk,Neutral
Mammal,Sorex monticolus,Dusky Shrew,Neutral
Mammal,Sorex nanus,"Rocky Mountain Dwarf Shrew, Dwarf Shrew",Neutral
Mammal,Sorex preblei,"Malheur Shrew, Preble's Shrew",Species of Concern
Bird,Streptopelia decaocto,Eurasian Collared-Dove,Neutral
Bird,Buteo lagopus,Rough-Legged Hawk,Species of Concern
Bird,Buteo regalis,Ferruginous Hawk,Neutral
Bird,Buteo swainsoni,Swainson's Hawk,Neutral
Bird,Anas cyanoptera,Cinnamon Teal,Neutral
Bird,Anas penelope,Eurasian Wigeon,Neutral
Bird,Anas strepera,Gadwall,Neutral
Bird,Anser albifrons,Greater White-Fronted Goose,Neutral
Bird,Aythya marila,Greater Scaup,Neutral
Bird,Aythya valisineria,Canvasback,Neutral
Bird,Branta hutchinsii,Cackling Goose,Neutral
Bird,Bucephala islandica,Barrow's Goldeneye,Neutral
Bird,Chen rossii,"Ross' Goose, Ross's Goose",Neutral
Bird,Clangula hyemalis,"Oldsquaw, Long-Tailed Duck",Neutral
Bird,Cygnus buccinator,Trumpeter Swan,Species of Concern
Bird,Cygnus columbianus,Tundra Swan,Neutral
Bird,Cygnus cygnus,Whooper Swan,Neutral
Bird,Melanitta perspicillata,Surf Scoter,Neutral
Bird,Aeronautes saxatalis,White-Throated Swift,Neutral
Bird,Chaetura vauxi,Vaux's Swift,Species of Concern
Bird,Selasphorus platycercus,Broad-Tailed Hummingbird,Neutral
Bird,Selasphorus rufus,Rufous Hummingbird,Species of Concern
Bird,Stellula calliope,Calliope Hummingbird,Species of Concern
Bird,Charadrius nivosus,Snowy Plover,Neutral
Bird,Pluvialis squatarola,Black-Bellied Plover,Neutral
Bird,Hydroprogne caspia,Caspian Tern,Neutral
Bird,Larus argentatus,"European Herring Gull, Herring Gull",Neutral
Bird,Larus californicus,California Gull,Neutral
Bird,Larus canus,Mew Gull,Neutral
Bird,Larus pipixcan,Franklin's Gull,Neutral
Bird,Rissa tridactyla,Black-Legged Kittiwake,Neutral
Bird,Sterna caspia,Caspian Tern,Neutral
Bird,Sterna forsteri,Forster's Tern,Neutral
Bird,Sterna hirundo,Common Tern,Species of Concern
Bird,Sterna paradisaea,Arctic Tern,Neutral
Bird,Xema sabini,Sabine's Gull,Neutral
Bird,Himantopus mexicanus,Black-Necked Stilt,Neutral
Bird,Recurvirostra americana,American Avocet,Neutral
Bird,Arenaria interpres,Ruddy Turnstone,Neutral
Bird,Bartramia longicauda,Upland Sandpiper,Species of Concern
Bird,Calidris alba,Sanderling,Neutral
Bird,Calidris alpina,Dunlin,Neutral
Bird,Calidris bairdii,Baird's Sandpiper,Neutral
Bird,Calidris canutus,Red Knot,Neutral
Bird,Calidris fuscicollis,White-Rumped Sandpiper,Neutral
Bird,Calidris himantopus,Stilt Sandpiper,Neutral
Bird,Calidris mauri,Western Sandpiper,Neutral
Bird,Calidris melanotos,Pectoral Sandpiper,Neutral
Bird,Gallinago delicata,Wilson's Snipe,Neutral
Bird,Limnodromus scolopaceus,Long-Billed Dowitcher,Neutral
Bird,Limosa fedoa,Marbled Godwit,Species of Concern
Bird,Limosa haemastica,Hudsonian Godwit,Neutral
Bird,Numenius americanus,Long-Billed Curlew,Neutral
Bird,Phalaropus tricolor,Wilson's Phalarope,Neutral
Bird,Tringa incana,Wandering Tattler,Neutral
Bird,Tringa semipalmata,Willet,Neutral
Bird,Stercorarius parasiticus,Parasitic Jaeger,Neutral
Bird,Mycteria americana,Wood Stork,Neutral
Bird,Patagioenas fasciata,Band-Tailed Pigeon,Species of Concern
Bird,Caracara cheriway,Crested Caracara,Neutral
Bird,Falco mexicanus,Prairie Falcon,Species of Concern
Bird,Falco peregrinus anatum,American Peregrine Falcon,In Recovery
Bird,Centrocercus urophasianus,"Greater Sage-Grouse, Greater Sage Grouse, Sage Grouse",Neutral
Bird,Dendragapus obscurus,Dusky Grouse,Neutral
Bird,Lagopus leucura,White-Tailed Ptarmigan,Neutral
Bird,Perdix perdix,"Gray Partridge, Grey Partridge",Neutral
Bird,Tympanuchus phasianellus,Sharp-Tailed Grouse,Neutral
Bird,Gavia pacifica,"Pacific Diver, Pacific Loon",Neutral
Bird,Gavia stellata,"Red-Throated Diver, Red-Throated Loon",Neutral
Bird,Coturnicops noveboracensis,Yellow Rail,Species of Concern
Bird,Bombycilla garrulus,Bohemian Waxwing,Neutral
Bird,Calcarius lapponicus,Lapland Longspur,Neutral
Bird,Calcarius mccownii,Mccown's Longspur,Species of Concern
Bird,Passerina amoena,Lazuli Bunting,Neutral
Bird,Pheucticus melanocephalus,Black-Headed Grosbeak,Neutral
Bird,Piranga ludoviciana,Western Tanager,Neutral
Bird,Cinclus mexicanus,American Dipper,Neutral
Bird,Cyanocitta stelleri,Steller's Jay,Neutral
Bird,Gymnorhinus cyanocephalus,Pinyon Jay,Species of Concern
Bird,Nucifraga columbiana,Clark's Nutcracker,Neutral
Bird,Perisoreus canadensis,"Gray Jay, Grey Jay",Neutral
Bird,Pica hudsonia,"Black-Billed Magpie, Magpie",Neutral
Bird,Amphispiza bilineata,Black-Throated Sparrow,Neutral
Bird,Artemisiospiza nevadensis,Sagebrush Sparrow,Neutral
Bird,Calamospiza melanocorys,Lark Bunting,Neutral
Bird,Pipilo chlorurus,Green-Tailed Towhee,Species of Concern
Bird,Pipilo maculatus,Spotted Towhee,Neutral
Bird,Spizella atrogularis,Black-Chinned Sparrow,Neutral
Bird,Spizella breweri,Brewer's Sparrow,Species of Concern
Bird,Spizella pallida,Clay-Colored Sparrow,Neutral
Bird,Zonotrichia querula,Harris's Sparrow,Neutral
Bird,Acanthus flammea,"Redpoll, Common Redpoll",Neutral
Bird,Carpodacus cassinii,Cassin's Finch,Neutral
Bird,Leucosticte atrata,Black Rosy-Finch,Neutral
Bird,Leucosticte tephrocotis,Gray-Crowned Rosy-Finch,Neutral
Bird,Pinicola enucleator,Pine Grosbeak,Neutral
Bird,Spinus pinus,Pine Siskin,Neutral
Bird,Spinus psaltria,Lesser Goldfinch,Neutral
Bird,Spinus tristis,American Goldfinch,Neutral
Bird,Tachycineta thalassina,Violet-Green Swallow,Neutral
Bird,Euphagus cyanocephalus,Brewer's Blackbird,Neutral
Bird,Icterus bullockii,Bullock's Oriole,Neutral
Bird,Sturnella neglecta,Western Meadowlark,Neutral
Bird,Lanius excubitor,"Great Grey Shrike, Northern Shrike",Neutral
Bird,Oreoscoptes montanus,Sage Thrasher,Species of Concern
Bird,Poecile gambeli,Mountain Chickadee,Neutral
Bird,Cardellina pusilla,Wilson's Warbler,Neutral
Bird,Oreothlypis celata,Orange-Crowned Warbler,Neutral
Bird,Oreothlypis peregrina,Tennessee Warbler,Neutral
Bird,Oreothlypis ruficapilla,Nashville Warbler,Neutral
Bird,Oreothlypis virginiae,Virginia's Warbler,Neutral
Bird,Seiurus aurocapillus,Ovenbird,Neutral
Bird,Setophaga castanea,Bay-Breasted Warbler,Neutral
Bird,Setophaga citrina,Hooded Warbler,Neutral
Bird,Setophaga coronata,Yellow-Rumped Warbler,Neutral
Bird,Setophaga discolor,Prairie Warbler,Neutral
Bird,Setophaga dominica,Yellow-Throated Warbler,Neutral
Bird,Setophaga fusca,Blackburnian Warbler,Neutral
Bird,Setophaga palmarum,Palm Warbler,Neutral
Bird,Setophaga pensylvanica,Chestnut-Sided Warbler,Neutral
Bird,Setophaga petechia,Yellow Warbler,Neutral
Bird,Setophaga striata,Blackpoll Warbler,Neutral
Bird,Setophaga tigrina,Cape May Warbler,Neutral
Bird,Setophaga townsendi,Townsend's Warbler,Neutral
Bird,Phainopepla nitens,Phainopepla,Species of Concern
Bird,Sitta pygmaea,Pygmy Nuthatch,Neutral
Bird,Catherpes mexicanus,Canyon Wren,Neutral
Bird,Salpinctes obsoletus,Rock Wren,Neutral
Bird,Ixoreus naevius,Varied Thrush,Neutral
Bird,Myadestes townsendi,Townsend's Solitaire,Neutral
Bird,Sialia currucoides,Mountain Bluebird,Neutral
Bird,Sialia mexicana,Western Bluebird,Species of Concern
Bird,Contopus sordidulus,"Western Wood-Pewee, Western Wood Pewee",Neutral
Bird,Empidonax hammondii,Hammond's Flycatcher,Neutral
Bird,Empidonax oberholseri,Dusky Flycatcher,Neutral
Bird,Empidonax occidentalis,Cordilleran Flycatcher,Neutral
Bird,Empidonax wrightii,"Grey Flycatcher, Gray Flycatcher",Neutral
Bird,Myiarchus cinerascens,Ash-Throated Flycatcher,Neutral
Bird,Sayornis saya,Say's Phoebe,Neutral
Bird,Bubulcus ibis,"Cattle Egret, Western Cattle Egret",Neutral
Bird,Egretta thula,Snowy Egret,Neutral
Bird,Egretta tricolor,Tricolored Heron,Neutral
Bird,Plegadis chihi,White-Faced Ibis,Species of Concern
Bird,Plegadis falcinellus,Glossy Ibis,Neutral
Bird,Melanerpes lewis,"Lewis's Woodpecker, Lewis' Woodpecker",Neutral
Bird,Picoides albolarvatus,White-Headed Woodpecker,Neutral
Bird,Picoides dorsalis,American Three-Toed Woodpecker,Neutral
Bird,Sphyrapicus nuchalis,Red-Naped Sapsucker,Neutral
Bird,Sphyrapicus thyroideus,Williamson's Sapsucker,Species of Concern
Bird,Aechmophorus clarkii,Clark's Grebe,Neutral
Bird,Aechmophorus occidentalis,Western Grebe,Species of Concern
Bird,Podiceps grisegena,Red-Necked Grebe,Neutral
Bird,Podiceps nigricollis,"Black-Necked Grebe, Eared Grebe",Neutral
Bird,Psiloscops flammeolus,Flammulated Owl,Neutral
Bird,Aegolius funereus,Boreal Owl,Neutral
Bird,Athene cunicularia,Burrowing Owl,Neutral
Bird,Bubo scandiacus,Snowy Owl,Neutral
Bird,Glaucidium gnoma,"Mountain Pygmy Owl, Northern Pygmy-Owl",Neutral
Bird,Megascops kennicottii,Western Screech-Owl,Neutral
Bird,Strix nebulosa,"Great Gray Owl, Great Grey Owl",Neutral
Reptile,Charina bottae,Rubber Boa,Neutral
Reptile,Coluber constrictor,Racer,Neutral
Reptile,Pituophis catenifer sayi,Bullsnake,Neutral
Reptile,Thamnophis elegans vagrans,Wandering Garter Snake,Neutral
Reptile,Thamnophis sirtalis fitchi,Valley Garter Snake,Neutral
Reptile,Phrynosoma hernandesi,Greater Short-Horned Lizard,Neutral
Reptile,Sceloporus graciosus graciosus,Northern Sagebrush Lizard,Species of Concern
Reptile,Crotalus viridis viridis,Prairie Rattlesnake,Neutral
Reptile,Chrysemys picta bellii,Western Painted Turtle,Neutral
Amphibian,Anaxyrus boreas boreas,Boreal Toad,Neutral
Amphibian,Bufo woodhousii,Woodhouse's Toad,Neutral
Amphibian,Pseudacris maculata,Boreal Chorus Frog,Neutral
Amphibian,Rana luteiventris,Columbia Spotted Frog,Species of Concern
Amphibian,Spea bombifrons,Plains Spadefoot,Neutral
Amphibian,Spea intermontana,Great Basin Spadefoot,Neutral
Amphibian,Ambystoma mavortium melanostictum,Blotched Tiger Salamander,Neutral
Fish,Catostomus ardens,Utah Sucker,Neutral
Fish,Catostomus catostomus,Longnose Sucker,Neutral
Fish,Catostomus platyrhynchus,Mountain Sucker,Neutral
Fish,Chasmistes liorus,June Sucker,Endangered
Fish,Couesius plumbeus,Lake Chub,Neutral
Fish,Gila atraria,Utah Chub,Neutral
Fish,Rhinichthys osculus,Speckled Dace,Neutral
Fish,Richardsonius balteatus,Redside Shiner,Neutral
Fish,Oncorhynchus clarki behnkei,Finespotted Snake River Cutthroat Trout,Neutral
Fish,Oncorhynchus clarkii bouvieri,Yellowstone Cutthroat Trout,Neutral
Fish,Oncorhynchus clarkii lewisi,Westslope Cutthroat Trout,Neutral
Fish,Prosopium williamsoni,Mountain Whitefish,Neutral
Fish,Salvelinus namaycush,Lake Trout,Neutral
Fish,Thymallus arcticus,Arctic Grayling,Neutral
Fish,Cottus bairdii,Mottled Sculpin,Species of Concern
Vascular Plant,Dodecatheon pulchellum var. pulchellum,"Beautiful Shooting Star, Slimpod Shooting Star, Shooting Star",Neutral
Vascular Plant,Alisma triviale,"Northern Water-Plantain, Northern Water Plantain",Neutral
Vascular Plant,Sagittaria cuneata,"Arumleaf Arrowhead, Arum-Leaf Arrowhead, Wapato, Nothern Arrowhead",Neutral
Vascular Plant,Lemna gibba,Swollen Duckweed,Neutral
Vascular Plant,Lemna trisulca,"Star Duckweed, Ivy-Leaf Duckweed",Neutral
Vascular Plant,Lemna turionifera,Turion Duckweed,Neutral
Vascular Plant,Lysichiton americanus,American Skunkcabbage,Neutral
Vascular Plant,Elodea canadensis,"Broad Waterweed, Canada Waterweed, Canadian Waterweed",Neutral
Vascular Plant,Najas flexilis,"Slender Naiad, Nodding Waternymph, Wavy Waternymph",Species of Concern
Vascular Plant,Triglochin palustre,Slender Arrow-Grass,Neutral
Vascular Plant,Potamogeton alpinus,Alpine Pondweed,Neutral
Vascular Plant,Potamogeton foliosus ssp. fibrillosus,Leafy Pondweed,Neutral
Vascular Plant,Potamogeton foliosus ssp. foliosus,Leafy Pondweed,Neutral
Vascular Plant,Potamogeton friesii,"Flat-Stalk Pondweed, Fries' Pondweed",Neutral
Vascular Plant,Potamogeton gramineus,"Grassy Pondweed, Variableleaf Pondweed",Neutral
Vascular Plant,Potamogeton natans,"Floating Pondweed, Broadleaf Pondweed, Floatingleaf Pondweed",Neutral
Vascular Plant,Potamogeton obtusifolius,Bluntleaf Pondweed,Neutral
Vascular Plant,Potamogeton praelongus,"Whitestem Pondweed, White-Stem Pondweed",Neutral
Vascular Plant,Potamogeton pusillus,"Baby Pondweed, Small Pondweed",Neutral
Vascular Plant,Potamogeton pusillus ssp. pusillus,Small Pondweed,Neutral
Vascular Plant,Potamogeton pusillus ssp. tenuissimus,Small Pondweed,Neutral
Vascular Plant,Potamogeton robbinsii,"Robbins' Pondweed, Robbins Pondweed",Neutral
Vascular Plant,Potamogeton strictifolius,"Narrowleaf Pondweed, Straight-Leaf Pondweed",Neutral
Vascular Plant,Potamogeton zosteriformis,Flat-Stemmed Pondweed,Neutral
Vascular Plant,Stuckenia filiformis ssp. alpinus,"Fineleaf Pondweed, Northern Slender Pondweed",Neutral
Vascular Plant,Stuckenia filiformis ssp. occidentalis,"Slender Pondweed, Western Fineleaf Pondweed",Neutral
Vascular Plant,Stuckenia vaginata,Sheathed Pondweed,Neutral
Vascular Plant,Zannichellia palustris,"Horned Poolmat, Horned-Pondweed, Horned Pondweed",Neutral
Vascular Plant,Ruppia cirrhosa,Spiral Ditchgrass,Neutral
Vascular Plant,Scheuchzeria palustris,Rannoch-Rush,Neutral
Vascular Plant,Angelica arguta,"Angelica, Lyall's Angelica, Sharptooth Angelica",Neutral
Vascular Plant,Angelica pinnata,"Small-Leaf Angelica, Smallleaf Angelica",Neutral
Vascular Plant,Angelica roseana,Rose Angelica,Neutral
Vascular Plant,Bupleurum americanum,American Thorow Wax,Neutral
Vascular Plant,Cicuta maculata var. angustifolia,"Water Hemlock, Poison Parsnip, Spotted Water Hemlock, Spotted Water-Hemlock, Spotted Parsley, Common Water Hemlock, Spotted Cowbane",Neutral
Vascular Plant,Cymopterus nivalis,Snowline Springparsley,Neutral
Vascular Plant,Ligusticum canbyi,"Canby's Licorice-Root, Canby's Lovage",Neutral
Vascular Plant,Ligusticum filicinum,"Fernleaf Licorice-Root, Fernleaf Licoriceroot",Neutral
Vascular Plant,Lomatium ambiguum,Wyeth Biscuitroot,Neutral
Vascular Plant,Lomatium cous,"Cous-Root Desert-Parsley, Cous Biscuitroot, Cous' Biscuitroot",Neutral
Vascular Plant,Lomatium dissectum var. multifidum,Carrotleaf Biscuitroot,Neutral
Vascular Plant,Lomatium macrocarpum,"Largefruit Biscuitroot, Bigseed Biscuitroot, Large-Fruit Desert-Parsley, Long Mamma, Bigseed Lomatium",Neutral
Vascular Plant,Musineon divaricatum,"Leafy Musineon, Leafy Wildparsley, Leafy Wild Parsley, Wildparsley",Neutral
Vascular Plant,Orogenia linearifolia,"Great Basin Indian Potato, Indianpotato",Neutral
Vascular Plant,Osmorhiza berteroi,"Sweet Cicely, Mountain Sweetroot, Sweetcicely",Neutral
Vascular Plant,Osmorhiza depauperata,"Bluntseed Sweetroot, Blunt-Fruit Sweet-Cicely",Neutral
Vascular Plant,Sanicula graveolens,"Sierra Sanicle, Northern Sanicle",Neutral
Vascular Plant,Sium suave,"Hemlock Water-Parsnip, Common Waterparsnip, Hemlock Waterparsnip",Species of Concern
Vascular Plant,Allium brandegeei,Brandegee's Onion,Neutral
Vascular Plant,Allium brevistylum,Shortstyle Onion,Neutral
Vascular Plant,Allium cernuum,Nodding Onion,Neutral
Vascular Plant,Allium geyeri var. tenerum,Bulbil Onion,Neutral
Vascular Plant,Allium schoenoprasum,"Wild Chives, Wild Chive",Neutral
Vascular Plant,Allium textile,"Prairie Onion, Textile Onion, Wild Onion",Neutral
Vascular Plant,Camassia quamash,"Common Camas, Small Camas",Neutral
Vascular Plant,Maianthemum stellatum,"Starry False Solomon's Seal, False Solomon's Seal, Starry Solomon's-Seal, Little False Solomon's-Seal, Star False Solomon's-Seal, Starry False Solomon's-Seal, Star-Flower Solomon's-Seal, Starry False Lily Of The Valley",Neutral
Vascular Plant,Triteleia grandiflora var. grandiflora,Largeflower Triteleia,Neutral
Vascular Plant,Yucca glauca,"Yucca, Small Soapweed, Soapweed Yucca, Beargrass, Great Plains Yucca, Spanish Bayonet",Neutral
Vascular Plant,Iris missouriensis,"Wild Iris, Rocky Mountain Iris, Wildiris, Western Blue Flag",Species of Concern
Vascular Plant,Sisyrinchium idahoense var. idahoense,Idaho Blue-Eyed Grass,Neutral
Vascular Plant,Sisyrinchium idahoense var. occidentale,Idaho Blue-Eyed Grass,Neutral
Vascular Plant,Sisyrinchium montanum,"Mountain Blueeyed Grass, Strict Blue-Eyed Grass, Strict Blue-Eyed-Grass, Mountain Blue-Eyed Grass",Neutral
Vascular Plant,Calypso bulbosa,"Fairyslipper, Fairyslipper Orchid, Fairy-Slipper Orchid, Fairy Slipper",Neutral
Vascular Plant,Corallorrhiza mertensiana,Pacific Coralroot,Neutral
Vascular Plant,Corallorrhiza striata,"Striped Coralroot, Hooded Coralroot",Neutral
Vascular Plant,Corallorrhiza trifida,"Early Coralroot, Yellow Coralroot",Neutral
Vascular Plant,Epipactis gigantea,"Giant Helleborine, Stream Orchid",Neutral
Vascular Plant,Goodyera oblongifolia,"Western Rattlesnake Plantain, Rattlesnake Plantain",Neutral
Vascular Plant,Listera borealis,"Northern Listera, Northern Twayblade",Neutral
Vascular Plant,Listera caurina,Northwestern Twayblade,Neutral
Vascular Plant,Listera convallarioides,"Broad-Lip Twayblade, Broadleaf Twayblade, Broadlipped Listera, Broadlipped Twayblade",Neutral
Vascular Plant,Listera cordata,Heartleaf Twayblade,Neutral
Vascular Plant,Piperia unalascensis,"Alaska Bog Orchid, Alaskan Rein-Orchid, Slender-Spire Orchid, Alaska Rein Orchid",Neutral
Vascular Plant,Platanthera dilatata var. albiflora,Scentbottle,Neutral
Vascular Plant,Platanthera dilatata var. dilatata,Scentbottle,Neutral
Vascular Plant,Platanthera hyperborea,"Northern Bog Orchid, Northern Green Orchid",Neutral
Vascular Plant,Platanthera obtusata,"Bluntleaved Orchid, Northern Small Bog Orchid",Neutral
Vascular Plant,Platanthera stricta,"Slender Bog Orchid, Modoc Bog Orchid",Neutral
Vascular Plant,Spiranthes romanzoffiana,"Hooded Ladies'-Tresses, Hooded Ladiestresses, Hooded Lady's Tresses",Neutral
Vascular Plant,Agoseris aurantiaca,"Orange-Flowered False-Dandelion, Orange Agoseris",Neutral
Vascular Plant,Agoseris glauca var. dasycephala,"Pale Goat-Chicory, Pale Agoseris",Neutral
Vascular Plant,Agoseris glauca var. glauca,Pale Agoseris,Neutral
Vascular Plant,Agoseris glauca var. laciniata,"False Agoseris, Arizona Mountain Dandelion",Neutral
Vascular Plant,Agoseris lackschewitzii,Mill Creek Agoseris,Neutral
Vascular Plant,Ambrosia psilostachya,"Western Ragweed, Cuman Ragweed, Perennial Ragweed",Neutral
Vascular Plant,Anaphalis margaritacea,"Western Pearly Everlasting, Common Pearlyeverlasting, Western Pearlyeverlasting, Pearly Everlasting, Pearly-Everlasting",Neutral
Vascular Plant,Antennaria anaphaloides,"Tall Everlasting, Pearly Pussytoes, Pussytoes",Neutral
Vascular Plant,Antennaria aromatica,Scented Pussytoes,Neutral
Vascular Plant,Antennaria corymbosa,"Meadow Everlasting, Flattop Pussytoes, Flat-Top Pussytoes",Neutral
Vascular Plant,Antennaria dimorpha,"Low Pussytoes, Low Everlasting",Neutral
Vascular Plant,Antennaria flagellaris,"Whip Pussytoes, Stoloniferous Pussy-Toes",Neutral
Vascular Plant,Antennaria lanata,Woolly Pussytoes,Neutral
Vascular Plant,Antennaria luzuloides,Rush Pussytoes,Neutral
Vascular Plant,Antennaria media,Rocky Mountain Pussytoes,Neutral
Vascular Plant,Antennaria microphylla,"Littleleaf Pussytoes, Small Leaf Everlasting, Rocky Mountain Pussytoes, Smallleaf Pussytoes",Neutral
Vascular Plant,Antennaria parvifolia,Smallleaf Pussytoes,Neutral
Vascular Plant,Antennaria pulcherrima,Showy Pussytoes,Neutral
Vascular Plant,Antennaria racemosa,Raceme Pussytoes,Neutral
Vascular Plant,Antennaria rosea,"Rosy Pussytoes, Rosy Pussy-Toes",Neutral
Vascular Plant,Antennaria umbrinella,"Brown Everlasting, Umber Pussytoes",Neutral
Vascular Plant,Anthemis tinctoria,Golden Chamomile,Neutral
Vascular Plant,Arctium lappa,"Woodland Burdock, Greater Burdock, Great Burdock, Greater Burrdock",Neutral
Vascular Plant,Arnica cordifolia,"Heartleaf Arnica, Heart-Leaf Leopardbane",Neutral
Vascular Plant,Arnica fulgens,"Orange Arnica, Foothill Arnica, Shining Leopardbane",Neutral
Vascular Plant,Arnica latifolia,Broadleaf Arnica,Neutral
Vascular Plant,Arnica longifolia,"Longleaf Arnica, Spearleaf Arnica",Neutral
Vascular Plant,Arnica mollis,"Hairy Arnica, Wooly Arnica",Neutral
Vascular Plant,Arnica parryi,"Nodding Arnica, Sonne's Arnica, Parry's Arnica",Neutral
Vascular Plant,Arnica rydbergii,"Subalpine Arnica, Rydberg's Arnica",Neutral
Vascular Plant,Arnica sororia,Twin Arnica,Neutral
Vascular Plant,Artemisia absinthium,"Absinth Wormwood, Absinthium, Absinth Sagewort, Common Sagewort",Neutral
Vascular Plant,Artemisia biennis var. biennis,Biennial Wormwood,Neutral
Vascular Plant,Artemisia dracunculus,"Silky Wormwood, Wormwood, Tarragon, Green Sagewort, False Tarragon",Neutral
Vascular Plant,Artemisia frigida,"Prairie Sagewort, Fringed Sagebrush, Fringed Sagewort",Neutral
Vascular Plant,Artemisia michauxiana,"Michaux's Wormwood, Michaux's Sagebrush, Michaux's Sagewort",Neutral
Vascular Plant,Artemisia nova,Black Sagebrush,Neutral
Vascular Plant,Artemisia scopulorum,"Dwarf Sagebrush, Alpine Sagebrush",Neutral
Vascular Plant,Artemisia tridentata var. tridentata,"Big Sagebrush, Basin Sagebrush",Neutral
Vascular Plant,Balsamorhiza sagittata,Arrowleaf Balsamroot,Neutral
Vascular Plant,Brickellia grandiflora,"Tasselflower Brickellia, Mountain Brickellbush, Tasselflower Brickellbush",Neutral
Vascular Plant,Centaurea diffusa,"White Knapweed, Diffuse Knapweed",Neutral
Vascular Plant,Centaurea maculosa,Spotted Knapweed,Neutral
Vascular Plant,Centaurea pratensis,Meadow Knapweed,Neutral
Vascular Plant,Centaurea repens,"Hardheads, Russian Knapweed",Neutral
Vascular Plant,Chrysanthemum leucanthemum,"Ox-Eye Daisy, Oxeye Daisy",Neutral
Vascular Plant,Chrysothamnus viscidiflorus var. viscidiflorus,Yellow Rabbitbrush,Neutral
Vascular Plant,Cirsium canovirens,Graygreen Thistle,Neutral
Vascular Plant,Cirsium eatonii,"Eaton's Thistle, Mountaintop Thistle",Neutral
Vascular Plant,Cirsium foliosum,"Elk Thistle, Leafy Thistle, Meadow Thistle, Drummond's Thistle",Neutral
Vascular Plant,Cirsium scariosum,Evert's Thistle,Neutral
Vascular Plant,Cirsium undulatum,"Wavy-Leaf Thistle, Gray Thistle, Wavyleaf Thistle",Neutral
Vascular Plant,Crepis acuminata,"Tapertip Hawksbeard, Longleaf Hawksbeard, Long-Leaf Hawksbeard",Neutral
Vascular Plant,Crepis atribarba,"Hawksbeard, Slender Hawksbeard",Neutral
Vascular Plant,Crepis elegans,Elegant Hawksbeard,Neutral
Vascular Plant,Crepis intermedia,"Gray Hawksbeard, Limestone Hawksbeard",Neutral
Vascular Plant,Crepis modocensis,"Common Hawksbeard, Siskiyou Hawksbeard, Modoc Hawksbeard",Neutral
Vascular Plant,Crepis occidentalis ssp. costata,Largeflower Hawksbeard,Neutral
Vascular Plant,Crepis tectorum,"Narrowleaved Hawk's Beard, Narrowleaf Hawksbeard, Narrow-Leaf Hawk's-Beard",Neutral
Vascular Plant,Ericameria discoidea var. linearis,Whitestem Goldenbush,Neutral
Vascular Plant,Ericameria nauseosa var. nauseosa,Rubber Rabbitbrush,Neutral
Vascular Plant,Ericameria nauseosa var. oreophila,Rubber Rabbitbrush,Neutral
Vascular Plant,Ericameria suffruticosa,"Single-Head Heath-Goldenrod, Singlehead Goldenbush, Bighead Goldenbush",Neutral
Vascular Plant,Erigeron acris var. kamtschaticus,"Bitter Fleabane, Blue Fleabane, Bitter Daisy",Neutral
Vascular Plant,Erigeron caespitosus,Tufted Fleabane,Neutral
Vascular Plant,Erigeron corymbosus,Longleaf Fleabane,Neutral
Vascular Plant,Erigeron eatonii var. eatonii,"Eaton's Daisy, Eaton's Fleabane",Neutral
Vascular Plant,Erigeron formosissimus var. viscidus,Beautiful Fleabane,Neutral
Vascular Plant,Erigeron glabellus var. glabellus,"Streamside Fleabane, Rough Fleabane",Neutral
Vascular Plant,Erigeron gracilis,Quill Fleabane,Neutral
Vascular Plant,Erigeron linearis,"Desert Yellow Fleabane, Linearleaf Daisy",Neutral
Vascular Plant,Erigeron lonchophyllus,"Shortray Boreal Daisy, Spearleaf Daisy, Low-Meadow Fleabane, Short-Ray Boreal-Daisy, Shortray Fleabane",Neutral
Vascular Plant,Erigeron ochroleucus var. ochroleucus,Buff Fleabane,Neutral
Vascular Plant,Erigeron ochroleucus var. scribneri,Buff Fleabane,Neutral
Vascular Plant,Erigeron pumilus var. gracilior,Shaggy Fleabane,Neutral
Vascular Plant,Erigeron rydbergii,Rydberg's Fleabane,Neutral
Vascular Plant,Erigeron simplex,"Onestem Daisy, One-Stem Fleabane, Onestem Fleabane, Oneflower Fleabane",Neutral
Vascular Plant,Erigeron speciosus,"Oregon Fleabane, Oregon Daisy, Aspen Fleabane, Threenerve Fleabane",Neutral
Vascular Plant,Erigeron tweedyi,Tweedy's Fleabane,Neutral
Vascular Plant,Erigeron ursinus,"Bear Daisy, Bear River Fleabane",Neutral
Vascular Plant,Eriophyllum lanatum var. integrifolium,"Common Woolly Sunflower, Wholeleaf Eriophyllum",Neutral
Vascular Plant,Eucephalus elegans,Elegant Aster,Neutral
Vascular Plant,Eucephalus engelmannii,Engelmann's Aster,Neutral
Vascular Plant,Eurybia conspicua,"Western Showy Aster, Eastern Showy Aster",Neutral
Vascular Plant,Eurybia integrifolia,Thickstem Aster,Neutral
Vascular Plant,Eurybia merita,Subalpine Aster,Neutral
Vascular Plant,Gaillardia aristata,"Common Gaillardia, Great Blanket-Flower, Gaillardia",Neutral
Vascular Plant,Gnaphalium palustre,"Marsh Everlasting, Lowland Cudweed, Western Marsh Cudweed, Cudweed",Neutral
Vascular Plant,Grindelia squarrosa,"Curlytop Gumweed, Rosinweed, Curlycup Gumweed, Gumweed, Tarweed",Neutral
Vascular Plant,Helianthella quinquenervis,"Fivenerve Helianthella, Nodding Helianthella, Nodding Dwarf-Sunflower",Neutral
Vascular Plant,Helianthella uniflora,Oneflower Helianthella,Neutral
Vascular Plant,Helianthus nuttallii,Nuttall's Sunflower,Neutral
Vascular Plant,Heterotheca villosa var. nana,Hairy False Goldenaster,Neutral
Vascular Plant,Hieracium albiflorum,"White Hawkweed, Whiteflower Hawkweed",Neutral
Vascular Plant,Hieracium cynoglossoides,Houndstongue Hawkweed,Neutral
Vascular Plant,Hieracium floribundum,Yellow Devil Hawkweed,Neutral
Vascular Plant,Hulsea algida,"Pacific Hulsea, Alpine Hulsea",Neutral
Vascular Plant,Ionactis alpina,"Lava Aster, Crag Aster",Neutral
Vascular Plant,Iva xanthifolia,"Giant Marshelder, False Ragweed, Horseweed, Giant Sumpweed, Carelessweed, Marshelder, Rag Sumpweed, Burweed Marshelder",Neutral
Vascular Plant,Logfia arvensis,Field Cottonrose,Neutral
Vascular Plant,Machaeranthera canescens var. canescens,Hoary Tansyaster,Neutral
Vascular Plant,Madia glomerata,"Mountain Tarplant, Cluster Tarweed, Mountain Tarweed",Neutral
Vascular Plant,Matricaria matricarioides,"Disc Mayweed, Pineappleweed",Neutral
Vascular Plant,Microseris nutans,"Nodding Microseris, Nodding Silverpuffs",Neutral
Vascular Plant,Nothocalais nigrescens,Meadow Prairie-Dandelion,Neutral
Vascular Plant,Nothocalais troximoides,"Weevil Prairie-Dandelion, False Agoseris",Neutral
Vascular Plant,Onopordum acanthium,Scotch Thistle,Neutral
Vascular Plant,Oreostemma alpigenum var. haydenii,"Tundra Aster, Alpine Aster",Neutral
Vascular Plant,Packera cana,Woolly Groundsel,Neutral
Vascular Plant,Packera dimorphophylla var. paysonii,Payson's Groundsel,Neutral
Vascular Plant,Packera paupercula,Balsam Groundsel,Neutral
Vascular Plant,Packera pseudaurea,Falsegold Groundsel,Neutral
Vascular Plant,Packera streptanthifolia,"Cleftleaf Groundsel, Rocky Mountain Groundsel",Neutral
Vascular Plant,Packera werneriifolia,Hoary Groundsel,Neutral
Vascular Plant,Pseudognaphalium macounii,Macoun's Cudweed,Neutral
Vascular Plant,Pseudognaphalium stramineum,"Cotton Cudweed, Cottonbatting Cudweed, Cottonbatting Plant, Annual Cudweed",Neutral
Vascular Plant,Pyrrocoma integrifolia,"Entireleaf Goldenweed, Manysted Goldenweed, Many-Stemmed Goldenweed",Neutral
Vascular Plant,Pyrrocoma lanceolata,"Lanceleaf Goldenweed, Lance-Leaf Goldenweed",Neutral
Vascular Plant,Pyrrocoma uniflora,Plantain Goldenweed,Neutral
Vascular Plant,Ratibida columnifera,"Redspike Mexican Hat, Upright Prairie Coneflower, Prairie Coneflower",Neutral
Vascular Plant,Rudbeckia occidentalis,Western Coneflower,Neutral
Vascular Plant,Senecio crassulus,"Meadow Groundsel, Thickleaf Groundsel, Thickleaf Ragwort",Neutral
Vascular Plant,Senecio fremontii var. fremontii,Dwarf Mountain Ragwort,Neutral
Vascular Plant,Senecio hydrophilus,"Alkali Marsh Groundsel, Water Groundsel, Water Ragwort",Neutral
Vascular Plant,Senecio integerrimus var. exaltatus,"Columbia Groundsel, Columbia Ragwort",Neutral
Vascular Plant,Senecio jacobaea,"Ragwort, Tansy Ragwort, Stinking Willie",Neutral
Vascular Plant,Senecio lugens,Small Blacktip Ragwort,Neutral
Vascular Plant,Senecio serra var. serra,"Tall Groundsel, Tall Ragwort",Neutral
Vascular Plant,Senecio sphaerocephalus,"Marsh Groundsel, Ballhead Ragwort",Neutral
Vascular Plant,Senecio triangularis,"Arrowleaf Groundsel, Arrowleaf Ragwort",Neutral
Vascular Plant,Senecio vulgaris,"Common Groundsel, Old-Man-In-The-Spring",Neutral
Vascular Plant,Solidago canadensis var. salebrosa,"Salebrosa Goldenrod, Canadian Goldenrod",Neutral
Vascular Plant,Solidago missouriensis var. missouriensis,Missouri Goldenrod,Neutral
Vascular Plant,Solidago multiradiata var. scopulorum,"Manyray Goldenrod, Rocky Mountain Goldenrod",Neutral
Vascular Plant,Solidago nana,"Gray Goldenrod, Baby Goldenrod",Neutral
Vascular Plant,Sonchus arvensis,"Field Sow-Thistle, Creeping Sowthistle, Perennial Sowthistle, Field Sowthistle, Sowthistle",Neutral
Vascular Plant,Stenotus acaulis,"Stemless Mock Goldenweed, Stemless Goldenweed",Neutral
Vascular Plant,Stephanomeria runcinata,"Flowering-Straw, Desert Wirelettuce",Neutral
Vascular Plant,Stephanomeria tenuifolia,"Uinta Wirelettuce, Wright's Wirelettuce, Narrowleaf Wirelettuce, Lesser Wirelettuce",Neutral
Vascular Plant,Symphyotrichum ascendens,Western Aster,Neutral
Vascular Plant,Symphyotrichum boreale,Northern Bog Aster,Neutral
Vascular Plant,Symphyotrichum campestre,Western Meadow Aster,Neutral
Vascular Plant,Symphyotrichum ciliatum,Rayless Alkali Aster,Neutral
Vascular Plant,Symphyotrichum eatonii,Eaton's Aster,Neutral
Vascular Plant,Symphyotrichum falcatum var. commutatum,White Prairie Aster,Neutral
Vascular Plant,Symphyotrichum foliaceum var. apricum,Alpine Leafybract Aster,Neutral
Vascular Plant,Symphyotrichum foliaceum var. canbyi,Canby's Aster,Neutral
Vascular Plant,Symphyotrichum foliaceum var. parryi,Parry's Aster,Neutral
Vascular Plant,Symphyotrichum frondosum,Short-Rayed Alkali Aster,Neutral
Vascular Plant,Symphyotrichum lanceolatum var. hesperium,White Panicle Aster,Neutral
Vascular Plant,Symphyotrichum spathulatum,Western Mountain Aster,Neutral
Vascular Plant,Taraxacum ceratophorum,"Woolbearing Dandelion, Common Dandelion",Neutral
Vascular Plant,Taraxacum eriophorum,Woolbearing Dandelion,Neutral
Vascular Plant,Taraxacum scopulorum,Harp Dandelion,Neutral
Vascular Plant,Tetradymia canescens,"Spineless Horsebrush, Gray Horsebrush",Neutral
Vascular Plant,Tetradymia spinosa,"Spiny Horsebrush, Shortspine Horsebrush",Neutral
Vascular Plant,Tonestus lyallii,"Alpine Goldenweed, Lyall's Goldenweed",Neutral
Vascular Plant,Townsendia alpigena,Wyoming Townsend Daisy,Neutral
Vascular Plant,Townsendia condensata var. condensata,Cushion Townsend Daisy,Neutral
Vascular Plant,Townsendia hookeri,"Hooker's Townsend-Daisy, Hooker's Townsend Daisy, Hooker's Townsendia",Neutral
Vascular Plant,Townsendia leptotes,"Common Townsend Daisy, Common Townsendia",Neutral
Vascular Plant,Townsendia parryi,"Parry's Townsend Daisy, Parry's Townsendia",Neutral
Vascular Plant,Townsendia spathulata,Sword Townsend Daisy,Neutral
Vascular Plant,Tragopogon dubius,"Goatsbeard, Meadow Goat's-Beard, Common Salsify, Salsifis Majeur, Yellow Goat's Beard, Western Goat's Beard, Salsify, Goat's Beard, Wild Oysterplant, Yellow Salsify, Western Salsify",Neutral
Vascular Plant,Wyethia amplexicaulis,"Mulesear Wyethia, Mule's Ear Wyethia, Mule-Ears",Neutral
Vascular Plant,Wyethia helianthoides,"Whitehead Wyethia, Sunflower Mule-Ears",Neutral
Vascular Plant,Campanula rapunculoides,"Rampion Bellflower, Creeping Bellflower, Rover Bellflower",Neutral
Vascular Plant,Campanula rotundifolia,"Bluebell Bellflower, Roundleaf Harebell, Bluebell-Of-Scotland, Bluebell",Neutral
Vascular Plant,Porterella carnosula,"Porterplant, Fleshy Porterella",Neutral
Vascular Plant,Menyanthes trifoliata,"Bog-Bean, Buck-Bean, Common Bogbean, Buckbean",Neutral
Vascular Plant,Amsinckia menziesii,"Small-Flower Fiddleneck, Menzies' Fiddleneck, Smallflower Fiddleneck",Neutral
Vascular Plant,Asperugo procumbens,"Madwort, German Mugwort, German-Madwort",Neutral
Vascular Plant,Cryptantha affinis,"Quill Cryptantha, Common Cryptantha",Neutral
Vascular Plant,Cryptantha ambigua,"Basin Cryptantha, Wilkes Cryptantha, Wickes Cryptantha",Neutral
Vascular Plant,Cryptantha celosioides,"Minerscandle, Buttecandle",Neutral
Vascular Plant,Cryptantha fendleri,"Sanddune Cryptantha, Sanddune Catseye, Fendler's Cryptantha",Neutral
Vascular Plant,Cryptantha spiculifera,Snake River Cryptantha,Neutral
Vascular Plant,Cryptantha torreyana,"Torrey's Cat's-Eye, Torrey's Cryptantha",Neutral
Vascular Plant,Cryptantha watsonii,Watson's Cryptantha,Neutral
Vascular Plant,Eritrichium nanum var. elongatum,Arctic Alpine Forget-Me-Not,Neutral
Vascular Plant,Hackelia floribunda,"Manyflowered Stickseed, Showy Stickseed, Manyflower Stickseed",Neutral
Vascular Plant,Hackelia micrantha,"Meadow Stickseed, Jessica Sticktight",Neutral
Vascular Plant,Hackelia patens var. patens,Spotted Stickseed,Neutral
Vascular Plant,Lithospermum arvense,"Corn Gromwell, Puccoon",Neutral
Vascular Plant,Lithospermum incisum,"Narrowleaf Gromwell, Narrowleaf Stoneseed, Fringed Gromwell, Narrowleaf Pucoon, Fringed Puccoon, Trumpet Stoneseed",Neutral
Vascular Plant,Lithospermum ruderale,"White Stoneseed, Western Gromwell, Western Stoneseed",Neutral
Vascular Plant,Mertensia alpina,Alpine Bluebells,Neutral
Vascular Plant,Mertensia ciliata var. ciliata,"Tall Fringed Bluebells, Tall Fringe Bluebells",Neutral
Vascular Plant,Mertensia oblongifolia,"Languid-Lady, Oblongleaf Bluebells",Neutral
Vascular Plant,Plagiobothrys scouleri var. hispidulus,"Meadow Popcornflower, Sleeping Popcornflower",Neutral
Vascular Plant,Ellisia nyctelea,"Aunt Lucy, False Babyblueeyes, Waterpod",Neutral
Vascular Plant,Hesperochiron pumilus,Dwarf Hesperochiron,Neutral
Vascular Plant,Hydrophyllum capitatum var. capitatum,Ballhead Waterleaf,Neutral
Vascular Plant,Nemophila breviflora,"Basin Nemophila, Great Basin Blue-Eyes, Baby Blueeyes",Neutral
Vascular Plant,Phacelia franklinii,Franklin's Phacelia,Neutral
Vascular Plant,Phacelia hastata var. hastata,"Silverleaf Phacelia, Silver-Leaf Scorpion-Weed",Neutral
Vascular Plant,Phacelia linearis,"Threadleaf Phacelia, Linearleaf Phacelia",Neutral
Vascular Plant,Alyssum alyssoides,"Pale Madwort, Yellow Alyssum, Pale Alyssum",Neutral
Vascular Plant,Alyssum desertorum,"Desert Alyssum, Desert Madwort",Neutral
Vascular Plant,Arabis glabra var. glabra,"Rock Cress, Tower Rockcress",Neutral
Vascular Plant,Arabis hirsuta var. glabrata,Mountain Rockcress,Neutral
Vascular Plant,Arabis hirsuta var. pycnocarpa,"Hairy Rockcress, Creamflower Rockcress",Neutral
Vascular Plant,Barbarea orthoceras,"American Yellowrocket, Erectpod Wintercress, Wintercress",Neutral
Vascular Plant,Berteroa incana,"Hoary False Madwort, Hoary False Alyssum, Hoary Alyssum",Neutral
Vascular Plant,Boechera lemmonii,Lemmon's Rockcress,Neutral
Vascular Plant,Brassica kaber,"Charlock Mustard, Rapeseed, Wild Mustard, Canola, Kaber Mustard",Neutral
Vascular Plant,Camelina microcarpa,"Small Fruited Falseflax, Littlepod Falseflax, Littleseed Falseflax, Smallseed Falseflax, Little-Pod False Flax, Littlepod False Flax",Neutral
Vascular Plant,Camelina sativa,Gold-Of-Pleasure,Neutral
Vascular Plant,Cardamine breweri var. breweri,Brewer's Bittercress,Neutral
Vascular Plant,Cardamine oligosperma var. oligosperma,Little Western Bittercress,Neutral
Vascular Plant,Cardaria chalapensis,"Lens-Podded Hoary Whitetop, Whitetop, Hoary Cress, Lenspod Whitetop, Peppergrass, Whiteweed, Heartpod Hoarycress, Lens Podded Hoary Cress",Neutral
Vascular Plant,Cardaria draba,"Hoary Cress, Heart-Podded Hoarycress, Heart-Pod Hoarycress, Peppergrass, Whiteweed, Globed-Podded Hoarycress, Pepperweed Whitetop, Whitetop",Neutral
Vascular Plant,Cardaria pubescens,"Hoary Cress, Globe-Pod Hoarycress, Hairy Whitetop, Whitetop, Globe-Podded Hoarycress",Neutral
Vascular Plant,Chorispora tenella,"Beanpodded Mustard, Crossflower, Purple Mustard, Blue Mustard, Bluemustard, Tenella Mustard, Common Blue Mustard",Neutral
Vascular Plant,Descurainia sophia,"Flaxweed Tansymustard, Flixweed Tansymustard, Tansymustard, Flixweed, Pinnate Tansymustard, Herb-Sophia, Herb Sophia",Neutral
Vascular Plant,Draba albertina,"Slender Draba, Arc Dome Draba",Neutral
Vascular Plant,Draba aurea,"Golden Draba, Golden Whitlowgrass",Neutral
Vascular Plant,Draba borealis,Boreal Draba,Neutral
Vascular Plant,Draba crassa,Thickleaf Draba,Neutral
Vascular Plant,Draba crassifolia,"Snowbed Whitlowgrass, Snowbed Whitlow-Grass, Rocky Mountain Draba, Snowbed Draba",Neutral
Vascular Plant,Draba densifolia,Denseleaf Draba,Neutral
Vascular Plant,Draba globosa,Beavertip Draba,Neutral
Vascular Plant,Draba incerta,Yellowstone Draba,Neutral
Vascular Plant,Draba lonchocarpa var. lonchocarpa,Lancepod Draba,Neutral
Vascular Plant,Draba nemorosa,"Woods Draba, Woodland Draba, Woodland Whitlowgrass",Neutral
Vascular Plant,Draba oligosperma,"Fewseed Draba, Glacier Draba",Neutral
Vascular Plant,Draba paysonii var. paysonii,Payson's Draba,Neutral
Vascular Plant,Draba paysonii var. treleasii,Trelease's Draba,Neutral
Vascular Plant,Draba praealta,Tall Draba,Neutral
Vascular Plant,Draba reptans,"Carolina Draba, Creeping Draba, Carolina Whitlowgrass",Neutral
Vascular Plant,Draba ventosa,"Wind River Draba, Wind Draba",Neutral
Vascular Plant,Erysimum asperum,Western Wallflower,Neutral
Vascular Plant,Erysimum inconspicuum,"Shy Wallflower, Smallflower Wallflower",Neutral
Vascular Plant,Euclidium syriacum,"Syria Euclidium, Syrian Mustard",Neutral
Vascular Plant,Isatis tinctoria,Dyer's Woad,Neutral
Vascular Plant,Lepidium densiflorum var. macrocarpum,Bigseed Pepperweed,Neutral
Vascular Plant,Lepidium densiflorum var. pubecarpum,Babyseed Pepperweed,Neutral
Vascular Plant,Lepidium perfoliatum,"Claspingleaf Pepperweed, Clasping Pepperweed, Clasping Pepperwort",Neutral
Vascular Plant,Lepidium ramosissimum,"Manybranched Pepperweed, Pepperweed",Neutral
Vascular Plant,Lepidium sativum,"Gardencress Pepperweed, Garden Pepperwort",Neutral
Vascular Plant,Lepidium virginicum var. pubescens,Hairy Pepperweed,Neutral
Vascular Plant,Lesquerella alpina var. alpina,Alpine Bladderpod,Neutral
Vascular Plant,Nasturtium officinale,Watercress,Neutral
Vascular Plant,Noccaea montana,Alpine Pennycress,Neutral
Vascular Plant,Physaria acutifolia var. acutifolia,"Southern Twinpod, Sharpleaf Twinpod",Neutral
Vascular Plant,Physaria didymocarpa var. didymocarpa,Common Twinpod,Neutral
Vascular Plant,Rorippa curvipes var. curvipes,"Blunt-Leaf Yellowcress, Bluntleaf Yellowcress",Neutral
Vascular Plant,Rorippa curvisiliqua,Curvepod Yellowcress,Neutral
Vascular Plant,Schoenocrambe linifolia,"Flaxleaf Plainsmustard, Rush Mustard",Neutral
Vascular Plant,Sisymbrium altissimum,"Tall Mustard, Tall Tumblemustard, Tumblemustard, Tall Hedge-Mustard, Jim Hill Mustard, Tumbleweed Mustard, Tumble Mustard",Neutral
Vascular Plant,Sisymbrium loeselii,"Tall Hedgemustard, Small Tumbleweed Mustard, False London Rocket, Tallhedge Mustard",Neutral
Vascular Plant,Smelowskia calycina var. americana,American False Candytuft,Neutral
Vascular Plant,Subularia aquatica,"American Awlwort, Waterawlwort",Neutral
Vascular Plant,Thelypodium integrifolium,"Entireleaved Thelypody, Entireleaf Thelypody, Smoothleaved Thelypody, Entire-Leaf Thelypody",Neutral
Vascular Plant,Thelypodium paniculatum,Northwestern Thelypody,Neutral
Vascular Plant,Thelypodium sagittatum,"Slender Thelypody, Arrow Thelypody",Neutral
Vascular Plant,Cleome serrulata,"Bee Spiderflower, Rocky Mountain Beeplant",Neutral
Vascular Plant,Floerkea proserpinacoides,"False Mermaid-Weed, False Mermaidweed",Neutral
Vascular Plant,Amaranthus blitoides,"Mat Amaranth, Prostrate Amaranth, Prostrate Pigweed",Neutral
Vascular Plant,Atriplex argentea,"Silverscale Saltweed, Silverscale Saltbush, Silverscale",Neutral
Vascular Plant,Atriplex canescens var. canescens,Fourwing Saltbush,Neutral
Vascular Plant,Atriplex hortensis,"Garden Orach, Mountain-Spinach, Bledos Moles, Armuelle Mole, Garden Orache",Neutral
Vascular Plant,Atriplex patula,"Halberd-Leaf Orache, Spear Orach, Spear Saltbush, Spear Saltweed, Spreading Orache, Spear-Scale",Neutral
Vascular Plant,Atriplex rosea,"Tumbling Orache, Redscale Saltbush, Redscale Saltweed, Tumbling Saltweed",Neutral
Vascular Plant,Atriplex subspicata,"Saline Saltbush, Orach Saltbush, Spearscale, Spreading Orach, Halberdleaf Orach",Neutral
Vascular Plant,Bassia hyssopifolia,"Fivehook Bassia, Fivehorn Smotherweed, Smotherweed",Neutral
Vascular Plant,Chenopodium atrovirens,"Pinyon Goosefoot, Dark Goosefoot",Neutral
Vascular Plant,Chenopodium fremontii,Fremont's Goosefoot,Neutral
Vascular Plant,Chenopodium glaucum var. salinum,Rocky Mountain Goosefoot,Neutral
Vascular Plant,Chenopodium leptophyllum,"Narrowleaf Lambsquarters, Narrowleaf Goosefoot, Slimleaf Goosefoot, Slimleaf Lambsquarters, Narrowleaved Goosefoot",Neutral
Vascular Plant,Chenopodium pratericola,Desert Goosefoot,Neutral
Vascular Plant,Chenopodium simplex,"Giant-Seed Goosefoot, Mapleleaf Goosefoot",Neutral
Vascular Plant,Grayia spinosa,Spiny Hopsage,Neutral
Vascular Plant,Krascheninnikovia lanata,Winterfat,Neutral
Vascular Plant,Monolepis nuttalliana,"Patata, Patota, Nuttall's Monolepis, Nuttall's Povertyweed, Nuttall's Poverty-Weed",Neutral
Vascular Plant,Salsola collina,"Tumbleweed, Slender Russian-Thistle",Neutral
Vascular Plant,Salsola tragus,"Tumbleweed, Prickly Russian Thistle",Neutral
Vascular Plant,Suaeda calceoliformis,"Paiuteweed, Western Seepweed, Pursh Seepweed",Neutral
Vascular Plant,Opuntia fragilis,"Jumping Cactus, Fragile Cactus, Brittle Pricklypear, Little Pricklypear, Brittle Cactus",Neutral
Vascular Plant,Opuntia polyacantha var. polyacantha,Hairspine Pricklypear,Neutral
Vascular Plant,Cerastium arvense,"Field Chickweed, Starry Chickweed, Field Mouse-Ear Chickweed",Neutral
Vascular Plant,Cerastium fontanum,"Common Mouse-Ear Chickweed, Common Chickweed, Mouse-Ear Chickweed",Neutral
Vascular Plant,Gypsophila paniculata,"Baby's Breath, Perfoliate Baby's Breath, Bachelor's Button, Babysbreath, Babysbreath Gypsophila",Neutral
Vascular Plant,Minuartia austromontana,Columbian Stitchwort,Neutral
Vascular Plant,Minuartia nuttallii,Nuttall's Sandwort,Neutral
Vascular Plant,Minuartia obtusiloba,"Twinflower Sandwort, Alpine Sandwort",Neutral
Vascular Plant,Minuartia rubella,"Boreal Stitchwort, Beautiful Sandwort",Neutral
Vascular Plant,Moehringia lateriflora,"Grove Sandwort, Bluntleaf Sandwort, Blunt-Leaf Grove-Sandwort",Neutral
Vascular Plant,Paronychia sessiliflora,"Low Nailwort, Stemless Nailwort, Nailwort, Creeping Nailwort",Neutral
Vascular Plant,Sagina saginoides,"Alpine Pearlwort, Arctic Pearlwort",Neutral
Vascular Plant,Silene acaulis var. subacaulescens,"Moss Catchfly, Moss Campion",Neutral
Vascular Plant,Silene drummondii var. drummondii,"Drummond's Campion, Drummond's Catchfly",Neutral
Vascular Plant,Silene hitchguirei,Apetalous Catchfly,Neutral
Vascular Plant,Silene latifolia,"Bladder Campion, Bladder-Campion",Neutral
Vascular Plant,Silene menziesii var. menziesii,Menzies' Campion,Neutral
Vascular Plant,Silene menziesii var. viscosa,Menzies' Campion,Neutral
Vascular Plant,Silene oregana,"Oregon Campion, Oregon Silene",Neutral
Vascular Plant,Silene parryi,Parry's Silene,Neutral
Vascular Plant,Spergularia rubra,"Red Sandspurry, Purple Sandspurry",Neutral
Vascular Plant,Stellaria calycantha,"Northern Chickweed, Northern Starwort",Neutral
Vascular Plant,Stellaria crassifolia,"Fleshy Starwort, Thickleaved Chickweed",Neutral
Vascular Plant,Stellaria crispa,"Crispleaved Chickweed, Crisp Starwort, Curled Starwort",Neutral
Vascular Plant,Stellaria longipes var. longipes,"Longstalk Starwort, Chickweed",Neutral
Vascular Plant,Stellaria obtusa,Rocky Mountain Chickweed,Neutral
Vascular Plant,Stellaria umbellata,"Umbrella Starwort, Umbellate Chickweed",Neutral
Vascular Plant,Vaccaria hispanica,"Cowcockle, Cow Soapwort, Field Vaccaria",Neutral
Vascular Plant,Drosera anglica,English Sundew,Neutral
Vascular Plant,Cistanthe umbellata,"Umbellate Pussypaws, Mt. Hood Pussypaws",Neutral
Vascular Plant,Claytonia lanceolata,Lanceleaf Springbeauty,Neutral
Vascular Plant,Claytonia megarhiza var. megarhiza,Alpine Springbeauty,Neutral
Vascular Plant,Lewisia pygmaea,"Alpine Bitterroot, Alpine Lewisia, Pigmy Bitterroot",Neutral
Vascular Plant,Lewisia rediviva var. rediviva,"Oregon Bitterroot, Bitter Root",Neutral
Vascular Plant,Lewisia triphylla,"Threeleaf Bitterroot, Threeleaf Lewisia",Neutral
Vascular Plant,Montia chamissoi,"Water Minerslettuce, Water Indianlettuce, Water Miner's Lettuce, Toadlily",Neutral
Vascular Plant,Abronia ammophila,"Wyoming Sand Verbena, Yellowstone Sand Verbena",Species of Concern
Vascular Plant,Mirabilis linearis,"Narrowleaf Four-O'Clock, Four O'Clock, Linearleaf Four-O'Clock, Narrowleaf Four O'Clock",Neutral
Vascular Plant,Eriogonum caespitosum,"Matted Wild Buckwheat, Mat Buckwheat, Mat Eriogonum, Matted Buckwheat",Neutral
Vascular Plant,Eriogonum cernuum var. cernuum,"Nodding Wild Buckwheat, Nodding Buckwheat",Neutral
Vascular Plant,Eriogonum flavum var. flavum,Alpine Golden Buckwheat,Neutral
Vascular Plant,Eriogonum flavum var. piperi,"Piper's Golden Buckwheat, Piper's Eriogonum",Neutral
Vascular Plant,Eriogonum heracleoides var. heracleoides,Parsnipflower Buckwheat,Neutral
Vascular Plant,Eriogonum ovalifolium var. purpureum,Cushion Buckwheat,Neutral
Vascular Plant,Eriogonum umbellatum var. cladophorum,Sulphur-Flower Buckwheat,Neutral
Vascular Plant,Eriogonum umbellatum var. dichrocephalum,"Sulphurflower Buckwheat, Sulphur-Flower Buckwheat",Neutral
Vascular Plant,Eriogonum umbellatum var. majus,Sulphur-Flower Buckwheat,Neutral
Vascular Plant,Eriogonum umbellatum var. umbellatum,Sulphur-Flower Buckwheat,Neutral
Vascular Plant,Oxyria digyna,"Mountain Sorrel, Alpine Mountainsorrel",Neutral
Vascular Plant,Polygonum achoreum,"Striate Knotweed, Leathery Knotweed",Neutral
Vascular Plant,Polygonum amphibium var. stipulaceum,Water Smartweed,Neutral
Vascular Plant,Polygonum bistortoides,American Bistort,Neutral
Vascular Plant,Polygonum douglasii var. douglasii,Douglas Knotweed,Neutral
Vascular Plant,Polygonum minimum,"Broadleaf Knotweed, Zigzag Knotweed, Dwarf Knotweed",Neutral
Vascular Plant,Polygonum viviparum,"Alpine Bistort, Serpent-Grass, Viviparous Bistort",Neutral
Vascular Plant,Rumex aquaticus var. fenestratus,Western Dock,Neutral
Vascular Plant,Rumex paucifolius,"Fewleaved Dock, Meadow Dock, Alpine Sheep Sorrel",Neutral
Vascular Plant,Rumex venosus,Veiny Dock,Neutral
Vascular Plant,Sarcobatus vermiculatus,"Greasewood, Black Greasewood",Neutral
Vascular Plant,Tamarix chinensis,"Five-Stamen Tamarisk, Saltcedar, China Tamarisk, Chinese Saltcedar, Fivestamen Tamarisk, Tamarix, Tamarisk, Chinese Tamarisk",Neutral
Vascular Plant,Parnassia fimbriata,"Rocky Mountain Parnassia, Fringed Grass-Of-Parnassus, Fringed Grass Of Parnassus",Neutral
Vascular Plant,Parnassia kotzebuei,"Kotzebue's Grass Of Parnassus, Kotzebue's Grass-Of-Parnassus",Neutral
Vascular Plant,Parnassia palustris var. montanensis,"Northern Grass-Of-Parnassus, Mountain Grass Of Parnassus",Neutral
Vascular Plant,Parnassia parviflora,Smallflower Grass Of Parnassus,Neutral
Vascular Plant,Paxistima myrsinites,"Oregon Boxleaf, Mountain Lover, Boxleaf, Boxleaf Myrtle",Neutral
Vascular Plant,Ceratophyllum demersum,"Hornwort, Common Hornwort, Coon's-Tail, Coon's Tail, Coontail",Neutral
Vascular Plant,Cornus canadensis,"Canadian Bunchberry, Bunchberry Dogwood",Neutral
Vascular Plant,Mentzelia albicaulis,"Whitestem Stickleaf, Whitestem Blazingstar, White Blazingstar, White-Stemmed Evening-Star",Neutral
Vascular Plant,Mentzelia decapetala,"Tenpetal Mentzelia, Gumbo-Lily, Tenpetal Stickleaf, Tenpetal Blazingstar, Evening Starflower",Neutral
Vascular Plant,Mentzelia dispersa,"Bushy Blazingstar, Nevada Blazingstar, Scattered Blazingstar",Neutral
Vascular Plant,Mentzelia laevicaulis var. laevicaulis,Smoothstem Blazingstar,Neutral
Vascular Plant,Mentzelia montana,"Mountain Blazingstar, Variegatedbract Blazingstar, Variegated-Bract Blazingstar",Neutral
Vascular Plant,Adoxa moschatellina,Muskroot,Neutral
Vascular Plant,Sambucus racemosa var. melanocarpa,"Red Elderberry, Rocky Mountain Elder, Black Elderberry",Neutral
Vascular Plant,Viburnum edule,Squashberry,Neutral
Vascular Plant,Lonicera caerulea,"Sweetberry Honeysuckle, Blue Honeysuckle, Fly Honeysuckle",Neutral
Vascular Plant,Lonicera involucrata,"Bearberry Honeysuckle, Twinberry Honeysuckle",Neutral
Vascular Plant,Lonicera utahensis,Utah Honeysuckle,Neutral
Vascular Plant,Symphoricarpos albus var. laevigatus,Common Snowberry,Neutral
Vascular Plant,Symphoricarpos occidentalis,"Wolfberry, Western Snowberry",Neutral
Vascular Plant,Symphoricarpos oreophilus var. utahensis,Utah Snowberry,Neutral
Vascular Plant,Linnaea borealis var. longiflora,Longtube Twinflower,Neutral
Vascular Plant,Valeriana acutiloba var. pubicarpa,"Hairyfruit Valerian, Hairyfruit Valeriana",Neutral
Vascular Plant,Valeriana dioica var. sylvatica,"Woods Valerian, Woods Valeriana",Neutral
Vascular Plant,Valeriana edulis var. edulis,Tobacco Root,Neutral
Vascular Plant,Valeriana occidentalis,"Western Valeriana, Small-Flower Valerian, Western Valerian",Neutral
Vascular Plant,Equisetum fluviatile,"Water Horsetail, River Horsetail, Pipes",Neutral
Vascular Plant,Equisetum laevigatum,"Smooth Scouring-Rush, Horsetail, Smooth Horsetail, Smooth Scouringrush",Neutral
Vascular Plant,Equisetum scirpoides,Dwarf Scouringrush,Neutral
Vascular Plant,Equisetum variegatum,"Variegated Horsetail, Variegated Scouring-Rush, Variegated Scouringrush",Neutral
Vascular Plant,Arctostaphylos uva-ursi,"Kinnikinnick, Mealberry, Bearberry Manzanita, Bearberry",Neutral
Vascular Plant,Gaultheria humifusa,"Alpine Spicywintergreen, Western Wintergreen",Neutral
Vascular Plant,Kalmia microphylla,"Alpine Laurel, Alpine Bog Laurel",Neutral
Vascular Plant,Ledum glandulosum,"Glandular Labrador Tea, Western Labrador Tea",Neutral
Vascular Plant,Moneses uniflora,"Single Delight, One-Flowered Wintergreen, Woodnymph, One-Flowered Shinleaf",Neutral
Vascular Plant,Orthilia secunda,"Sidebells Wintergreen, One-Sided Wintergreen",Neutral
Vascular Plant,Phyllodoce empetriformis,"Red Mountainheath, Mountain Heath, Pink Mountainheath",Neutral
Vascular Plant,Pterospora andromedea,"Woodland Pinedrops, Giant Pinedrops, Giant Bird's Nest",Neutral
Vascular Plant,Pyrola minor,"Lesser Wintergreen, Snowline Wintergreen",Neutral
Vascular Plant,Vaccinium cespitosum,"Dwarf Blueberry, Dwarf Bilberry",Neutral
Vascular Plant,Vaccinium membranaceum,"Thinleaf Huckleberry, Mountain Bilberry",Neutral
Vascular Plant,Vaccinium myrtillus var. oreophilum,Whortleberry,Neutral
Vascular Plant,Vaccinium scoparium,"Red Alpine Blueberry, Grouseberry, Grouse Whortleberry, Littleleaf Huckleberry",Neutral
Vascular Plant,Collomia linearis,"Narrowleaf Mountaintrumpet, Narrow-Leaf Mountain-Trumpet, Slenderleaf Collomia, Tiny Trumpet",Neutral
Vascular Plant,Gymnosteris parvula,Smallflower Gymnosteris,Neutral
Vascular Plant,Ipomopsis aggregata var. aggregata,Scarlet Gilia,Neutral
Vascular Plant,Microsteris gracilis var. humilior,Slender Phlox,Neutral
Vascular Plant,Phlox hoodii,"Spiny Phlox, Hood's Phlox",Neutral
Vascular Plant,Phlox multiflora,"Flowery Phlox, Rocky Mountain Phlox",Neutral
Vascular Plant,Phlox pulvinata,"Powder Phlox, Cushion Phlox",Neutral
Vascular Plant,Polemonium micranthum,"Annual Jacob's-Ladder, Littlebell Jacob's-Ladder, Annual Polemonium",Neutral
Vascular Plant,Polemonium occidentale,"Western Jacob's-Ladder, Western Polemonium",Neutral
Vascular Plant,Polemonium viscosum,"Sticky Polemonium, Sticky Jacob's-Ladder",Neutral
Vascular Plant,Androsace filiformis,"Slender-Stemmed Androsace, Filiform Rockjasmine, Slender Rockjasmine",Neutral
Vascular Plant,Androsace occidentalis,"Western Rockjasmine, Western Rock-Jasmine",Neutral
Vascular Plant,Dodecatheon conjugens,Bonneville Shootingstar,Neutral
Vascular Plant,Douglasia montana,Rocky Mountain Dwarf-Primrose,Neutral
Vascular Plant,Glaux maritima,Sea-Milkwort,Neutral
Vascular Plant,Lysimachia thyrsiflora,"Tufted Loosestrife, Tufted Yellow-Loosestrife, Water Loosestrife, Swamp Loosestrife",Neutral
Vascular Plant,Primula incana,"Hoary Primrose, Silvery Primrose",Neutral
Vascular Plant,Astragalus agrestis,"Cock's-Head, Field Milkvetch, Purple Milkvetch",Neutral
Vascular Plant,Astragalus alpinus,Alpine Milkvetch,Neutral
Vascular Plant,Astragalus americanus,"American Milk-Vetch, American Milkvetch",Neutral
Vascular Plant,Astragalus australis var. glabriusculus,Aboriginal Milkvetch,Neutral
Vascular Plant,Astragalus canadensis var. brevidens,Shorttooth Canadian Milkvetch,Neutral
Vascular Plant,Astragalus cibarius,Browse Milkvetch,Neutral
Vascular Plant,Astragalus cicer,"Chickpea Milkvetch, Cicer Milkvetch",Neutral
Vascular Plant,Astragalus crassicarpus var. paysonii,"Groundplum Milkvetch, Payson's Milkvetch, Mountain Groundplum",Neutral
Vascular Plant,Astragalus drummondii,"Drummond's Milk-Vetch, Drummond's Milkvetch, Drummond Milkvetch",Neutral
Vascular Plant,Astragalus gilviflorus var. gilviflorus,Plains Milkvetch,Neutral
Vascular Plant,Astragalus inflexus,Bent Milkvetch,Neutral
Vascular Plant,Astragalus kentrophyta var. tegetarius,Mat Milkvetch,Neutral
Vascular Plant,Astragalus laxmannii var. robustior,Prairie Milkvetch,Neutral
Vascular Plant,Astragalus lotiflorus,"Low Milkvetch, Milkvetch, Lotus Milkvetch, Lotus Milk-Vetch",Neutral
Vascular Plant,Astragalus miser var. hylophilus,Woody Milkvetch,Neutral
Vascular Plant,Astragalus miser var. praeteritus,Yellowstone Milkvetch,Neutral
Vascular Plant,Astragalus missouriensis,"Missouri Milk-Vetch, Missouri Milkvetch",Neutral
Vascular Plant,Astragalus purshii var. purshii,"Pursh's Milkvetch, Woollypod Milkvetch, Pursh's Milk-Vetch",Neutral
Vascular Plant,Astragalus vexilliflexus var. vexilliflexus,"Bentflower Milkvetch, Bent-Flower Milk-Vetch",Neutral
Vascular Plant,Hedysarum alpinum var. americanum,American Alpine Sweetvetch,Neutral
Vascular Plant,Hedysarum occidentale,Western Sweetvetch,Neutral
Vascular Plant,Hedysarum sulphurescens,White Sweetvetch,Neutral
Vascular Plant,Lupinus argenteus var. argenteus,"Silver-Stem Lupine, Silvery Lupine",Neutral
Vascular Plant,Lupinus argenteus var. laxiflorus,Silvery Lupine,Neutral
Vascular Plant,Lupinus sericeus,"Silky Lupine, Pursh's Silky Lupine",Neutral
Vascular Plant,Onobrychis viciifolia,"Sainfoin, Common Sainfoin",Neutral
Vascular Plant,Oxytropis borealis var. viscida,"Sticky Pointloco, Viscid Locoweed, Sticky Crazyweed",Neutral
Vascular Plant,Oxytropis campestris var. cusickii,Cusick's Locoweed,Neutral
Vascular Plant,Oxytropis deflexa var. foliolosa,"Nodding Locoweed, Pendantpod Locoweed, Pendant-Pod Crazyweed",Neutral
Vascular Plant,Oxytropis deflexa var. sericea,"Longstem Hangpod Crazyweed, Pendant-Pod Locoweed, Blue Nodding Locoweed",Neutral
Vascular Plant,Oxytropis lagopus var. lagopus,Haresfoot Locoweed,Neutral
Vascular Plant,Oxytropis parryi,"Parry Pointvetch, Parry's Crazyweed, Parry's Oxytrope",Neutral
Vascular Plant,Oxytropis sericea var. speciosa,White Locoweed,Neutral
Vascular Plant,Thermopsis montana,Mountain Goldenbanner,Neutral
Vascular Plant,Trifolium haydenii,Hayden's Clover,Neutral
Vascular Plant,Vicia americana var. minor,Mat Vetch,Neutral
Vascular Plant,Vicia cracca,"Bird Vetch, Cow Vetch, Tufted Vetch",Neutral
Vascular Plant,Polygala alba,White Milkwort,Neutral
Vascular Plant,Betula glandulosa,Resin Birch,Neutral
Vascular Plant,Betula occidentalis,Water Birch,Neutral
Vascular Plant,Apocynum cannabinum var. cannabinum,Indian Hemp,Neutral
Vascular Plant,Asclepias speciosa,Showy Milkweed,Neutral
Vascular Plant,Frasera speciosa,"Monument Plant, Monument-Plant, Green Gentian, Showy Frasera, Deer Ears, Elkweed",Neutral
Vascular Plant,Gentianella tenella,"Lapland Gentian, Dane's Dwarfgentian, Dane's Dwarf Gentian",Neutral
Vascular Plant,Gentianopsis simplex,"Oneflower Fringed Gentian, Oneflower Gentian",Neutral
Vascular Plant,Swertia perennis,"Felwort, Star Gentian, Alpinebog Swertia",Neutral
Vascular Plant,Galium bifolium,"Twinleaf Bedstraw, Twin-Leaf Bedstraw",Neutral
Vascular Plant,Galium boreale,Northern Bedstraw,Neutral
Vascular Plant,Galium mollugo,False Baby's Breath,Neutral
Vascular Plant,Galium trifidum,"Small Bedstraw, Three-Petal Bedstraw, Threepetal Bedstraw",Neutral
Vascular Plant,Galium verum,Yellow Spring Bedstraw,Neutral
Vascular Plant,Kelloggia galioides,"Milky Kelloggia, Milk Kelloggia",Neutral
Vascular Plant,Geranium bicknellii,"Bicknell's Cranesbill, Northern Crane's-Bill",Neutral
Vascular Plant,Geranium richardsonii,Richardson's Geranium,Neutral
Vascular Plant,Geranium viscosissimum var. nervosum,Sticky Purple Geranium,Neutral
Vascular Plant,Geranium viscosissimum var. viscosissimum,Sticky Purple Geranium,Neutral
Vascular Plant,Isoetes bolanderi,Bolander's Quillwort,Neutral
Vascular Plant,Isoetes echinospora,"IsoTe _ Spores _Pineuses, Spiny-Spore Quillwort",Neutral
Vascular Plant,Isoetes occidentalis,Western Quillwort,Neutral
Vascular Plant,Agastache urticifolia,"Nettleleaf Giant Hyssop, Horsemint Giant Hyssop",Neutral
Vascular Plant,Dracocephalum parviflorum,American Dragonhead,Neutral
Vascular Plant,Dracocephalum thymiflorum,"Thyme-Leaf Dragonhead, Thymeleaf Dragonhead",Neutral
Vascular Plant,Galeopsis ladanum,Red Hempnettle,Neutral
Vascular Plant,Lycopus asper,"Rough Water-Horehound, Rough Bugleweed",Neutral
Vascular Plant,Monarda fistulosa var. menthifolia,"Mintleaf Bergamot, Wild Bergamot",Neutral
Vascular Plant,Salvia nemorosa,Woodland Sage,Neutral
Vascular Plant,Scutellaria galericulata,"Hooded Skullcap, Marsh Skullcap",Neutral
Vascular Plant,Utricularia intermedia,Flatleaf Bladderwort,Neutral
Vascular Plant,Utricularia macrorhiza,"Greater Bladderwort, Common Bladderwort, Common Bladderpod",Neutral
Vascular Plant,Utricularia minor,Lesser Bladderwort,Neutral
Vascular Plant,Utricularia ochroleuca,Yellowishwhite Bladderwort,Neutral
Vascular Plant,Castilleja crista-galli,Mountainside Indian Paintbrush,Neutral
Vascular Plant,Castilleja cusickii,"Cusick's Paintbrush, Cusick's Indian Paintbrush",Neutral
Vascular Plant,Castilleja linariifolia,"Wyoming Indian Paintbrush, Wyoming Paintbrush",Neutral
Vascular Plant,Castilleja miniata,"Great Red Indian-Paintbrush, Scarlet Paintbrush, Scarlet Indian Paintbrush, Giant Red Indian Paintbrush, Great Red Indian Paintbrush",Neutral
Vascular Plant,Castilleja pallescens,"Pale Paintbrush, Pale Indian Paintbrush",Neutral
Vascular Plant,Castilleja pilosa var. longispica,Longspike Indian Paintbrush,Neutral
Vascular Plant,Castilleja pulchella,Beautiful Indian Paintbrush,Neutral
Vascular Plant,Castilleja rhexiifolia,"Rhexialeaf Paintbrush, Splitleaf Indian Paintbrush",Neutral
Vascular Plant,Castilleja sulphurea,Sulphur Indian Paintbrush,Species of Concern
Vascular Plant,Orobanche corymbosa,"Flat-Top Broomrape, Rydberg's Broomrape",Neutral
Vascular Plant,Orobanche fasciculata,"Clustered Broomrape, Tufted Broomrape, Clustered Broom-Rape, Purple Broomrape",Neutral
Vascular Plant,Orobanche ludoviciana var. ludoviciana,Louisiana Broomrape,Neutral
Vascular Plant,Orthocarpus luteus,"Yellow Owlclover, Golden-Tongue Owl-Clover, Yellow Owl's-Clover",Neutral
Vascular Plant,Pedicularis bracteosa var. paysoniana,Payson's Lousewort,Neutral
Vascular Plant,Pedicularis contorta var. contorta,Coiled Lousewort,Neutral
Vascular Plant,Pedicularis cystopteridifolia,Fernleaved Pedicularis,Neutral
Vascular Plant,Pedicularis groenlandica,"Elephanthead Lousewort, Bull Elephant's-Head",Neutral
Vascular Plant,Mimulus breweri,Brewer's Monkeyflower,Neutral
Vascular Plant,Mimulus floribundus,"Manyflowered Monkeyflower, Purplestem Monkeyflower, Floriferous Monkeyflower",Neutral
Vascular Plant,Mimulus guttatus,"Common Monkeyflower, Seep Monkeyflower",Neutral
Vascular Plant,Mimulus lewisii,"Purple Monkeyflower, Lewis' Monkeyflower",Neutral
Vascular Plant,Mimulus moschatus,"Muskflower, Musk Monkeyflower",Neutral
Vascular Plant,Mimulus nanus,Dwarf Purple Monkeyflower,Neutral
Vascular Plant,Mimulus patulus,Stalk-Leaved Monkey-Flower,Species of Concern
Vascular Plant,Mimulus rubellus,"Red Monkeyflower, Redstem Monkey-Flower, Little Redstem Monkeyflower",Neutral
Vascular Plant,Mimulus suksdorfii,"Miniature Monkey-Flower, Suksdorf's Monkeyflower",Neutral
Vascular Plant,Besseya wyomingensis,"Wyoming Kittentail, Wyoming Besseya",Neutral
Vascular Plant,Callitriche hermaphroditica,"Northern Waterstarwort, Scarlet Waterstarwort, Northern Water-Starwort, Autumn Water-Starwort, Autumn Waterstarwort",Neutral
Vascular Plant,Callitriche palustris,"Spring Waterstarwort, Vernal Waterstarwort, Spiny Waterstarwort, Vernal Water-Starwort",Neutral
Vascular Plant,Collinsia parviflora,"Smallflower Blue Eyed Mary, Littleflower Collinsia, Blue-Eyed Mary, Small-Flower Blue-Eyed Mary, Maiden Blue Eyed Mary",Neutral
Vascular Plant,Hippuris vulgaris,"Common Mare's Tail, Common Mare's-Tail",Neutral
Vascular Plant,Limosella aquatica,"Awlleaf Mudwort, Northern Mudwort, Water Mudwort, Awl-Leaf Mudwort",Neutral
Vascular Plant,Linaria dalmatica,"Dalmatian Toadflax, Dalmation Toadflax",Neutral
Vascular Plant,Penstemon aridus,Stiffleaf Penstemon,Neutral
Vascular Plant,Penstemon attenuatus var. pseudoprocerus,Small Penstemon,Neutral
Vascular Plant,Penstemon cyaneus,Blue Penstemon,Neutral
Vascular Plant,Penstemon deustus,Scabland Penstemon,Neutral
Vascular Plant,Penstemon fruticosus,Bush Penstemon,Neutral
Vascular Plant,Penstemon humilis,"Low Penstemon, Low Beardtongue",Neutral
Vascular Plant,Penstemon montanus var. montanus,Cordroot Beardtongue,Neutral
Vascular Plant,Penstemon procerus,"Littleflower Penstemon, Pincushion Beardtongue",Neutral
Vascular Plant,Penstemon radicosus,Matroot Penstemon,Neutral
Vascular Plant,Penstemon rydbergii var. rydbergii,Swollen Penstemon,Neutral
Vascular Plant,Penstemon whippleanus,"Dark Beardtongue, Whipple's Penstemon",Neutral
Vascular Plant,Plantago elongata,"Prairie Plantain, Longleaf Plantain, Slender Plantain",Neutral
Vascular Plant,Plantago eriopoda,"Red-Woolly Plantain, Saline Plantain, Redwool Plantain, Redwood Plantain, Alkali Plantain",Neutral
Vascular Plant,Plantago tweedyi,Tweedy's Plantain,Neutral
Vascular Plant,Veronica americana,"Brooklime, American Speedwell",Neutral
Vascular Plant,Veronica biloba,"Bilobed Speedwell, Twolobed Speedwell, Twolobe Speedwell",Neutral
Vascular Plant,Veronica scutellata,"Skullcap Speedwell, Marsh Speedwell, Grassleaf Speedwell, Grass-Leaf Speedwell",Neutral
Vascular Plant,Veronica verna,Spring Speedwell,Neutral
Vascular Plant,Veronica wormskjoldii,American Alpine Speedwell,Neutral
Vascular Plant,Scrophularia lanceolata,Lanceleaf Figwort,Neutral
Vascular Plant,Verbena bracteata,"Bracted Vervain, Prostrate Verbena, Bigbract Verbena, Prostrate Vervain, Carpet Vervain",Neutral
Vascular Plant,Verbena stricta,"Hoary Vervain, Woolly Verbena, Hoary Verbena, Tall Vervain",Neutral
Vascular Plant,Calochortus eurycarpus,"Bigpod Mariposa Lily, White Mariposa Lily",Neutral
Vascular Plant,Fritillaria atropurpurea,"Leopard Lily, Spotted Fritillary, Spotted Missionbells",Neutral
Vascular Plant,Fritillaria pudica,"Yellow Fritillary, Yellowbells, Yellow Bells, Yellow Missionbells",Neutral
Vascular Plant,Lloydia serotina,"Common Alplily, Alpine Lily, Alplily",Neutral
Vascular Plant,Prosartes trachycarpa,Roughfruit Fairybells,Neutral
Vascular Plant,Streptopus amplexifolius,"Claspleaf Twistedstalk, Clasping Twistedstalk, Twisted Stalk",Neutral
Vascular Plant,Xerophyllum tenax,Common Beargrass,Neutral
Vascular Plant,Zigadenus elegans,Mountain Deathcamas,Neutral
Vascular Plant,Zigadenus venenosus var. gramineus,"Grassy Deathcamas, Deathcamas",Neutral
Vascular Plant,Lycopodiella inundata,Inundated Clubmoss,Neutral
Vascular Plant,Elatine rubella,Southwestern Waterwort,Neutral
Vascular Plant,Chamaesyce glyptosperma,"Ridgeseed Spurge, Rib-Seed Sandmat, Ribseed Sandmat",Neutral
Vascular Plant,Chamaesyce maculata,"Spotted Spurge, Spotted Sandmat, Large Spurge",Neutral
Vascular Plant,Chamaesyce serpyllifolia,"Thymeleaf Sandmat, Thyme-Leaf Sandmat",Neutral
Vascular Plant,Euphorbia esula,"Spurge, Wolf's-Milk, Wolf's Milk, Leafy Spurge",Neutral
Vascular Plant,Linum lewisii var. lewisii,"Lewis' Flax, Prairie Flax",Neutral
Vascular Plant,Populus angustifolia,Narrowleaf Cottonwood,Neutral
Vascular Plant,Populus balsamifera,Balsam Poplar,Neutral
Vascular Plant,Populus tremuloides,Quaking Aspen,Neutral
Vascular Plant,Populus X acuminata,Lanceleaf Cottonwood,Neutral
Vascular Plant,Salix barclayi,Barclay's Willow,Neutral
Vascular Plant,Salix bebbiana,"Bebb's Willow, Gray Willow",Neutral
Vascular Plant,Salix boothii,"Booth's Willow, Blueberry Willow",Neutral
Vascular Plant,Salix brachycarpa,"Shortfruit Willow, Barrenground Willow",Neutral
Vascular Plant,Salix candida,"Sage Willow, Sageleaf Willow",Neutral
Vascular Plant,Salix cascadensis,Cascade Willow,Neutral
Vascular Plant,Salix drummondiana,Drummond's Willow,Neutral
Vascular Plant,Salix eastwoodiae,"Mountain Willow, Eastwood's Willow",Neutral
Vascular Plant,Salix exigua,"Desert Willow, Coyote Willow, Sandbar Willow, Narrowleaf Willow",Neutral
Vascular Plant,Salix farriae,Farr's Willow,Neutral
Vascular Plant,Salix fragilis,Crack Willow,Neutral
Vascular Plant,Salix geyeriana,Geyer's Willow,Neutral
Vascular Plant,Salix lasiandra var. caudata,Greenleaf Willow,Neutral
Vascular Plant,Salix lemmonii,Lemmon's Willow,Neutral
Vascular Plant,Salix melanopsis,Dusky Willow,Neutral
Vascular Plant,Salix planifolia,"Tea-Leaf Willow, Plainleaf Willow, Diamondleaf Willow",Neutral
Vascular Plant,Salix pseudomonticola,"White Mountain Willow, False Mountain Willow",Neutral
Vascular Plant,Salix rotundifolia var. dodgeana,Timberline Willow,Neutral
Vascular Plant,Salix scouleriana,Scouler's Willow,Neutral
Vascular Plant,Salix tweedyi,"Tweedy's Willow, Tweedy Willow",Neutral
Vascular Plant,Salix wolfii var. idahoensis,Wolf's Willow,Neutral
Vascular Plant,Viola adunca,"Blue Violet, Hook Violet, Hookedspur Violet",Neutral
Vascular Plant,Viola orbiculata,Darkwoods Violet,Neutral
Vascular Plant,Viola palustris,Marsh Violet,Neutral
Vascular Plant,Viola purpurea var. venosa,Goosefoot Violet,Neutral
Vascular Plant,Viola sororia var. affinis,Sand Violet,Neutral
Vascular Plant,Viola vallicola,"Valley Violet, Sagebrush Violet",Neutral
Vascular Plant,Iliamna rivularis,"Streambank Globemallow, Streambank Wildhollyhock, Streambank Wild Hollyhock",Neutral
Vascular Plant,Malva pusilla,Low Mallow,Neutral
Vascular Plant,Sphaeralcea coccinea,"Scarlet Globemallow, Red Falsemallow, Orange Globemallow, Copper Mallow",Neutral
Vascular Plant,Camissonia breviflora,"Fewflower Evening-Primrose, Shortflower Suncup, Fewflower Evening Primrose",Neutral
Vascular Plant,Camissonia subacaulis,"Longleaf Suncup, Diffuseflower Evening-Primrose, Diffuseflower Evening Primrose, Northern Eveningprimrose",Neutral
Vascular Plant,Chamerion latifolium,Dwarf Fireweed,Neutral
Vascular Plant,Epilobium anagallidifolium,"Alpine Willowherb, Alpine Willowweed, Pimpernel Willowherb",Neutral
Vascular Plant,Epilobium brachycarpum,"Autumn Willowweed, Tall Annual Willowherb, Autumn Willowherb",Neutral
Vascular Plant,Epilobium canum ssp. garrettii,Garrett's Firechalice,Neutral
Vascular Plant,Epilobium clavatum,"Talus Willowherb, Clavatefruit Willowweed, Clubfruit Willowherb",Neutral
Vascular Plant,Epilobium halleanum,"Glandular Willowherb, Hall's Willowweed",Neutral
Vascular Plant,Epilobium hornemannii ssp. hornemannii,Hornemann's Willowherb,Neutral
Vascular Plant,Epilobium lactiflorum,"White-Flower Willowherb, Broadleaf Willowweed, Milkflower Willowherb",Neutral
Vascular Plant,Epilobium saximontanum,"Rocky Mountain Willowweed, Rocky Mountain Willowherb",Neutral
Vascular Plant,Epilobium suffruticosum,Shrubby Willowherb,Neutral
Vascular Plant,Gaura parviflora,"Velvety Gaura, Velvetweed, Smallflowered Gaura, Willow Gaura",Neutral
Vascular Plant,Gayophytum diffusum ssp. diffusum,Spreading Groundsmoke,Neutral
Vascular Plant,Gayophytum diffusum ssp. parviflorum,Spreading Groundsmoke,Neutral
Vascular Plant,Gayophytum humile,"Low Groundsmoke, Dwarf Groundsmoke",Neutral
Vascular Plant,Gayophytum racemosum,"Black-Foot Groundsmoke, Blackfoot Groundsmoke",Neutral
Vascular Plant,Gayophytum ramosissimum,"Pinyon Groundsmoke, Muchbranched Groundsmoke",Neutral
Vascular Plant,Nuphar polysepala,Rocky Mountain Pond-Lily,Neutral
Vascular Plant,Botrychium lanceolatum,"Lance-Leaf Moonwort, Lanceleaf Grapefern, Triangle Moonwort",Neutral
Vascular Plant,Botrychium multifidum,"Leathery Grapefern, Broadleaf Grapefern, Leather Grapefern, Leathery Grape-Fern",Neutral
Vascular Plant,Ophioglossum pusillum,"Northern Adderstongue, Northern Adder's-Tongue",Neutral
Vascular Plant,Juniperus communis var. depressa,Common Juniper,Neutral
Vascular Plant,Juniperus scopulorum,Rocky Mountain Juniper,Neutral
Vascular Plant,Abies bifolia,Rocky Mountain Alpine Fir,Neutral
Vascular Plant,Picea glauca,"Cat Spruce, Canadian Spruce, Skunk Spruce, Black Hills Spruce, Western White Spruce, White Spruce",Neutral
Vascular Plant,Pinus contorta var. latifolia,"Rocky Mountain Lodgepole Pine, Tall Lodgepole Pine, Lodgepole Pine",Neutral
Vascular Plant,Pinus flexilis,"Limber Pine, Rocky Mountain White Pine",Neutral
Vascular Plant,Pseudotsuga menziesii var. glauca,"Inland Douglas-Fir, Douglas-Fir, Rocky Mountain Douglas-Fir, Blue Douglas-Fir, Colorado Douglas-Fir",Neutral
Vascular Plant,Carex albonigra,"Blackandwhite Sedge, Black-And-White Sedge",Neutral
Vascular Plant,Carex aquatilis,Water Sedge,Neutral
Vascular Plant,Carex atherodes,"Wheat Sedge, Slough Sedge, Awned Sedge",Neutral
Vascular Plant,Carex athrostachya,"Slenderbeak Sedge, Slender-Beak Sedge",Neutral
Vascular Plant,Carex aurea,"Golden-Fruit Sedge, Golden Sedge",Neutral
Vascular Plant,Carex backii,"Back's Sedge, Rocky Mountain Sedge",Neutral
Vascular Plant,Carex bebbii,"Bebb Sedge, Bebb's Sedge",Neutral
Vascular Plant,Carex brunnescens,Brownish Sedge,Neutral
Vascular Plant,Carex buxbaumii,"Brown Bog Sedge, Buxbaum's Sedge, Buxbaum Sedge",Neutral
Vascular Plant,Carex canescens,"Silver Sedge, Silvery Sedge",Neutral
Vascular Plant,Carex capillaris,"Hair-Like Sedge, Hairlike Sedge, Hair Sedge",Neutral
Vascular Plant,Carex capitata,"Capitate Sedge, Arctic Sedge",Neutral
Vascular Plant,Carex concinna,Low Northern Sedge,Neutral
Vascular Plant,Carex cusickii,Cusick's Sedge,Neutral
Vascular Plant,Carex diandra,"Lesser Panicled Sedge, Lesser Tussock Sedge",Neutral
Vascular Plant,Carex disperma,"Softleaved Sedge, Softleaf Sedge, Soft-Leaf Sedge",Neutral
Vascular Plant,Carex douglasii,"Douglas' Sedge, Douglas Sedge",Neutral
Vascular Plant,Carex echinata ssp. echinata,"Star Sedge, Stellate Sedge",Neutral
Vascular Plant,Carex elynoides,"Black-Root Sedge, Blackroot Sedge",Neutral
Vascular Plant,Carex filifolia,Threadleaf Sedge,Neutral
Vascular Plant,Carex flava,Yellow Sedge,Neutral
Vascular Plant,Carex geyeri,"Elk Sedge, Geyer's Sedge",Neutral
Vascular Plant,Carex gynocrates,"Northern Bog Sedge, Bog Sedge",Neutral
Vascular Plant,Carex haydeniana,"Hayden's Sedge, Cloud Sedge, Hayden Sedge",Neutral
Vascular Plant,Carex hoodii,"Hood's Sedge, Hood Sedge",Neutral
Vascular Plant,Carex illota,"Smallhead Sedge, Sheep Sedge",Neutral
Vascular Plant,Carex interior,Inland Sedge,Neutral
Vascular Plant,Carex lasiocarpa,"Woollyfruit Sedge, Woolly-Fruit Sedge",Neutral
Vascular Plant,Carex leporinella,"Sierra Hare Sedge, Sierrahare Sedge, Hare Sedge",Neutral
Vascular Plant,Carex limosa,Mud Sedge,Neutral
Vascular Plant,Carex livida,Livid Sedge,Neutral
Vascular Plant,Carex luzulina var. ablata,"Serrate Sedge, Woodrush Sedge",Neutral
Vascular Plant,Carex macloviana,"Thickhead Sedge, Falkland Island Sedge",Neutral
Vascular Plant,Carex microglochin,Fewseeded Bog Sedge,Neutral
Vascular Plant,Carex microptera,"Ovalhead Sedge, Smallwing Sedge",Neutral
Vascular Plant,Carex nebrascensis,Nebraska Sedge,Neutral
Vascular Plant,Carex neurophora,"Alpine Nerved Sedge, Alpinenerved Sedge, Alpine Nerve Sedge",Neutral
Vascular Plant,Carex nigricans,Black Alpine Sedge,Neutral
Vascular Plant,Carex obtusata,"Blunt Sedge, Obtuse Sedge",Neutral
Vascular Plant,Carex pachystachya,"Thickhead Sedge, Chamisso Sedge",Neutral
Vascular Plant,Carex parryana var. parryana,Parry's Sedge,Neutral
Vascular Plant,Carex paysonis,"Payson's Sedge, Payson Sedge",Neutral
Vascular Plant,Carex pellita,Woolly Sedge,Neutral
Vascular Plant,Carex petasata,"Liddon's Sedge, Liddon Sedge",Neutral
Vascular Plant,Carex phaeocephala,"Dunhead Sedge, Dunehead Sedge",Neutral
Vascular Plant,Carex platylepis,Broadscale Sedge,Neutral
Vascular Plant,Carex praeceptorium,Early Sedge,Neutral
Vascular Plant,Carex praegracilis,"Clustered Field Sedge, Slim Sedge",Neutral
Vascular Plant,Carex praticola,"Meadow Sedge, Northern Meadow Sedge",Neutral
Vascular Plant,Carex preslii,Presl's Sedge,Neutral
Vascular Plant,Carex pyrenaica,Pyrenean Sedge,Neutral
Vascular Plant,Carex raynoldsii,"Raynold's Sedge, Raynolds' Sedge, Raynolds Sedge",Neutral
Vascular Plant,Carex rossii,"Ross Sedge, Ross's Sedge, Ross' Sedge, Shortstemmed Sedge",Neutral
Vascular Plant,Carex rupestris,"Curly Sedge, Rock Sedge",Neutral
Vascular Plant,Carex sartwellii,"Sartwell Sedge, Sartwell's Sedge",Neutral
Vascular Plant,Carex scopulorum,"Mountain Sedge, Holm's Rocky Mountain Sedge",Neutral
Vascular Plant,Carex simulata,"Analogue Sedge, Shortbeak Sedge",Neutral
Vascular Plant,Carex stenoptila,Riverbank Sedge,Neutral
Vascular Plant,Carex subnigricans,"Black Sedge, Nearlyblack Sedge",Neutral
Vascular Plant,Carex utriculata,Northwest Territory Sedge,Neutral
Vascular Plant,Carex vallicola,Valley Sedge,Neutral
Vascular Plant,Carex vesicaria var. vesicaria,"Lesser Bladder Sedge, Blister Sedge",Neutral
Vascular Plant,Carex viridula,"Little Green Sedge, Green Sedge",Neutral
Vascular Plant,Cyperus squarrosus,"Bearded Flatsedge, Bearded Nutgrass, Awned Flat Sedge",Neutral
Vascular Plant,Eleocharis,"Spikerush, Spikesedge",Neutral
Vascular Plant,Eleocharis flavescens var. thermalis,Yellow Spikerush,Neutral
Vascular Plant,Eleocharis quinqueflora,"Few-Flower Spike-Rush, Fewflower Spikerush, Fewflowered Spikesedge, Few-Flower Spikerush",Neutral
Vascular Plant,Eleocharis rostellata,"Beaked Spike-Rush, Beaked Spikesedge, Beaked Spikerush",Neutral
Vascular Plant,Eriophorum angustifolium,"Tall Cottongrass, Narrowleaf Cottonsedge, Tall Cotton-Grass",Neutral
Vascular Plant,Eriophorum chamissonis,"Chamisso's Cotton-Grass, Chamisso's Cottongrass, Russet Cottonsedge",Neutral
Vascular Plant,Eriophorum gracile,"Slender Cottongrass, Slender Cottonsedge, Slender Cotton-Grass",Neutral
Vascular Plant,Eriophorum viridicarinatum,"Tassel Cotton-Grass, Thinleaf Cottonsedge",Neutral
Vascular Plant,Schoenoplectus acutus var. occidentalis,Tule,Neutral
Vascular Plant,Schoenoplectus americanus,"Schoenoplectus, Chairmaker's Bulrush, American Bulrush, Olney Bulrush",Neutral
Vascular Plant,Schoenoplectus subterminalis,Swaying Bulrush,Neutral
Vascular Plant,Scirpus microcarpus,"Smallfruit Bulrush, Panicled Bulrush, Red-Tinge Bulrush",Neutral
Vascular Plant,Juncus bufonius,Toad Rush,Neutral
Vascular Plant,Juncus compressus,Roundfruit Rush,Neutral
Vascular Plant,Juncus confusus,Colorado Rush,Neutral
Vascular Plant,Juncus drummondii,"Drummond's Rush, Drummond Rush",Neutral
Vascular Plant,Juncus ensifolius var. montanus,Rocky Mountain Rush,Neutral
Vascular Plant,Juncus filiformis,Thread Rush,Neutral
Vascular Plant,Juncus hallii,"Hall Rush, Hall's Rush",Neutral
Vascular Plant,Juncus longistylis,"Long-Styled Rush, Long-Style Rush",Neutral
Vascular Plant,Juncus mertensianus,Mertens' Rush,Neutral
Vascular Plant,Juncus nevadensis,"Sierra Rush, Nevada Rush",Neutral
Vascular Plant,Juncus nodosus,"Jointed Rush, Knotted Rush",Neutral
Vascular Plant,Juncus parryi,"Parry's Rush, Parry Rush",Neutral
Vascular Plant,Juncus regelii,"Regel's Rush, Regel Rush",Neutral
Vascular Plant,Juncus torreyi,"Torrey's Rush, Torrey Rush",Neutral
Vascular Plant,Juncus vaseyi,"Vasey Rush, Vasey's Rush",Neutral
Vascular Plant,Luzula glabrata var. hitchcockii,Hitchcock's Smooth Woodrush,Neutral
Vascular Plant,Luzula parviflora,"Smallflowered Woodrush, Smallflower Woodrush, Millet Woodrush",Neutral
Vascular Plant,Luzula spicata,"Spiked Woodrush, Spiked Wood-Rush",Neutral
Vascular Plant,Achnatherum contractum,Contracted Ricegrass,Species of Concern
Vascular Plant,Achnatherum hymenoides,Indian Ricegrass,Neutral
Vascular Plant,Achnatherum lettermanii,"Letterman's Needlegrass, Letterman Needlegrass",Neutral
Vascular Plant,Achnatherum occidentale,Western Needlegrass,Neutral
Vascular Plant,Achnatherum pinetorum,"Pinewoods Needlegrass, Pine-Forest Needle Grass, Pine Needlegrass",Neutral
Vascular Plant,Achnatherum richardsonii,"Richardson Needlegrass, Richardson's Needlegrass",Neutral
Vascular Plant,Achnatherum X bloomeri,"Bloomer Ricegrass, Bloomer's Ricegrass, Achnatherum",Neutral
Vascular Plant,Agrostis exarata,Spike Bentgrass,Neutral
Vascular Plant,Agrostis humilis,"Alpine Bentgrass, Mountain Bent Grass",Neutral
Vascular Plant,Agrostis idahoensis,"Idaho Bentgrass, Idaho Redtop",Neutral
Vascular Plant,Agrostis oregonensis,"Oregon Redtop, Oregon Bentgrass",Neutral
Vascular Plant,Agrostis rossiae,"Mountain Bentgrass, Ross' Bentgrass",Neutral
Vascular Plant,Agrostis scabra var. scabra,Rough Bentgrass,Neutral
Vascular Plant,Agrostis thurberiana,Thurber's Bentgrass,Neutral
Vascular Plant,Agrostis variabilis,Mountain Bentgrass,Neutral
Vascular Plant,Aira caryophyllea,Silver Hairgrass,Neutral
Vascular Plant,Alopecurus aequalis,"Short-Awn Meadow-Foxtail, Short Foxtail, Shortawn Foxtail",Neutral
Vascular Plant,Alopecurus arundinaceus,"Creeping Meadow-Foxtail, Creeping Foxtail, Creeping Meadow Foxtail",Neutral
Vascular Plant,Alopecurus borealis,Boreal Alopecurus,Neutral
Vascular Plant,Alopecurus pratensis,"Field Meadow-Foxtail, Meadow Foxtail",Neutral
Vascular Plant,Apera interrupta,"Dense Silky-Bent, Dense Silkybent, Silky Bentgrass",Neutral
Vascular Plant,Aristida purpurea var. longiseta,"Red Threeawn, Fendler's Threeawn, Red Threeawn (Fendler), Fendler Threeawn",Neutral
Vascular Plant,Arrhenatherum elatius,Tall Oatgrass,Neutral
Vascular Plant,Avena fatua,"Wheat Oats, Flaxgrass, Wild Oats, Oatgrass, Wild Oat",Neutral
Vascular Plant,Beckmannia syzigachne,"American Sloughgrass, Slough Grass",Neutral
Vascular Plant,Bouteloua gracilis,Blue Grama,Neutral
Vascular Plant,Bromus anomalus,"Nodding Bromegrass, Nodding Brome",Neutral
Vascular Plant,Bromus carinatus,"California Brome, Mountain Brome",Neutral
Vascular Plant,Bromus inermis var. inermis,Smooth Brome,Neutral
Vascular Plant,Bromus inermis var. pumpellianus,Pumpelly's Brome,Neutral
Vascular Plant,Bromus vulgaris,Columbia Brome,Neutral
Vascular Plant,Calamagrostis purpurascens,Purple Reedgrass,Neutral
Vascular Plant,Calamagrostis rubescens,Pinegrass,Neutral
Vascular Plant,Calamagrostis stricta,"Narrowspike Reedgrass, Slimstem Reedgrass, Slim-Stem Reed Grass",Neutral
Vascular Plant,Catabrosa aquatica,"Brookgrass, Water Whorlgrass, Water Whorl Grass",Neutral
Vascular Plant,Danthonia californica,California Oatgrass,Neutral
Vascular Plant,Danthonia intermedia,Timber Oatgrass,Neutral
Vascular Plant,Danthonia unispicata,"Onespike Oatgrass, Onespike Danthonia",Neutral
Vascular Plant,Deschampsia cespitosa,Tufted Hairgrass,Neutral
Vascular Plant,Deschampsia danthonioides,Annual Hairgrass,Neutral
Vascular Plant,Deschampsia elongata,Slender Hairgrass,Neutral
Vascular Plant,Dichanthelium acuminatum,"Hotsprings Rosette Grass, Tapered Rosette Grass, Hotsprings Panicum",Neutral
Vascular Plant,Elymus canadensis var. canadensis,Canada Wildrye,Neutral
Vascular Plant,Elymus glaucus,"Blue Wildrye, Blue Wild Rye",Neutral
Vascular Plant,Elymus scribneri,"Scribner's Wild Rye, Scribner's Wildrye, Spreading Wheatgrass",Neutral
Vascular Plant,Elymus trachycaulus var. trachycaulus,"Wheatgrass, Rye Grass, Slender Wheatgrass, Bearded Wheatgrass",Neutral
Vascular Plant,Festuca arundinacea,"Tall Fescue, Alta Fescue, Coarse Fescue, Reed Fescue",Neutral
Vascular Plant,Festuca baffinensis,Baffin Fescue,Neutral
Vascular Plant,Festuca brachyphylla,Alpine Fescue,Neutral
Vascular Plant,Festuca idahoensis,Idaho Fescue,Neutral
Vascular Plant,Festuca occidentalis,Western Fescue,Neutral
Vascular Plant,Festuca saximontana,"Mountain Fescue, Rocky Mountain Fescue",Neutral
Vascular Plant,Festuca subulata,"Nodding Fescue, Bearded Fescue",Neutral
Vascular Plant,Glyceria borealis,"Small Floating Manna Grass, Small Floating Mannagrass, Northern Mannagrass",Neutral
Vascular Plant,Glyceria elata,Tall Mannagrass,Neutral
Vascular Plant,Glyceria grandis,"Manna Grass, American Mannagrass",Neutral
Vascular Plant,Hierochloe odorata,"Sweetgrass, Vanilla Grass",Neutral
Vascular Plant,Hordeum brachyantherum,Meadow Barley,Neutral
Vascular Plant,Hordeum jubatum,Foxtail Barley,Neutral
Vascular Plant,Koeleria macrantha,"Junegrass, Prairie Junegrass",Neutral
Vascular Plant,Leucopoa kingii,"Spike Fescue, Spike-Fescue",Neutral
Vascular Plant,Melica bulbosa,"Oniongrass, Bulbous Oniongrass",Neutral
Vascular Plant,Melica spectabilis,Purple Oniongrass,Neutral
Vascular Plant,Melica subulata,Alaska Oniongrass,Neutral
Vascular Plant,Monroa squarrosa,"False Buffalo Grass, False Buffalograss",Neutral
Vascular Plant,Muhlenbergia andina,Foxtail Muhly,Neutral
Vascular Plant,Muhlenbergia asperifolia,"Alkali Muhly, Scratchgrass",Neutral
Vascular Plant,Muhlenbergia filiformis,Pullup Muhly,Neutral
Vascular Plant,Muhlenbergia glomerata,"Spiked Muhly, Marsh Muhly, Bristly Muhly",Neutral
Vascular Plant,Muhlenbergia mexicana,Mexican Muhly,Neutral
Vascular Plant,Muhlenbergia richardsonis,"Soft-Leaf Muhly, Mat Muhly",Neutral
Vascular Plant,Nassella viridula,Green Needlegrass,Neutral
Vascular Plant,Oryzopsis asperifolia,"Roughleaf Ricegrass, White-Grain Mountain-Rice Gras",Neutral
Vascular Plant,Phleum alpinum,Alpine Timothy,Neutral
Vascular Plant,Phragmites australis,Common Reed,Neutral
Vascular Plant,Piptatherum exiguum,Little Ricegrass,Neutral
Vascular Plant,Poa alpina,Alpine Bluegrass,Neutral
Vascular Plant,Poa arida,Plains Bluegrass,Neutral
Vascular Plant,Poa bulbosa,"Bulbous Bluegrass, Bulbous Blue Grass",Neutral
Vascular Plant,Poa fendleriana,"Mutton Grass, Muttongrass",Neutral
Vascular Plant,Poa interior,Inland Bluegrass,Neutral
Vascular Plant,Poa leptocoma,"Bog Bluegrass, Marsh, Marsh Bluegrass",Neutral
Vascular Plant,Poa reflexa,Nodding Bluegrass,Neutral
Vascular Plant,Poa wheeleri,Wheeler's Bluegrass,Neutral
Vascular Plant,Polypogon monspeliensis,"Rabbitfoot Grass, Rabbitfoot Polypogon, Annual Rabbitsfoot Grass, Rabbitfootgrass, Rabbitfoot Beardgrass, Annual Rabbit's-Foot Grass, Rabbit'sfootgrass",Neutral
Vascular Plant,Puccinellia distans,"Spreading Alkali Grass, Weeping Alkaligrass, European Alkaligrass",Neutral
Vascular Plant,Puccinellia nuttalliana,"Nuttall's Alkaligrass, Nuttall Alkaligrass",Neutral
Vascular Plant,Schedonnardus paniculatus,"Tumbleggrass, Tumble Grass, Tumblegrass",Neutral
Vascular Plant,Schizachne purpurascens,"False Melic Grass, False Melic",Neutral
Vascular Plant,Scolochloa festucacea,"Common Rivergrass, Rivergrass",Neutral
Vascular Plant,Spartina gracilis,Alkali Cordgrass,Neutral
Vascular Plant,Sporobolus airoides,"Alkali-Sacaton, Alkali Sacaton",Neutral
Vascular Plant,Sporobolus cryptandrus,Sand Dropseed,Neutral
Vascular Plant,Torreyochloa pallida var. pauciflora,Pale False Mannagrass,Neutral
Vascular Plant,Trisetum canescens,Tall Trisetum,Neutral
Vascular Plant,Trisetum spicatum,Spike Trisetum,Neutral
Vascular Plant,Trisetum wolfii,"Wolf Trisetum, Wolf's Trisetum",Neutral
Vascular Plant,Sparganium,"Burreed, Bur-Reed",Neutral
Vascular Plant,Sparganium angustifolium,"Narrowleaf Burreed, Narrowleaf Bur-Reed, Narrowleaf Burr Reed",Neutral
Vascular Plant,Sparganium emersum,European Bur-Reed,Neutral
Vascular Plant,Sparganium natans,Small Bur-Reed,Neutral
Vascular Plant,Pteridium aquilinum var. pubescens,"Hairy Brackenfern, Western Bracken, Western Brackenfern, Eagle Fern",Neutral
Vascular Plant,Dryopteris expansa,Spreading Woodfern,Neutral
Vascular Plant,Polystichum lonchitis,"Northern Hollyfern, Hollyfern",Neutral
Vascular Plant,Polystichum scopulinum,"Eaton's Hollyfern, Mountain Hollyfern",Neutral
Vascular Plant,Adiantum aleuticum,"Five-Finger Fern, Aleutian Maidenhair, Aleutian Maidenhair-Fern",Neutral
Vascular Plant,Cheilanthes feei,"Slender Lip Fern, Fee's Lipfern, Slender Lipfern",Neutral
Vascular Plant,Cryptogramma acrostichoides,American Rockbrake,Neutral
Vascular Plant,Cryptogramma stelleri,"Fragile Rockbrake, Slender Cliffbrake",Neutral
Vascular Plant,Pellaea breweri,Brewer's Cliffbrake,Neutral
Vascular Plant,Athyrium filix-femina,"Subarctic Ladyfern, Ladyfern, Common Ladyfern",Neutral
Vascular Plant,Cystopteris fragilis,"Brittle Bladder Fern, Fragile Fern, Brittle Bladderfern",Neutral
Vascular Plant,Woodsia oregana,"Oregon Woodsia, Oregon Cliff Fern, Western Cliff Fern",Neutral
Vascular Plant,Woodsia scopulina,"Rocky Mountain Cliff Fern, Rocky Mountain Woodsia",Neutral
Vascular Plant,Mahonia repens,"Creeping Mahonia, Trunkee Barberry, Creeping Barberry, Oregon Grape",Neutral
Vascular Plant,Corydalis aurea,"Scrambled Eggs, Golden Corydalis",Neutral
Vascular Plant,Corydalis aurea var. aurea,Golden Corydalis,Neutral
Vascular Plant,Dicentra uniflora,"Steershead, Longhorn Steer's-Head",Neutral
Vascular Plant,Aconitum columbianum ssp. columbianum,Columbian Monkshood,Neutral
Vascular Plant,Actaea rubra,"Red Baneberry, Western Baneberry",Neutral
Vascular Plant,Anemone parviflora,Smallflowered Anemone,Neutral
Vascular Plant,Anemone patens var. multifida,Cutleaf Anemone,Neutral
Vascular Plant,Anemone tetonensis,Teton Anemone,Neutral
Vascular Plant,Aquilegia coerulea,Colorado Blue Columbine,Neutral
Vascular Plant,Aquilegia flavescens,Yellow Columbine,Neutral
Vascular Plant,Caltha leptosepala,"White Marshmarigold, Slendersepal Marshmarigold, Elkslip Marshmarigold, White Marsh Marigold, White Marsh-Marigold",Neutral
Vascular Plant,Clematis hirsutissima var. hirsutissima,Hairy Clematis,Neutral
Vascular Plant,Clematis ligusticifolia,"Western White Clematis, Virgins Bower, Virgin's-Bower, Virginsbower, Old-Man's-Beard, Hierba De Chivo",Neutral
Vascular Plant,Clematis occidentalis var. grosseserrata,Western Blue Virginsbower,Neutral
Vascular Plant,Delphinium bicolor ssp. bicolor,Little Larkspur,Neutral
Vascular Plant,Delphinium glaucum,"Sierra Larkspur, Tower Larkspur, Mountain Larkspur",Neutral
Vascular Plant,Delphinium nuttallianum,"Low Larkspur, Twolobe Larkspur, Two-Lobe Larkspur, Nuttall's Larkspur",Neutral
Vascular Plant,Myosurus apetalus var. borealis,Bristly Mousetail,Neutral
Vascular Plant,Myosurus apetalus var. montanus,"Tiny Mousetail, Bristly Mousetail",Neutral
Vascular Plant,Ranunculus acris var. acris,"Meadow Buttercup, Tall Buttercup, Showy Buttercup",Neutral
Vascular Plant,Ranunculus alismifolius var. davisii,Davis' Buttercup,Neutral
Vascular Plant,Ranunculus alismifolius var. hartwegii,Plantainleaf Buttercup,Neutral
Vascular Plant,Ranunculus cymbalaria var. cymbalaria,Alkali Buttercup,Neutral
Vascular Plant,Ranunculus eschscholtzii var. eschscholtzii,"Eschscholtz's Buttercup, Spruce-Fir Buttercup",Neutral
Vascular Plant,Ranunculus eschscholtzii var. eximius,Tundra Buttercup,Neutral
Vascular Plant,Ranunculus eschscholtzii var. trisectus,Threesection Buttercup,Neutral
Vascular Plant,Ranunculus flammula var. reptans,Greater Creeping Spearwort,Neutral
Vascular Plant,Ranunculus glaberrimus var. ellipticus,"Elliptical Buttercup, Sagebrush Buttercup",Neutral
Vascular Plant,Ranunculus gmelinii,"Gmelin's Buttercup, Lesser Yellow Water Buttercup, Small Yellow Water Buttercup",Neutral
Vascular Plant,Ranunculus hyperboreus,"Arctic Buttercup, High Northern Buttercup",Neutral
Vascular Plant,Ranunculus inamoenus var. inamoenus,Graceful Buttercup,Neutral
Vascular Plant,Ranunculus jovis,Utah Buttercup,Neutral
Vascular Plant,Ranunculus macounii,Macoun's Buttercup,Neutral
Vascular Plant,Ranunculus sceleratus var. multifidus,"Cursed Buttercup, Blister Buttercup",Neutral
Vascular Plant,Ranunculus testiculatus,"Curveseed Butterwort, Testiculate Buttercup, Bur Buttercup, Little Bur",Neutral
Vascular Plant,Ranunculus uncinatus,"Woodland Buttercup, Hooked Buttercup",Neutral
Vascular Plant,Thalictrum alpinum,"Alpine Meadowrue, Alpine Meadow-Rue",Neutral
Vascular Plant,Thalictrum occidentale,"Western Meadowrue, Western Meadow-Rue",Neutral
Vascular Plant,Thalictrum sparsiflorum var. saximontanum,"Fewflower Meadowrue, Fewflower Meadow-Rue",Neutral
Vascular Plant,Thalictrum venulosum,"Veiny-Leaf Meadow-Rue, Veiny Meadow-Rue, Veiny Meadowrue",Neutral
Vascular Plant,Humulus lupulus,"Common Hop, Common Hops, Hops",Neutral
Vascular Plant,Elaeagnus commutata,Silverberry,Neutral
Vascular Plant,Shepherdia canadensis,"Russet Buffaloberry, Russet Buffalo-Berry",Neutral
Vascular Plant,Ceanothus velutinus var. velutinus,Snowbrush Ceanothus,Neutral
Vascular Plant,Rhamnus alnifolia,"Alderleaf Buckthorn, Alder-Leaf Buckthorn",Neutral
Vascular Plant,Amelanchier alnifolia var. alnifolia,"Saskatoon Service-Berry, Saskatoon Serviceberry",Neutral
Vascular Plant,Amelanchier alnifolia var. pumila,Dwarf Serviceberry,Neutral
Vascular Plant,Crataegus douglasii var. douglasii,"Black Hawthorn, Douglas' Hawthorn",Neutral
Vascular Plant,Geum macrophyllum var. perincisum,"Largeleaf Avens, Large-Leaf Avens",Neutral
Vascular Plant,Geum rivale,"Purple Avens, Water Avens",Neutral
Vascular Plant,Geum rossii var. turbinatum,Ross' Avens,Neutral
Vascular Plant,Geum triflorum,"Old Man's Whiskers, Prairie Smoke, Prairiesmoke",Neutral
Vascular Plant,Ivesia gordonii,Gordon's Ivesia,Neutral
Vascular Plant,Pentaphylloides floribunda,Shrubby Cinquefoil,Neutral
Vascular Plant,Physocarpus malvaceus,Mallow Ninebark,Neutral
Vascular Plant,Potentilla anserina,Silverweed Cinquefoil,Neutral
Vascular Plant,Potentilla arguta,Tall Cinquefoil,Neutral
Vascular Plant,Potentilla biennis,Biennial Cinquefoil,Neutral
Vascular Plant,Potentilla diversifolia var. diversifolia,"Mountain-Meadow Cinquefoil, Varileaf Cinquefoil",Neutral
Vascular Plant,Potentilla diversifolia var. perdissecta,"Mountain-Meadow Cinquefoil, Mountainmeadow Cinquefoil",Neutral
Vascular Plant,Potentilla gracilis var. brunnescens,"Sagebrush Cinquefoil, Slender Cinquefoil",Neutral
Vascular Plant,Potentilla gracilis var. fastigiata,"Northwest Cinquefoil, Slender Cinquefoil, Nuttall's Cinquefoil",Neutral
Vascular Plant,Potentilla gracilis var. flabelliformis,"Fanleaf Cinquefoil, Slender Cinquefoil",Neutral
Vascular Plant,Potentilla hippiana var. hippiana,Woolly Cinquefoil,Neutral
Vascular Plant,Potentilla nivea,"Snow Cinquefoil, Snowy Cinquefoil",Neutral
Vascular Plant,Potentilla ovina var. ovina,Sheep Cinquefoil,Neutral
Vascular Plant,Potentilla pensylvanica,"Pennsylvania Cinquefoil, Prairie Cinquefoil",Neutral
Vascular Plant,Potentilla rubricaulis,Rocky Mountain Cinquefoil,Neutral
Vascular Plant,Prunus virginiana var. melanocarpa,"Choke Cherry, Black Chokecherry",Neutral
Vascular Plant,Purshia tridentata,Antelope Bitterbrush,Neutral
Vascular Plant,Rosa woodsii,Woods' Rose,Neutral
Vascular Plant,Rubus laciniatus,"Cutleaf Blackberry, Cut-Leaved Blackberry",Neutral
Vascular Plant,Rubus parviflorus var. parviflorus,"Western Thimbleberry, Thimbleberry",Neutral
Vascular Plant,Sanguisorba annua,Prairie Burnet,Neutral
Vascular Plant,Sibbaldia procumbens,"Creeping Sibbaldia, Creeping-Glow-Wort, Prostrate Sibbaldia",Neutral
Vascular Plant,Sorbus scopulina var. scopulina,"Greene's Mountain-Ash, Cascade Mountain-Ash",Neutral
Vascular Plant,Spiraea betulifolia var. lucida,Shinyleaf Spirea,Neutral
Vascular Plant,Spiraea splendens,Rose Meadowsweet,Neutral
Vascular Plant,Urtica dioica var. procera,"Tall Nettle, California Nettle, Stinging Nettle, Slender Nettle",Neutral
Vascular Plant,Arceuthobium americanum,"Lodgepole Pine Dwarf Mistletoe, American Dwarf Mistletoe",Neutral
Vascular Plant,Arceuthobium cyanocarpum,Limber Pine Dwarf Mistletoe,Neutral
Vascular Plant,Rhus aromatica var. trilobata,"Skunkbush Sumac, Ill-Scented Sumac",Neutral
Vascular Plant,Toxicodendron rydbergii,"Poison Ivy, Western Poison Ivy",Neutral
Vascular Plant,Acer glabrum,Rocky Mountain Maple,Neutral
Vascular Plant,Acer negundo var. violaceum,Boxelder,Neutral
Vascular Plant,Crassula solierii,Smoothseed Pygmyweed,Neutral
Vascular Plant,Sedum integrifolium,Ledge Stonecrop,Neutral
Vascular Plant,Sedum lanceolatum,"Spearleaf Stonecrop, Lance-Leaf Stonecrop, Lanceleaf Stonecrop",Neutral
Vascular Plant,Sedum rhodanthum,Redpod Stonecrop,Neutral
Vascular Plant,Sedum stenopetalum,"Wormleaf Stonecrop, Yellow Stonecrop",Neutral
Vascular Plant,Ribes aureum var. aureum,Golden Currant,Neutral
Vascular Plant,Ribes cereum var. pedicellare,"White Squaw Currant, Squaw Currant, Whisky Currant",Neutral
Vascular Plant,Ribes hudsonianum,"Black Currant, Northern Black Currant",Neutral
Vascular Plant,Ribes inerme var. inerme,Whitestem Gooseberry,Neutral
Vascular Plant,Ribes lacustre,Prickly Currant,Neutral
Vascular Plant,Ribes montigenum,"Alpine Prickly Currant, Gooseberry Currant, Mountain Gooseberry",Neutral
Vascular Plant,Ribes oxyacanthoides var. setosum,Inland Gooseberry,Neutral
Vascular Plant,Ribes viscosissimum var. viscosissimum,Sticky Currant,Neutral
Vascular Plant,Myriophyllum quitense,"Andean Water Milfoil, Andean Watermilfoil",Neutral
Vascular Plant,Myriophyllum sibiricum,"American Watermilfoil, Shortspike Watermilfoil, Siberian Water-Milfoil",Neutral
Vascular Plant,Myriophyllum verticillatum,"Whorlleaf Watermilfoil, Whorled Water-Milfoil, Whorl-Leaf Watermilfoil",Neutral
Vascular Plant,Paeonia brownii,Brown's Peony,Neutral
Vascular Plant,Conimitella williamsii,Williams' Miterwort,Neutral
Vascular Plant,Heuchera parvifolia,"Little-Leaf Alumroot, Littleleaf Alumroot, Common Alumroot",Neutral
Vascular Plant,Lithophragma parviflorum,Smallflower Woodland-Star,Neutral
Vascular Plant,Lithophragma tenellum,Slender Woodland-Star,Neutral
Vascular Plant,Mitella pentandra,Fivestamen Miterwort,Neutral
Vascular Plant,Mitella stauropetala,"Side-Flower Miterwort, Smallflower Miterwort, Starry Miterwort",Neutral
Vascular Plant,Saxifraga cernua,Nodding Saxifrage,Neutral
Vascular Plant,Saxifraga cespitosa,"Tufted Alpine Saxifrage, Tufted Saxifrage",Neutral
Vascular Plant,Saxifraga nidifica,"Peak Saxifrage, Hooker's Saxifrage",Neutral
Vascular Plant,Saxifraga occidentalis,Alberta Saxifrage,Neutral
Vascular Plant,Saxifraga odontoloma,"Brook Saxifrage, Streambank Saxifrage",Neutral
Vascular Plant,Saxifraga oppositifolia,"Purple Saxifrage, Purple Mountain Saxifrage",Neutral
Vascular Plant,Saxifraga rhomboidea,"Diamond-Leaf Saxifrage, Diamondleaf Saxifrage",Neutral
Vascular Plant,Saxifraga rivularis,"Alpine Brook Saxifrage, Pygmy Saxifrage, Weak Saxifrage",Neutral
Vascular Plant,Saxifraga subapetala,Yellowstone Saxifrage,Neutral
Vascular Plant,Telesonix heucheriformis,Alumroot Brookfoam,Neutral
Vascular Plant,Selaginella densa var. densa,"Lesser Spikemoss, Dense Spikemoss",Neutral
Vascular Plant,Selaginella densa var. scopulorum,"Rocky Mountain Spikemoss, Rocky Mountain Clubmoss",Neutral
Vascular Plant,Selaginella selaginoides,"Clubmoss, Northern Spikemoss, Club Spikemoss",Neutral
Vascular Plant,Convolvulus arvensis,"Smallflowered Morningglory, Perennial Morningglory, Creeping Jenny, Field Bindweed, European Bindweed",Neutral
Vascular Plant,Hyoscyamus niger,"Henbane, Black Henbane",Neutral
Vascular Plant,Lycium barbarum,"Common Matrimonyvine, Matrimonyvine, Matrimony-Vine, Matrimony Vine",Neutral
Vascular Plant,Solanum triflorum,"Cut-Leaf Nightshade, Cutleaf Nightshade",Neutral
Nonvascular Plant,Fontinalis,Fontinalis Moss,Neutral
Mammal,Ovis canadensis sierrae,Sierra Nevada Bighorn Sheep,Endangered
Mammal,Vulpes vulpes necator,Sierra Nevada Red Fox,Neutral
Mammal,Neovison vison,American Mink,Neutral
Mammal,Pekania pennanti,Fisher,Neutral
Mammal,Bassariscus astutus,Ringtail,Species of Concern
Mammal,Ursus arctos,"Brown Bear, Grizzly Bear",Neutral
Mammal,Eumops perotis,Western Mastiff Bat,Neutral
Mammal,Tadarida brasiliensis,Mexican Free-Tailed Bat,Neutral
Mammal,Lasiurus blossevillii,Western Red Bat,Species of Concern
Mammal,Parastrellus hesperus,Canyon Bat,Neutral
Mammal,Lepus americanus tahoensis,Sierra Nevada Snowshoe Hare,Species of Concern
Mammal,Lepus townsendii townsendii,Western White-Tailed Jackrabbit,Neutral
Mammal,Sylvilagus bachmani,Brush Rabbit,Species of Concern
Mammal,Aplodontia rufa californica,Sierra Nevada Mountain Beaver,Species of Concern
Mammal,Microtus californicus,California Meadow Mouse,Neutral
Mammal,Neotoma macrotis,Big-Eared Woodrat,Neutral
Mammal,Neotoma macrotis streatori,Big-Eared Woodrat,Neutral
Mammal,Peromyscus boylii,"Brush Deermouse, Brush Mouse",Neutral
Mammal,Peromyscus californicus,California Mouse,Neutral
Mammal,Peromyscus truei,"Pi_On Mouse, Pi_On Deermouse, Pinyon Mouse",Neutral
Mammal,Reithrodontomys megalotis,Western Harvest Mouse,Neutral
Mammal,Thomomys bottae,Botta's Pocket Gopher,Neutral
Mammal,Thomomys monticola,Mountain Pocket Gopher,Neutral
Mammal,Chaetodipus californicus,California Pocket Mouse,Neutral
Mammal,Callospermophilus lateralis,Golden-Mantled Ground Squirrel,Neutral
Mammal,Otospermophilus beecheyi,California Ground Squirrel,Neutral
Mammal,Sciurus griseus,Western Gray Squirrel,Neutral
Mammal,Tamias alpinus,Alpine Chipmunk,Neutral
Mammal,Tamias merriami,Merriam's Chipmunk,Neutral
Mammal,Tamias quadrimaculatus,Long-Eared Chipmunk,Neutral
Mammal,Tamias senex,"Allen's Chipmunk, Shadow Chipmunk",Neutral
Mammal,Tamias speciosus,Lodgepole Chipmunk,Neutral
Mammal,Tamiasciurus douglasii,Chickaree,Neutral
Mammal,Urocitellus beldingi,Belding's Ground Squirrel,Neutral
Mammal,Sorex lyelli,Mount Lyell Shrew,Neutral
Mammal,Sorex tenellus,Inyo Shrew,Neutral
Mammal,Sorex trowbridgii,Trowbridge's Shrew,Neutral
Mammal,Scapanus latimanus,Broad-Footed Mole,Neutral
Bird,Elanus leucurus,White-Tailed Kite,Species of Concern
Bird,Gymnogyps californianus,California Condor,Endangered
Bird,Selasphorus calliope,Calliope Hummingbird,Neutral
Bird,Cypseloides niger,Black Swift,Species of Concern
Bird,Archilochus alexandri,Black-Chinned Hummingbird,Neutral
Bird,Calypte anna,Anna's Hummingbird,Neutral
Bird,Selasphorus sasin,Allen's Hummingbird,Neutral
Bird,Phalaenoptilus nuttallii,Common Poorwill,Neutral
Bird,Actitis macularius,Spotted Sandpiper,Neutral
Bird,Megaceryle alcyon,Belted Kingfisher,Neutral
Bird,Geococcyx californianus,Greater Roadrunner,Neutral
Bird,Callipepla californica,California Quail,Neutral
Bird,Oreortyx pictus,Mountain Quail,Neutral
Bird,Dendragapus fuliginosus,Sooty Grouse,Neutral
Bird,Haemorhous mexicanus,House Finch,Neutral
Bird,Haemorhous purpureus,Purple Finch,Neutral
Bird,Psaltriparus minimus,Bushtit,Neutral
Bird,Passerina caerulea,Blue Grosbeak,Neutral
Bird,Aphelocoma californica,Western Scrub-Jay,Neutral
Bird,Pica nuttalli,Yellow-Billed Magpie,Species of Concern
Bird,Aimophila ruficeps,Rufous-Crowned Sparrow,Neutral
Bird,Artemisiospiza belli,Sage Sparrow,Neutral
Bird,Junco hyemalis caniceps,Gray-Headed Junco,Neutral
Bird,Junco hyemalis hyemalis,Slate-Colored Junco,Neutral
Bird,Junco hyemalis oreganus,Oregon Junco,Neutral
Bird,Melozone crissalis,California Towhee,Neutral
Bird,Zonotrichia leucophrys gambelii,Gambel's White-Crowned Sparrow,Neutral
Bird,Zonotrichia leucophrys oriantha,Mountain White-Crowned Sparrow,Neutral
Bird,Haemorhous cassinii,Cassin's Finch,Neutral
Bird,Spinus lawrencei,Lawrence's Goldfinch,Neutral
Bird,Icterus parisorum,Scott's Oriole,Neutral
Bird,Quiscalus mexicanus,Great-Tailed Grackle,Neutral
Bird,Toxostoma redivivum,California Thrasher,Neutral
Bird,Baeolophus inornatus,Oak Titmouse,Neutral
Bird,Poecile rufescens,Chestnut-Backed Chickadee,Neutral
Bird,Geothlypis tolmiei,Macgillivray's Warbler,Neutral
Bird,Myioborus pictus,Painted Redstart,Neutral
Bird,Setophaga americana,Northern Parula,Neutral
Bird,Setophaga cerulea,Cerulean Warbler,Neutral
Bird,Setophaga coronata auduboni,Audubon's Warbler,Neutral
Bird,Setophaga coronata coronata,Myrtle Warbler (Yellow-Rumped),Neutral
Bird,Setophaga magnolia,Magnolia Warbler,Neutral
Bird,Setophaga nigrescens,Black-Throated Gray Warbler,Neutral
Bird,Setophaga occidentalis,Hermit Warbler,Neutral
Bird,Chamaea fasciata,Wrentit,Neutral
Bird,Troglodytes pacificus,Pacific Wren,Neutral
Bird,Empidonax difficilis,Pacific-Slope Flycatcher,Neutral
Bird,Pyrocephalus rubinus,Vermilion Flycatcher,Species of Concern
Bird,Sayornis nigricans,Black Phoebe,Neutral
Bird,Vireo cassinii,Cassin's Vireo,Neutral
Bird,Vireo huttoni,Hutton's Vireo,Neutral
Bird,Pelecanus occidentalis,Brown Pelican,In Recovery
Bird,Melanerpes formicivorus,Acorn Woodpecker,Neutral
Bird,Picoides nuttallii,Nuttall's Woodpecker,Neutral
Bird,Sphyrapicus ruber,Red-Breasted Sapsucker,Neutral
Bird,Otus flammeolus,Flammulated Owl,Neutral
Bird,Strix occidentalis,Spotted Owl,Neutral
Reptile,Elgaria coerulea palmeri,Sierra (Northern) Alligator Lizard,Neutral
Reptile,Elgaria multicarinata webbii,San Diego (Southern) Alligator Lizard,Neutral
Reptile,Coluber mormon,Western Yellow-Bellied Racer,Neutral
Reptile,Contia tenuis,Sharp-Tailed Snake,Neutral
Reptile,Diadophis punctatus,"Ring-Necked Snake, Ringneck Snake",Species of Concern
Reptile,Hypsiglena torquata nuchalata,California Nightsnake,Neutral
Reptile,Lampropeltis getula californiae,California Kingsnake,Species of Concern
Reptile,Lampropeltis zonata multicincta,Sierra Mountain Kingsnake,Neutral
Reptile,Masticophis lateralis lateralis,California Striped Racer (Whipsnake),Neutral
Reptile,Pituophis catenifer catenifer,Pacific Gopher Snake,Neutral
Reptile,Thamnophis couchii,Sierra (Aquatic) Garter Snake,Neutral
Reptile,Thamnophis elegans elegans,Mountain (Terrestrial) Garter Snake,Neutral
Reptile,Phrynosoma coronatum,Coast Horned Lizard,Neutral
Reptile,Sceloporus graciosus,Sagebrush Lizard,Neutral
Reptile,Sceloporus occidentalis,Western Fence Lizard,Neutral
Reptile,Eumeces gilberti,Gilbert's Skink,Neutral
Reptile,Eumeces skiltonianus,Western Skink,Neutral
Reptile,Aspidoscelis tigris munda,California (Western) Whiptail,Neutral
Reptile,Crotalus oreganus oreganus,Northern Pacific Rattlesnake,Neutral
Amphibian,Anaxyrus boreas halophilus,California Toad (Western Toad),Neutral
Amphibian,Anaxyrus canorus,Yosemite Toad,Threatened
Amphibian,Pseudacris regilla,"Northern Pacific Treefrog, Pacific Chorus Frog, Pacific Treefrog",Neutral
Amphibian,Lithobates catesbeianus,Bullfrog,Neutral
Amphibian,Rana draytonii,California Red-Legged Frog,Threatened
Amphibian,Rana sierrae,Sierra Nevada Yellow-Legged Frog,Endangered
Amphibian,Aneides lugubris,Arboreal Salamander,Neutral
Amphibian,Batrachoseps diabolicus,Hell Hollow Slender Salamander,Neutral
Amphibian,Batrachoseps gregarius,Gregarius Slender Salamander,Neutral
Amphibian,Ensatina eschscholtzii platensis,Sierra Nevada Ensatina,Neutral
Amphibian,Ensatina eschscholtzii xanthoptica,Yellow-Eyed Ensatina,Neutral
Amphibian,Hydromantes platycephalus,Mount Lyell Salamander,Species of Concern
Amphibian,Taricha sierrae,Sierra Newt,Neutral
Fish,Catostomus occidentalis,Sacramento Sucker,Neutral
Fish,Mylopharodon conocephalus,Hardhead,Neutral
Fish,Ptychocheilus grandis,Sacramento Pikeminnow,Neutral
Fish,Oncorhynchus clarkii henshawi,Lahontan Cutthroat Trout,Threatened
Fish,Oncorhynchus mykiss aguabonita,California Golden Trout,Neutral
Fish,Cottus gulosus,Riffle Sculpin,Neutral
Vascular Plant,Triglochin concinna var. debilis,Desert Arrow-Grass,Neutral
Vascular Plant,Alisma plantago-aquatica,"American Waterplantain, European Water Plantain",Neutral
Vascular Plant,Sagittaria latifolia,"Broadleaf Arrowhead, Common Arrowhead, Duck-Potato, Wapato",Neutral
Vascular Plant,Lilaea scilloides,"Awl-Leaf Lilaea, Flowering Quillwort",Neutral
Vascular Plant,Triglochin maritima,"Arrow-Grass, Seaside Arrowgrass",Neutral
Vascular Plant,Potamogeton filiformis,"Filiform Pondweed, Threadleaf Pondweed, Fineleaf Pondweed",Neutral
Vascular Plant,Potamogeton foliosus var. foliosus,Leafy Pondweed,Neutral
Vascular Plant,Potamogeton pusillus var. tenuissimus,Small Pondweed,Neutral
Vascular Plant,Angelica breweri,Brewer's Angelica,Neutral
Vascular Plant,Angelica lineariloba,"Poison Angelica, Sierra Angelica",Neutral
Vascular Plant,Anthriscus caucalis,"Bur Chervil, Burr Chervil",Neutral
Vascular Plant,Cicuta douglasii,"Douglas' Waterhemlock, Western Water Hemlock, Water Hemlock",Neutral
Vascular Plant,Cymopterus cinerarius,Gray Springparsley,Neutral
Vascular Plant,Daucus pusillus,"American Wild Carrot, Southwest Wild Carrot, Rattlesnake Weed, Rattlesnake Carrot",Neutral
Vascular Plant,Ligusticum grayi,"Gray's Licoriceroot, Gray's Licorice-Root",Neutral
Vascular Plant,Lomatium congdonii,"Congdon's Lomatium, Mariposa Desertparsley",Species of Concern
Vascular Plant,Lomatium dissectum var. dissectum,Fernleaf Biscuitroot,Neutral
Vascular Plant,Lomatium nevadense var. parishii,Parish's Biscuitroot,Neutral
Vascular Plant,Lomatium torreyi,Sierra Biscuitroot,Neutral
Vascular Plant,Lomatium utriculatum,Common Lomatium,Neutral
Vascular Plant,Osmorhiza brachypoda,"California Sweet-Cicely, California Sweetcicely",Neutral
Vascular Plant,Osmorhiza occidentalis,"Sweetanise, Western Sweetroot",Neutral
Vascular Plant,Oxypolis occidentalis,Western Cowbane,Neutral
Vascular Plant,Perideridia bolanderi,Bolander's Yampah,Neutral
Vascular Plant,Perideridia bolanderi ssp. bolanderi,Bolander's Yampah,Neutral
Vascular Plant,Perideridia howellii,Howell's Yampah,Neutral
Vascular Plant,Perideridia kelloggii,Kellogg's Yampah,Neutral
Vascular Plant,Perideridia lemmonii,Lemmon's Yampah,Neutral
Vascular Plant,Perideridia parishii ssp. latifolia,Parish's Yampah,Neutral
Vascular Plant,Podistera nevadensis,Nevada Podistera,Neutral
Vascular Plant,Sanicula bipinnatifida,Purple Sanicle,Neutral
Vascular Plant,Sanicula tuberosa,Turkey Pea,Neutral
Vascular Plant,Sphenosciadium capitellatum,"Woollyhead Parsnip, Button Parsley",Neutral
Vascular Plant,Tauschia hartwegii,Hartweg's Umbrellawort,Neutral
Vascular Plant,Torilis nodosa,"Knotted Hedge-Parsley, Knotted Hedgeparsley",Neutral
Vascular Plant,Yabea microcarpa,"Falsecarrot, False Carrot, False Hedge-Parsley",Neutral
Vascular Plant,Aralia californica,California Spikenard,Neutral
Vascular Plant,Allium amplectens,Narrowleaf Onion,Neutral
Vascular Plant,Allium bisceptrum var. bisceptrum,Twincrest Onion,Neutral
Vascular Plant,Allium campanulatum,"Dusky Onion, Sierra Onion",Neutral
Vascular Plant,Allium hyalinum,Glassy Onion,Neutral
Vascular Plant,Allium obtusum,"Red Sierra Onion, Red Sierran Onion",Neutral
Vascular Plant,Allium obtusum var. conspicuum,Red Sierra Onion,Neutral
Vascular Plant,Allium obtusum var. obtusum,"Red Sierra Onion, Red Sierran Onion",Neutral
Vascular Plant,Allium tribracteatum,Threebract Onion,Species of Concern
Vascular Plant,Allium validum,"Pacific Onion, Swamp Onion",Neutral
Vascular Plant,Allium yosemitense,Yosemite Onion,Neutral
Vascular Plant,Brodiaea elegans ssp. elegans,Harvest Brodiaea,Neutral
Vascular Plant,Camassia quamash ssp. breviflora,Small Camas,Neutral
Vascular Plant,Camassia quamash ssp. quamash,Small Camas,Neutral
Vascular Plant,Chlorogalum pomeridianum var. pomeridianum,Wavyleaf Soap Plant,Neutral
Vascular Plant,Dichelostemma capitatum ssp. capitatum,"Bluedicks, Bluedick",Neutral
Vascular Plant,Dichelostemma multiflorum,Roundtooth Snakelily,Neutral
Vascular Plant,Dichelostemma volubile,Twining Snakelily,Neutral
Vascular Plant,Triteleia dudleyi,Dudley's Triteleia,Neutral
Vascular Plant,Triteleia hyacinthina,"Wild Hyacinth, White Brodiaea",Neutral
Vascular Plant,Triteleia ixioides ssp. anilina,Prettyface,Neutral
Vascular Plant,Triteleia ixioides ssp. scabra,Prettyface,Neutral
Vascular Plant,Triteleia laxa,Ithuriel's Spear,Neutral
Vascular Plant,Triteleia lugens,Coast Range Triteleia,Neutral
Vascular Plant,Triteleia montana,Sierra Triteleia,Neutral
Vascular Plant,Iris hartwegii ssp. hartwegii,"Rainbow Iris, Hartweg's Iris",Neutral
Vascular Plant,Sisyrinchium bellum,Western Blue-Eyed Grass,Neutral
Vascular Plant,Sisyrinchium elmeri,"Elmer's Blue-Eyed Grass, Elmer's Blue-Eyed-Grass, Elmer's Blueeyed Grass",Neutral
Vascular Plant,Cephalanthera austiniae,Phantom Orchid,Neutral
Vascular Plant,Cypripedium montanum,"Mountain Ladyslipper, Mountain Lady's Slipper",Neutral
Vascular Plant,Piperia colemanii,Coleman's Piperia,Neutral
Vascular Plant,Piperia transversa,Royal Rein Orchid,Neutral
Vascular Plant,Platanthera leucostachys,"Sierra Bog Orchid, Bog Orchid",Neutral
Vascular Plant,Platanthera sparsiflora,"Canyon Bog Orchid, Sparse-Flowered Bog Orchid",Neutral
Vascular Plant,Spiranthes porrifolia,"Creamy Ladies'-Tresses, Creamy Lady's Tresses, Western Lady's Tresses",Neutral
Vascular Plant,Achillea millefolium,"Plumajillo, Carpenter's Weed, Milfoil, Yarrow, Hierba De Las Cortaduras, Common Yarrow, Milenrama, Bloodwort, Western Yarrow",Neutral
Vascular Plant,Adenocaulon bicolor,American Trailplant,Neutral
Vascular Plant,Ageratina occidentalis,"Western Joepyeweed, Western Snakeroot, Western Eupatorium",Neutral
Vascular Plant,Agoseris elata,Tall Agoseris,Neutral
Vascular Plant,Agoseris glauca var. monticola,Pale Agoseris,Neutral
Vascular Plant,Agoseris grandiflora,"Shortbeak Agoseris, Bigflower Agoseris",Neutral
Vascular Plant,Agoseris heterophylla,"Annual Agoseris, Annual Goatsbeard, Mountain Dandelion",Neutral
Vascular Plant,Agoseris retrorsa,Spearleaf Agoseris,Neutral
Vascular Plant,Antennaria argentea,"Silvery Pussytoes, Silver Pussytoes",Neutral
Vascular Plant,Antennaria rosea ssp. confinis,Rosy Pussytoes,Neutral
Vascular Plant,Arnica amplexicaulis,"Clasping Arnica, Streambank Arnica",Neutral
Vascular Plant,Arnica chamissonis ssp. foliosa,Chamisso Arnica,Neutral
Vascular Plant,Arnica discoidea,Rayless Arnica,Neutral
Vascular Plant,Arnica nevadensis,Nevada Arnica,Neutral
Vascular Plant,Arnica parryi ssp. sonnei,Sonne's Arnica,Neutral
Vascular Plant,Artemisia arbuscula ssp. arbuscula,"Gray Low Sagebrush, Little Sagebrush",Neutral
Vascular Plant,Artemisia cana ssp. bolanderi,"Silver Sagebrush, Bolander's Silver Sagebrush",Neutral
Vascular Plant,Artemisia douglasiana,"Douglas' Sagewort, Douglas' Mugwort",Neutral
Vascular Plant,Artemisia ludoviciana ssp. incompta,"White Sagebrush, Columbia River Wormwood, Mountain Sagewort",Neutral
Vascular Plant,Artemisia norvegica ssp. saxatilis,Boreal Sagebrush,Neutral
Vascular Plant,Artemisia rothrockii,Timberline Sagebrush,Neutral
Vascular Plant,Artemisia spiciformis,Big Sagebrush,Neutral
Vascular Plant,Artemisia tridentata ssp. tridentata,"Big Sagebrush, Basin Big Sagebrush",Neutral
Vascular Plant,Artemisia tridentata ssp. vaseyana,"Big Sagebrush, Mountain Big Sagebrush",Neutral
Vascular Plant,Aster ascendens,Chile Aster,Neutral
Vascular Plant,Aster eatonii,Eaton's Aster,Neutral
Vascular Plant,Aster foliaceus var. parryi,Parry's Aster,Neutral
Vascular Plant,Aster integrifolius,Thickstem Aster,Neutral
Vascular Plant,Aster occidentalis var. occidentalis,Western Aster,Neutral
Vascular Plant,Aster occidentalis var. yosemitanus,Yosemite Aster,Neutral
Vascular Plant,Baccharis pilularis,Coyotebrush,Neutral
Vascular Plant,Balsamorhiza deltoidea,Deltoid Balsamroot,Neutral
Vascular Plant,Balsamorhiza macrolepis,"California Balsamroot, Silvery Balsamroot",Neutral
Vascular Plant,Brickellia californica,"California Brickellbush, Jepson's Brickellbush",Neutral
Vascular Plant,Calycadenia mollis,Soft Western Rosinweed,Neutral
Vascular Plant,Calycadenia oppositifolia,Butte County Western Rosinweed,Neutral
Vascular Plant,Carduus pycnocephalus,"Italian Plumeless Thistle, Compact-Headed Thistle, Italian Thistle",Neutral
Vascular Plant,Centaurea melitensis,"Tocalote, Maltese Star Thistle, Napa Thistle, Spotted Knapweed, Maltese Star-Thistle, Malta Starthistle",Neutral
Vascular Plant,Centaurea solstitialis,"Yellow Starthistle, Yellow Star-Thistle, Yellow Star Thistle",Neutral
Vascular Plant,Chaenactis alpigena,"Sierra Pincushion, Southern Sierra Pincushion",Neutral
Vascular Plant,Chaenactis douglasii var. douglasii,"Douglas' Dustymaiden, Dusty-Maiden",Neutral
Vascular Plant,Chaenactis glabriuscula var. glabriuscula,Yellow Pincushion,Neutral
Vascular Plant,Chaenactis glabriuscula var. heterocarpha,Yellow Pincushion,Neutral
Vascular Plant,Chaenactis glabriuscula var. megacephala,Yellow Pincushion,Neutral
Vascular Plant,Cirsium andersonii,"Rose Thistle, Anderson's Thistle",Neutral
Vascular Plant,Cirsium douglasii var. breweri,Douglas' Thistle,Neutral
Vascular Plant,Cirsium occidentale var. californicum,Cobwebby Thistle,Neutral
Vascular Plant,Cnicus benedictus,"Blessed-Thistle, Blessed Thistle",Neutral
Vascular Plant,Crepis nana,"Tiny Hawksbeard, Dwarf Alpine Hawksbeard, Small Hawksbeard",Neutral
Vascular Plant,Crepis occidentalis,"Western Hawksbeard, Largeflower Hawksbeard, Large-Flower Hawk's-Beard",Neutral
Vascular Plant,Ericameria arborescens,Goldenfleece,Neutral
Vascular Plant,Ericameria bloomeri,"Bloomer's Goldenbush, Rabbitbush",Neutral
Vascular Plant,Ericameria cuneata var. cuneata,Cliff Goldenbush,Neutral
Vascular Plant,Ericameria discoidea,Whitestem Goldenbush,Neutral
Vascular Plant,Erigeron algidus,"Stalked Fleabane, Sierra Daisy",Neutral
Vascular Plant,Erigeron barbellulatus,Shining Fleabane,Neutral
Vascular Plant,Erigeron breweri var. breweri,"Brewer's Fleabane, Brewer's Daisy",Neutral
Vascular Plant,Erigeron clokeyi,"Clokey's Daisy, Clokey's Fleabane",Neutral
Vascular Plant,Erigeron compactus,"Fernleaf Fleabane, Fern-Leaf Fleabane, Cushion Daisy",Neutral
Vascular Plant,Erigeron compositus,"Fernleaf Fleabane, Dwarf Mountain Fleabane, Cutleaf Daisy",Neutral
Vascular Plant,Erigeron coulteri,"Coulter's Fleabane, Large Mountain Fleabane, Whiteray Daisy",Neutral
Vascular Plant,Erigeron divergens,"Spreading Daisy, Spreading Fleabane",Neutral
Vascular Plant,Erigeron eatonii var. sonnei,Eaton's Fleabane,Neutral
Vascular Plant,Erigeron elmeri,Elmer's Erigeron,Neutral
Vascular Plant,Erigeron foliosus var. hartwegii,Hartweg's Fleabane,Neutral
Vascular Plant,Erigeron inornatus var. inornatus,"California Rayless Fleabane, California Rayless Daisy",Neutral
Vascular Plant,Erigeron peregrinus,"Wandering Fleabane, Subalpine Fleabane, Wandering Daisy",Neutral
Vascular Plant,Erigeron peregrinus var. callianthemus,Subalpine Fleabane,Neutral
Vascular Plant,Erigeron peregrinus var. hirsutus,Subalpine Fleabane,Neutral
Vascular Plant,Erigeron pygmaeus,"Pygmy Fleabane, Dwarf Daisy",Neutral
Vascular Plant,Erigeron tener,"Slender Daisy, Slender Fleabane",Neutral
Vascular Plant,Erigeron vagus,"Loose Daisy, Rambling Fleabane",Neutral
Vascular Plant,Eriophyllum confertiflorum var. confertiflorum,Golden-Yarrow,Neutral
Vascular Plant,Eriophyllum congdonii,Congdon's Woolly Sunflower,Neutral
Vascular Plant,Eriophyllum lanatum,"Wooly Daisy, Woolly Eriophyllum, Common Woolly Sunflower, Woody Eriophyllum",Neutral
Vascular Plant,Eriophyllum lanatum var. croceum,Common Woolly Sunflower,Neutral
Vascular Plant,Eriophyllum lanatum var. grandiflorum,Common Woolly Sunflower,Neutral
Vascular Plant,Eriophyllum nubigenum,Yosemite Woolly Sunflower,Species of Concern
Vascular Plant,Euthamia occidentalis,"Western Goldentop, Western Goldenrod",Neutral
Vascular Plant,Filago gallica,Narrowleaf Cottonrose,Neutral
Vascular Plant,Gaillardia pulchella,"Firewheel, Indian Blanket, Indianblanket, Rosering Gaillardia",Neutral
Vascular Plant,Grindelia camporum var. camporum,Great Valley Gumweed,Neutral
Vascular Plant,Grindelia nana,Idaho Gumweed,Neutral
Vascular Plant,Hazardia whitneyi var. whitneyi,Whitney's Bristleweed,Neutral
Vascular Plant,Helenium bigelovii,Bigelow's Sneezeweed,Neutral
Vascular Plant,Helianthella californica var. nevadensis,Nevada Helianthella,Neutral
Vascular Plant,Helianthus bolanderi,Serpentine Sunflower,Neutral
Vascular Plant,Helianthus californicus,California Sunflower,Neutral
Vascular Plant,Hemizonia kelloggii,Kellogg's Tarweed,Neutral
Vascular Plant,Heterotheca grandiflora,"Telegraph Weed, Telegraphweed",Neutral
Vascular Plant,Heterotheca sessiliflora ssp. echioides,Sessileflower False Goldenaster,Neutral
Vascular Plant,Heterotheca villosa var. hispida,Bristly Hairy Goldaster,Neutral
Vascular Plant,Heterotheca villosa var. villosa,"Hairy False Goldenaster, Hairy False Golden-Aster",Neutral
Vascular Plant,Hieracium argutum,Southern Hawkweed,Neutral
Vascular Plant,Hieracium gracile,Slender Hawkweed,Neutral
Vascular Plant,Hieracium horridum,"Shaggy Hawkweed, Prickly Hawkweed",Neutral
Vascular Plant,Hieracium scouleri,"Scouler's Woollyweed, Houndstongue Hawkweed, Woolyweed",Neutral
Vascular Plant,Holocarpha virgata ssp. virgata,Yellowflower Tarweed,Neutral
Vascular Plant,Hulsea brevifolia,Shortleaf Alpinegold,Neutral
Vascular Plant,Hulsea heterochroma,"Redray Alpinegold, Redray Hulsea",Neutral
Vascular Plant,Hulsea nana,Dwarf Alpinegold,Neutral
Vascular Plant,Hypochaeris glabra,"Smooth Cat's Ear, Smooth Catsear",Neutral
Vascular Plant,Lasthenia californica,"California Goldfields, Goldfields",Neutral
Vascular Plant,Lasthenia platycarpha,Alkali Goldfields,Neutral
Vascular Plant,Layia pentachaeta ssp. pentachaeta,Sierra Tidytips,Neutral
Vascular Plant,Lessingia leptoclada,Sierra Lessingia,Neutral
Vascular Plant,Madia bolanderi,Bolander's Madia,Neutral
Vascular Plant,Madia elegans ssp. elegans,Common Madia,Neutral
Vascular Plant,Madia elegans ssp. vernalis,Spring Madia,Neutral
Vascular Plant,Madia exigua,Small Tarweed,Neutral
Vascular Plant,Madia gracilis,"Grassy Tarweed, Slender Tarweed",Neutral
Vascular Plant,Madia minima,"Least Tarweed, Oppositeleaved Tarweed",Neutral
Vascular Plant,Madia yosemitana,Yosemite Tarweed,Neutral
Vascular Plant,Malacothrix floccifera,"Woolly Desertdandelion, Wooly Desert Dandelion",Neutral
Vascular Plant,Micropus californicus var. californicus,Q-Tips,Neutral
Vascular Plant,Monolopia major,Cupped Monolopia,Neutral
Vascular Plant,Phalacroseris bolanderi,Bolander's Mock Dandelion,Neutral
Vascular Plant,Pseudobahia heermannii,Foothill Sunburst,Neutral
Vascular Plant,Psilocarphus brevissimus var. brevissimus,Short Woollyheads,Neutral
Vascular Plant,Psilocarphus oregonus,Oregon Woollyheads,Neutral
Vascular Plant,Psilocarphus tenellus var. tenellus,Slender Woollyheads,Neutral
Vascular Plant,Pyrrocoma apargioides,Alpineflames,Neutral
Vascular Plant,Raillardella argentea,"Silky Raillardella, Silvermat",Neutral
Vascular Plant,Raillardella scaposa,"Greenleaf Silvermat, Stem Raillardella",Neutral
Vascular Plant,Rigiopappus leptocladus,Wireweed,Neutral
Vascular Plant,Rudbeckia californica var. californica,California Coneflower,Neutral
Vascular Plant,Senecio aronicoides,Rayless Ragwort,Neutral
Vascular Plant,Senecio canus,Woolly Groundsel,Neutral
Vascular Plant,Senecio clarkianus,Clark's Ragwort,Neutral
Vascular Plant,Senecio flaccidus var. douglasii,"Douglas' Groundsel, Douglas' Senecio, Douglas' Ragwort",Neutral
Vascular Plant,Senecio fremontii var. occidentalis,"Dwarf Mountain Ragwort, Western Groundsel",Neutral
Vascular Plant,Senecio integerrimus var. major,"Lambstongue Groundsel, Lambstongue Ragwort",Neutral
Vascular Plant,Senecio pauciflorus,Alpine Groundsel,Neutral
Vascular Plant,Senecio pseudaureus var. pseudaureus,Falsegold Groundsel,Neutral
Vascular Plant,Senecio scorzonella,"Sierra Groundsel, Sierra Ragwort",Neutral
Vascular Plant,Senecio streptanthifolius,Cleftleaf Groundsel,Neutral
Vascular Plant,Senecio werneriifolius,Hoary Groundsel,Neutral
Vascular Plant,Solidago californica,California Goldenrod,Neutral
Vascular Plant,Solidago multiradiata,"Manyray Goldenrod, Mountain Goldenrod, Arctic Goldenrod, Rocky Mountain Goldenrod",Neutral
Vascular Plant,Sonchus asper ssp. asper,Spiny Sowthistle,Neutral
Vascular Plant,Sonchus oleraceus,"Pualele, Sow-Thistle, Common Sow-Thistle, Common Sowthistle, Sow Thistle, Annual Sowthistle",Neutral
Vascular Plant,Sphaeromeria cana,"Gray Tansey, Gray Chickensage",Neutral
Vascular Plant,Stephanomeria lactucina,"Creeping Wirelettuce, Lettuce Wirelettuce",Neutral
Vascular Plant,Stephanomeria virgata ssp. pleurocarpa,Wand Wirelettuce,Neutral
Vascular Plant,Tanacetum parthenium,Feverfew,Neutral
Vascular Plant,Uropappus lindleyi,Lindley's Silverpuffs,Neutral
Vascular Plant,Whitneya dealbata,Mock Leopardbane,Neutral
Vascular Plant,Wyethia angustifolia,California Compassplant,Neutral
Vascular Plant,Wyethia elata,Hall's Mule-Ears,Neutral
Vascular Plant,Wyethia mollis,"Wooly Wyethia, Woolly Mule-Ears",Neutral
Vascular Plant,Downingia montana,Sierra Calicoflower,Neutral
Vascular Plant,Githopsis specularioides,Common Bluecup,Neutral
Vascular Plant,Heterocodon rariflorum,"Rareflower Heterocodon, Western Pearlflower",Neutral
Vascular Plant,Nemacladus capillaris,Common Threadplant,Neutral
Vascular Plant,Nemacladus interior,Sierra Threadplant,Neutral
Vascular Plant,Amsinckia lycopsoides,"Tarweed Fiddleneck, Bugloss Fiddleneck",Neutral
Vascular Plant,Amsinckia menziesii var. intermedia,"Common Fiddleneck, Coast Buckthorn, Intermediate Fiddleneck, Coast Fiddleneck",Neutral
Vascular Plant,Amsinckia menziesii var. menziesii,"Menzies' Fiddleneck, Rigid Fiddleneck",Neutral
Vascular Plant,Cryptantha echinella,"Prickly Cryptantha, Hedgehog Cryptantha",Neutral
Vascular Plant,Cryptantha flaccida,Weakstem Cryptantha,Neutral
Vascular Plant,Cryptantha glomeriflora,Truckee Cryptantha,Neutral
Vascular Plant,Cryptantha hispidula,Napa Cryptantha,Neutral
Vascular Plant,Cryptantha humilis,"Round-Spike Catseye, Roundspike Cryptantha",Neutral
Vascular Plant,Cryptantha muricata,"Prickly Cryptantha, Pointed Catseye, Pointed Cryptantha",Neutral
Vascular Plant,Cryptantha nubigena,Sierra Cryptantha,Neutral
Vascular Plant,Cryptantha simulans,"Pine Cryptantha, Pinewoods Cryptantha",Neutral
Vascular Plant,Cynoglossum grande,Pacific Hound's Tongue,Neutral
Vascular Plant,Cynoglossum occidentale,Western Hound's Tongue,Neutral
Vascular Plant,Eriodictyon californicum,California Yerba Santa,Neutral
Vascular Plant,Hackelia mundula,Pink Stickseed,Neutral
Vascular Plant,Hackelia nervosa,"Sierra Stickseed, Sierran Stickseed",Neutral
Vascular Plant,Hackelia velutina,"Velvet Stickseed, Velvety Stickseed",Neutral
Vascular Plant,Mertensia ciliata,"Shortstyle Bluebells, Tall Fringed Bluebells, Mountain Bluebells, Tall Fringe Bluebells",Neutral
Vascular Plant,Pectocarya pusilla,"Purple Prairieclover, Little Combseed",Neutral
Vascular Plant,Plagiobothrys hispidulus,Sleeping Popcornflower,Neutral
Vascular Plant,Plagiobothrys myosotoides,Forget-Me-Not Popcornflower,Neutral
Vascular Plant,Plagiobothrys nothofulvus,Rusty Popcornflower,Neutral
Vascular Plant,Plagiobothrys stipitatus var. micranthus,Stalked Popcornflower,Neutral
Vascular Plant,Plagiobothrys torreyi var. diffusus,Torrey's Popcornflower,Species of Concern
Vascular Plant,Plagiobothrys torreyi var. torreyi,Torrey's Popcornflower,Neutral
Vascular Plant,Draperia systyla,Violet Draperia,Neutral
Vascular Plant,Hesperochiron californicus,California Hesperochiron,Neutral
Vascular Plant,Hydrophyllum occidentale,"Western Waterleaf, Squaw-Lettuce",Neutral
Vascular Plant,Nemophila heterophylla,Small Baby Blue Eyes,Neutral
Vascular Plant,Nemophila maculata,Fivespot,Neutral
Vascular Plant,Nemophila menziesii var. menziesii,Baby Blue Eyes,Neutral
Vascular Plant,Nemophila parviflora var. austiniae,"Smallflower Nemophila, Groovelover",Neutral
Vascular Plant,Nemophila pedunculata,"Littlefoot Nemophila, Littlefoot Blue-Eyes",Neutral
Vascular Plant,Nemophila spatulata,"Sierra Blue-Eyes, Sierra Baby Blue Eyes",Neutral
Vascular Plant,Phacelia cicutaria var. cicutaria,Caterpillar Phacelia,Neutral
Vascular Plant,Phacelia congdonii,Congdon's Phacelia,Neutral
Vascular Plant,Phacelia egena,"Kaweah River Phacelia, Kaweah River Scorpion-Weed",Neutral
Vascular Plant,Phacelia eisenii,Eisen's Phacelia,Neutral
Vascular Plant,Phacelia heterophylla ssp. virgata,Varileaf Phacelia,Neutral
Vascular Plant,Phacelia humilis var. humilis,Low Phacelia,Neutral
Vascular Plant,Phacelia hydrophylloides,Waterleaf Phacelia,Neutral
Vascular Plant,Phacelia imbricata ssp. imbricata,Imbricate Phacelia,Neutral
Vascular Plant,Phacelia mutabilis,Changeable Phacelia,Neutral
Vascular Plant,Phacelia platyloba,Broadlobe Phacelia,Neutral
Vascular Plant,Phacelia purpusii,Purpus' Phacelia,Neutral
Vascular Plant,Phacelia quickii,Quick's Phacelia,Neutral
Vascular Plant,Phacelia racemosa,Racemose Phacelia,Neutral
Vascular Plant,Phacelia ramosissima,"Branching Phacelia, Branched Scorpion-Weed",Neutral
Vascular Plant,Phacelia ramosissima var. latifolia,"Branching Phacelia, Branched Scorpion-Weed",Neutral
Vascular Plant,Phacelia ramosissima var. ramosissima,Branching Phacelia,Neutral
Vascular Plant,Phacelia ramosissima var. subglabra,Branching Phacelia,Neutral
Vascular Plant,Phacelia tanacetifolia,"Fiddleneck, Lacy Phacelia, Facelia, Lacy Scorpion-Weed",Neutral
Vascular Plant,Phacelia vallicola,Mariposa Phacelia,Neutral
Vascular Plant,Pholistoma auritum var. auritum,Blue Fiestaflower,Neutral
Vascular Plant,Anelsonia eurycarpa,"Daggerpod, Broad Pod Anelsonia",Neutral
Vascular Plant,Arabis davidsonii,Davidson's Rockcress,Neutral
Vascular Plant,Arabis drummondii,"Canadian Rockcress, Drummond's Rockcress, Drummond Rockcress",Neutral
Vascular Plant,Arabis holboellii var. pendulocarpa,Dropseed Rockcress,Neutral
Vascular Plant,Arabis holboellii var. pinetorum,Holboell's Rockcress,Neutral
Vascular Plant,Arabis holboellii var. retrofracta,"Second Rockcress, A Holboell Rock-Cress",Neutral
Vascular Plant,Arabis inyoensis,Inyo Rockcress,Neutral
Vascular Plant,Arabis lemmonii var. depauperata,Soldier Rockcress,Neutral
Vascular Plant,Arabis lemmonii var. lemmonii,Lemmon's Rockcress,Neutral
Vascular Plant,Arabis lyallii var. lyallii,Lyall's Rockcress,Neutral
Vascular Plant,Arabis lyallii var. nubigena,Lyall's Rockcress,Neutral
Vascular Plant,Arabis platysperma var. howellii,Howell's Pioneer Rockcress,Neutral
Vascular Plant,Arabis platysperma var. platysperma,Pioneer Rockcress,Neutral
Vascular Plant,Arabis rectissima var. rectissima,Bristlyleaf Rockcress,Neutral
Vascular Plant,Arabis repanda var. greenei,Greene's Rockcress,Neutral
Vascular Plant,Arabis repanda var. repanda,Yosemite Rockcress,Neutral
Vascular Plant,Arabis sparsiflora var. arcuata,Elegant Rockcress,Neutral
Vascular Plant,Arabis X divaricarpa,"Spreading Rockcress, Spreadingpod Rockcress",Neutral
Vascular Plant,Athysanus pusillus,"Dwarf Anthysanus, Common Sandweed",Neutral
Vascular Plant,Brassica nigra,"Shortpod Mustard, Black Mustard",Neutral
Vascular Plant,Cardamine californica var. californica,Milkmaids,Neutral
Vascular Plant,Cardamine oligosperma,"Idaho Bittercress, Little Western Bittercress",Neutral
Vascular Plant,Cardamine pachystigma var. pachystigma,Serpentine Bittercress,Neutral
Vascular Plant,Descurainia californica,"Sierra Tansymustard, Sierran Tansy Mustard, Sierran Tansymustard",Neutral
Vascular Plant,Descurainia incana,"Mountain Tansy Mustard, Mountain Tansy-Mustard, Mountain Tansymustard",Neutral
Vascular Plant,Descurainia pinnata ssp. menziesii,Menzies' Tansymustard,Neutral
Vascular Plant,Draba breweri,Cushion Draba,Neutral
Vascular Plant,Draba lemmonii var. lemmonii,"Granite Draba, Lemmon's Draba",Neutral
Vascular Plant,Erysimum capitatum,"Coast Wallflower, Sand Dune Wallflower, Western Wallflower",Neutral
Vascular Plant,Hirschfeldia incana,Shortpod Mustard,Neutral
Vascular Plant,Hutchinsia procumbens,"Prostrate Hutchinsia, Ovalpurse",Neutral
Vascular Plant,Lepidium densiflorum var. densiflorum,"Miner's Pepperwort, Common Pepperweed",Neutral
Vascular Plant,Lepidium ramosissimum var. bourgeauanum,Bourgeau's Pepperweed,Neutral
Vascular Plant,Lepidium virginicum var. virginicum,"Poorman's-Pepperwort, Virginia Pepperweed",Neutral
Vascular Plant,Phoenicaulis cheiranthoides,Wallflower Phoenicaulis,Neutral
Vascular Plant,Raphanus sativus,"Cultivated Radish, Wild Radish, Garden Radish, Radish",Neutral
Vascular Plant,Sinapis arvensis,"Charlock Mustard, Corn-Mustard, Corn Mustard, Wild Mustard, Charlock",Neutral
Vascular Plant,Streptanthus diversifolius,"Variedleaf Twistflower, Variableleaf Jewelflower",Neutral
Vascular Plant,Streptanthus tortuosus,"Shieldplant, Mountain Twistflower",Neutral
Vascular Plant,Streptanthus tortuosus var. orbiculatus,Shieldplant,Neutral
Vascular Plant,Streptanthus tortuosus var. tortuosus,Shieldplant,Neutral
Vascular Plant,Subularia aquatica var. americana,"American Awlwort, American Waterawlwort",Neutral
Vascular Plant,Thysanocarpus curvipes,"Sand Lacepod, Sand Fringepod, Lacepod Mustard",Neutral
Vascular Plant,Tropidocarpum gracile,Dobie Pod,Neutral
Vascular Plant,Limnanthes alba ssp. alba,White Meadowfoam,Neutral
Vascular Plant,Limnanthes alba ssp. versicolor,White Meadowfoam,Neutral
Vascular Plant,Limnanthes montana,Mountain Meadowfoam,Neutral
Vascular Plant,Limnanthes striata,Foothill Meadowfoam,Neutral
Vascular Plant,Amaranthus californicus,"California Pigweed, California Amaranth",Neutral
Vascular Plant,Chenopodium album,"Common Lambsquarters, Lambsquarters, White Goosefoot, Lambsquarters Goosefoot",Neutral
Vascular Plant,Chenopodium botrys,"Jerusalem-Oak, Jerusalem Oak, Jerusalem Oak Goosefoot",Neutral
Vascular Plant,Chenopodium multifidum,Cutleaf Goosefoot,Neutral
Vascular Plant,Chenopodium pumilio,"Ridged Goosefoot, Clammy Goosefoot",Neutral
Vascular Plant,Monolepis spathulata,"Beaver Monolepis, Beaver Povertyweed",Neutral
Vascular Plant,Arenaria aculeata,"Spiny Sandwort, Prickly Sandwort",Neutral
Vascular Plant,Arenaria congesta var. subcongesta,"Ballhead Sandwort, Loosehead Sandwort",Neutral
Vascular Plant,Arenaria congesta var. suffrutescens,Suffrutescent Sandwort,Neutral
Vascular Plant,Herniaria hirsuta ssp. cinerea,Hairy Rupturewort,Neutral
Vascular Plant,Herniaria hirsuta ssp. hirsuta,Hairy Rupturewort,Neutral
Vascular Plant,Minuartia californica,California Sandwort,Neutral
Vascular Plant,Minuartia douglasii,Douglas' Stitchwort,Neutral
Vascular Plant,Minuartia nuttallii ssp. gracilis,Brittle Sandwort,Neutral
Vascular Plant,Minuartia pusilla,"Dwarf Sandwort, Annual Sandwort",Neutral
Vascular Plant,Minuartia stricta,Bog Stitchwort,Neutral
Vascular Plant,Polycarpon tetraphyllum,Fourleaf Manyseed,Neutral
Vascular Plant,Pseudostellaria jamesiana,"Sticky Starwort, Tuber Starwort, Sticky-Starwort",Neutral
Vascular Plant,Pseudostellaria sierrae,Sierra Starwort,Neutral
Vascular Plant,Sagina apetala,Annual Pearlwort,Neutral
Vascular Plant,Sagina decumbens ssp. occidentalis,Western Pearlwort,Neutral
Vascular Plant,Silene bernardina,"Palmer's Campion, Palmer's Catchfly",Neutral
Vascular Plant,Silene bridgesii,Bridges' Catchfly,Neutral
Vascular Plant,Silene californica,Indian Pink,Neutral
Vascular Plant,Silene gallica,"Windmill Catchfly, Common Catchfly",Neutral
Vascular Plant,Silene lemmonii,Lemmon's Catchfly,Neutral
Vascular Plant,Silene menziesii,"White Catchfly, Menzies' Campion",Neutral
Vascular Plant,Silene sargentii,"Sargent's Catchfly, Sargent's Campion",Neutral
Vascular Plant,Spergula arvensis,"Pickpurse, Field Spurry, Devil's Gut, Corn Spurry, Sandweed",Neutral
Vascular Plant,Stellaria borealis ssp. sitchana,Sitka Starwort,Neutral
Vascular Plant,Stellaria nitens,"Shiny Chickweed, Shiny Starwort",Neutral
Vascular Plant,Calandrinia ciliata,"Redmaids, Fringed Redmaids, Desert Rockpurslane",Neutral
Vascular Plant,Claytonia megarhiza,Alpine Springbeauty,Neutral
Vascular Plant,Claytonia nevadensis,Sierra Springbeauty,Neutral
Vascular Plant,Claytonia parviflora ssp. parviflora,Streambank Springbeauty,Neutral
Vascular Plant,Claytonia perfoliata ssp. perfoliata,Miner's Lettuce,Neutral
Vascular Plant,Claytonia rubra ssp. rubra,Redstem Springbeauty,Neutral
Vascular Plant,Lewisia congdonii,Congdon's Lewisia,Neutral
Vascular Plant,Lewisia disepala,"Yosemite Bitterroot, Yosemite Lewisia",Neutral
Vascular Plant,Lewisia glandulosa,Sierra Lewisia,Neutral
Vascular Plant,Lewisia kelloggii,Kellogg's Lewisia,Neutral
Vascular Plant,Lewisia nevadensis,"Nevada Bitterroot, Nevada Lewisia, Nevada Bitter-Root",Neutral
Vascular Plant,Montia fontana,"Annual Water Minerslettuce, Fountain Miner's Lettuce",Neutral
Vascular Plant,Montia linearis,"Narrowleaf Minerslettuce, Narrowleaf Indianlettuce",Neutral
Vascular Plant,Montia parvifolia,Littleleaf Minerslettuce,Neutral
Vascular Plant,Chorizanthe membranacea,Pink Spineflower,Neutral
Vascular Plant,Eriogonum hirtiflorum,Hairyflower Buckwheat,Neutral
Vascular Plant,Eriogonum incanum,Frosted Buckwheat,Neutral
Vascular Plant,Eriogonum lobbii var. lobbii,Lobb's Buckwheat,Neutral
Vascular Plant,Eriogonum marifolium,Marumleaf Buckwheat,Neutral
Vascular Plant,Eriogonum nudum,"Naked Buckwheat, Nakedstem Buckwheat",Neutral
Vascular Plant,Eriogonum nudum var. deductum,Naked Buckwheat,Neutral
Vascular Plant,Eriogonum nudum var. nudum,Naked Buckwheat,Neutral
Vascular Plant,Eriogonum nudum var. scapigerum,Naked Buckwheat,Neutral
Vascular Plant,Eriogonum ovalifolium var. nivale,Cushion Buckwheat,Neutral
Vascular Plant,Eriogonum prattenianum var. avium,Nevada City Buckwheat,Neutral
Vascular Plant,Eriogonum prattenianum var. prattenianum,Nevada City Buckwheat,Neutral
Vascular Plant,Eriogonum rosense,"Rosy Buckwheat, Mount Rose Buckwheat",Neutral
Vascular Plant,Eriogonum roseum,Wand Buckwheat,Neutral
Vascular Plant,Eriogonum spergulinum var. reddingianum,Redding Buckwheat,Neutral
Vascular Plant,Eriogonum spergulinum var. spergulinum,Spurry Buckwheat,Neutral
Vascular Plant,Eriogonum umbellatum var. covillei,Sulphur-Flower Buckwheat,Neutral
Vascular Plant,Eriogonum umbellatum var. furcosum,"Sulphurflower Buckwheat, Sulphur-Flower Buckwheat",Neutral
Vascular Plant,Eriogonum umbellatum var. nevadense,"Nevada Buckwheat, Sulphur-Flower Buckwheat",Neutral
Vascular Plant,Eriogonum wrightii var. subscaposum,Bastardsage,Neutral
Vascular Plant,Eriogonum wrightii var. trachygonum,"Shrubby Buckwheat, Bastardsage",Neutral
Vascular Plant,Polygonum arenastrum,"Common Knotweed, Oval-Leaf Knotweed, Prostrate Knotweed, Matweed, Ovalleaf Knotweed, Doorweed",Neutral
Vascular Plant,Polygonum californicum,California Knotweed,Neutral
Vascular Plant,Polygonum douglasii ssp. douglasii,Douglas' Knotweed,Neutral
Vascular Plant,Polygonum douglasii ssp. johnstonii,Johnston's Knotweed,Neutral
Vascular Plant,Polygonum phytolaccifolium,"Poke Knotweed, Mountain Lice",Neutral
Vascular Plant,Polygonum polygaloides ssp. kelloggii,Kellogg's Knotweed,Neutral
Vascular Plant,Polygonum ramosissimum,"Yellow-Flower Knotweed, Yellow Knotweed, Tall Knotweed, Bushy Knotweed",Neutral
Vascular Plant,Polygonum shastense,Shasta Knotweed,Neutral
Vascular Plant,Pterostegia drymarioides,"Woodland Pterostegia, Woodland Threadstem",Neutral
Vascular Plant,Rumex conglomeratus,"Clustered Dock, Sharp Dock",Neutral
Vascular Plant,Rumex pulcher,Fiddle Dock,Neutral
Vascular Plant,Rumex salicifolius var. denticulatus,"Toothed Willow Dock, California Dock",Neutral
Vascular Plant,Parnassia californica,"California Grass Of Parnassus, California Grass-Of-Parnassus",Neutral
Vascular Plant,Cornus nuttallii,Pacific Dogwood,Neutral
Vascular Plant,Cornus sericea,"Redosier Dogwood, Redosier",Neutral
Vascular Plant,Cornus sericea ssp. occidentalis,Western Dogwood,Neutral
Vascular Plant,Cornus sericea ssp. sericea,"Tatarian Dogwood, Redosier Dogwood, Siberian Dogwood",Neutral
Vascular Plant,Philadelphus lewisii,Lewis' Mock Orange,Neutral
Vascular Plant,Mentzelia crocea,Sierra Blazingstar,Neutral
Vascular Plant,Mentzelia lindleyi,Lindley's Blazingstar,Neutral
Vascular Plant,Staphylea bolanderi,Sierra Bladdernut,Neutral
Vascular Plant,Marah fabaceus,"California Manroot, Valley Manroot",Neutral
Vascular Plant,Marah horridus,Sierra Manroot,Neutral
Vascular Plant,Marah watsonii,Taw Manroot,Neutral
Vascular Plant,Datisca glomerata,Durango Root,Neutral
Vascular Plant,Narthecium californicum,California Bog Asphodel,Neutral
Vascular Plant,Sambucus mexicana,Mexican Elder,Neutral
Vascular Plant,Sambucus racemosa var. microbotrys,European Red Elderberry,Neutral
Vascular Plant,Viburnum ellipticum,Common Viburnum,Neutral
Vascular Plant,Lonicera conjugialis,Purpleflower Honeysuckle,Neutral
Vascular Plant,Lonicera interrupta,Chaparral Honeysuckle,Neutral
Vascular Plant,Lonicera involucrata var. involucrata,Twinberry Honeysuckle,Neutral
Vascular Plant,Symphoricarpos mollis,Creeping Snowberry,Neutral
Vascular Plant,Symphoricarpos rotundifolius var. rotundifolius,Roundleaf Snowberry,Neutral
Vascular Plant,Plectritis ciliosa ssp. ciliosa,"Longspur Seablush, Long-Spur Seablush",Neutral
Vascular Plant,Valeriana californica,California Valerian,Neutral
Vascular Plant,Equisetum hyemale ssp. affine,Scouringrush Horsetail,Neutral
Vascular Plant,Allotropa virgata,Sugarstick,Neutral
Vascular Plant,Arctostaphylos nevadensis,Pinemat Manzanita,Neutral
Vascular Plant,Arctostaphylos viscida ssp. mariposa,Mariposa Manzanita,Neutral
Vascular Plant,Arctostaphylos viscida ssp. viscida,"Sticky Whiteleaf Manzanita, Whiteleaf Manzanita",Neutral
Vascular Plant,Cassiope mertensiana,"Western Moss Heather, White Heather",Neutral
Vascular Plant,Chimaphila umbellata,"Prince's Pine, Pipsissewa",Neutral
Vascular Plant,Kalmia polifolia,"Box Laurel, Bog Kalmia, Bog Laurel, Swamp Laurel",Neutral
Vascular Plant,Kalmia polifolia ssp. polifolia,Mountain Laurel,Neutral
Vascular Plant,Leucothoe davisiae,Sierra Laurel,Neutral
Vascular Plant,Phyllodoce breweri,"Brewer's Mountain Heather, Purple Mountainheath, Red Mountainheather",Neutral
Vascular Plant,Pleuricospora fimbriolata,"Fringed Pinesap, Sierra Sap",Neutral
Vascular Plant,Pyrola asarifolia,"Pink Wintergreen, Liverleaf Wintergreen, Bog Wintergreen",Neutral
Vascular Plant,Pyrola asarifolia ssp. asarifolia,"Liverleaf Wintergreen, Bog Wintergreen",Neutral
Vascular Plant,Pyrola picta,White-Veined Wintergreen,Neutral
Vascular Plant,Rhododendron occidentale,"California Azalea, Western Azalea, Sonoma Azalea",Neutral
Vascular Plant,Sarcodes sanguinea,Snowplant,Neutral
Vascular Plant,Vaccinium parvifolium,Red Huckleberry,Neutral
Vascular Plant,Allophyllum divaricatum,Purple False Gilyflower,Neutral
Vascular Plant,Allophyllum gilioides ssp. gilioides,"Dense False Gilyflower, Dense False Gilia",Neutral
Vascular Plant,Allophyllum gilioides ssp. violaceum,"Dense False Gilyflower, Dense False Gilia",Neutral
Vascular Plant,Allophyllum integrifolium,"Mountain False Gilia, White False Gilyflower",Neutral
Vascular Plant,Collomia grandiflora,"Largeflowered Collomia, Grand Collomia",Neutral
Vascular Plant,Collomia heterophylla,Variableleaf Collomia,Neutral
Vascular Plant,Collomia tinctoria,"Yellowstain Collomia, Staining Collomia",Neutral
Vascular Plant,Eriastrum sparsiflorum,"Great Basin Woollystar, Fewflower Woolstar",Neutral
Vascular Plant,Gilia capillaris,"Smoothleaf Gilia, Miniature Gilia",Neutral
Vascular Plant,Gilia capitata ssp. abrotanifolia,Bluehead Gilia,Neutral
Vascular Plant,Gilia capitata ssp. mediomontana,Foothill Gilia,Neutral
Vascular Plant,Gilia capitata ssp. pedemontana,Bluehead Gilia,Neutral
Vascular Plant,Gilia leptalea,Bridges' Gilia,Neutral
Vascular Plant,Gilia leptalea ssp. bicolor,Bridges' Gilia,Neutral
Vascular Plant,Gilia leptalea ssp. leptalea,Bridges' Gilia,Neutral
Vascular Plant,Gilia tricolor ssp. tricolor,Bird's-Eye Gilia,Neutral
Vascular Plant,Ipomopsis aggregata,"Skyrocket Gilia, Scarlet Gilia",Neutral
Vascular Plant,Ipomopsis aggregata ssp. bridgesii,Scarlet Gilia,Neutral
Vascular Plant,Ipomopsis aggregata ssp. formosissima,"Skyrocket Gilia, Scarlet Gilia, Scarlet Skyrocket",Neutral
Vascular Plant,Leptodactylon pungens,"Granite Prickly Phlox, Granite Gilia, Granite Prickly Gilia, Common Prickly Gilia",Neutral
Vascular Plant,Linanthus bicolor,True Babystars,Neutral
Vascular Plant,Linanthus ciliatus,"Whiskerbrush, Bristlyleaf Linanthus",Neutral
Vascular Plant,Linanthus dichotomus,"Evening Snow, Eveningsnow",Neutral
Vascular Plant,Linanthus filipes,Thread Linanthus,Neutral
Vascular Plant,Linanthus harknessii,"Threeseed Linanthus, Harkness' Flaxflower",Neutral
Vascular Plant,Linanthus montanus,Mustang Clover,Neutral
Vascular Plant,Linanthus nuttallii ssp. pubescens,"Nuttall's Deserttrumpets, Nuttall's Linanthus",Neutral
Vascular Plant,Navarretia divaricata ssp. divaricata,Divaricate Navarretia,Neutral
Vascular Plant,Navarretia divaricata ssp. vividior,Divaricate Navarretia,Neutral
Vascular Plant,Navarretia intertexta ssp. intertexta,Needleleaf Navarretia,Neutral
Vascular Plant,Navarretia viscidula,Sticky Pincushionplant,Neutral
Vascular Plant,Phlox caespitosa,"Tufted Phlox, Douglas Phlox",Neutral
Vascular Plant,Phlox condensata,Dwarf Phlox,Neutral
Vascular Plant,Phlox diffusa,Spreading Phlox,Neutral
Vascular Plant,Phlox gracilis,Slender Phlox,Neutral
Vascular Plant,Phlox speciosa ssp. occidentalis,Showy Phlox,Neutral
Vascular Plant,Polemonium californicum,Moving Polemonium,Neutral
Vascular Plant,Polemonium eximium,Skypilot,Neutral
Vascular Plant,Androsace septentrionalis ssp. subumbellata,Pygmyflower Rockjasmine,Neutral
Vascular Plant,Dodecatheon alpinum,Alpine Shootingstar,Neutral
Vascular Plant,Dodecatheon hendersonii,Mosquito Bills,Neutral
Vascular Plant,Dodecatheon jeffreyi,Sierrra Shootingstar,Neutral
Vascular Plant,Dodecatheon subalpinum,Sierra Shootingstar,Neutral
Vascular Plant,Primula suffrutescens,Sierra Primrose,Neutral
Vascular Plant,Trientalis latifolia,"Western Starflower, Broadleaf Starflower",Neutral
Vascular Plant,Astragalus bolanderi,Bolander's Milkvetch,Neutral
Vascular Plant,Astragalus congdonii,Congdon's Milkvetch,Neutral
Vascular Plant,Astragalus kentrophyta var. danaus,Spiny Milkvetch,Neutral
Vascular Plant,Astragalus lentiginosus var. ineptus,"Freckled Milkvetch, Homely Milkvetch",Neutral
Vascular Plant,Astragalus purshii var. lectulus,"Sierran Milkvetch, Woollypod Milkvetch",Neutral
Vascular Plant,Astragalus whitneyi var. whitneyi,"Balloonpod Milkvetch, Whitney's Milkvetch",Neutral
Vascular Plant,Cercis occidentalis,California Redbud,Neutral
Vascular Plant,Hoita macrostachya,Large Leather-Root,Neutral
Vascular Plant,Lathyrus jepsonii var. californicus,California Pea,Neutral
Vascular Plant,Lathyrus lanszwertii var. aridus,Nevada Pea,Neutral
Vascular Plant,Lathyrus lanszwertii var. lanszwertii,"Lanszwert's Peavine, Lanszwert's Pea",Neutral
Vascular Plant,Lathyrus sulphureus,"Snub Pea, Sulfur Pea",Neutral
Vascular Plant,Lotus argophyllus var. fremontii,Fremont's Birdsfoot Trefoil,Neutral
Vascular Plant,Lotus crassifolius var. crassifolius,Big Deervetch,Neutral
Vascular Plant,Lotus humistratus,"Maresfat, Foothill Deervetch",Neutral
Vascular Plant,Lotus micranthus,Desert Deervetch,Neutral
Vascular Plant,Lotus nevadensis var. nevadensis,"Nevada Trefoil, Nevada Bird's-Foot Trefoil",Neutral
Vascular Plant,Lotus oblongifolius var. oblongifolius,"Streambank Trefoil, Streambank Bird's-Foot Trefoil",Neutral
Vascular Plant,Lotus scoparius var. scoparius,Common Deerweed,Neutral
Vascular Plant,Lotus strigosus,"Strigose Bird's-Foot-Trefoil, Bishop's Lotus, Strigose Bird's-Foot Trefoil",Neutral
Vascular Plant,Lotus wrangelianus,Chilean Bird's-Foot Trefoil,Neutral
Vascular Plant,Lupinus adsurgens,Drew's Silky Lupine,Neutral
Vascular Plant,Lupinus albicaulis,Sicklekeel Lupine,Neutral
Vascular Plant,Lupinus albifrons var. albifrons,Silver Lupine,Neutral
Vascular Plant,Lupinus andersonii,Anderson's Lupine,Neutral
Vascular Plant,Lupinus arbustus,"Spurred Lupine, Longspur Lupine",Neutral
Vascular Plant,Lupinus argenteus var. meionanthus,Lake Tahoe Lupine,Neutral
Vascular Plant,Lupinus benthamii,Spider Lupine,Neutral
Vascular Plant,Lupinus bicolor,"Bicolor Lupine, Miniature Lupine",Neutral
Vascular Plant,Lupinus breweri var. breweri,Brewer's Lupine,Neutral
Vascular Plant,Lupinus breweri var. bryoides,Matted Lupine,Neutral
Vascular Plant,Lupinus breweri var. grandiflorus,Matted Lupine,Neutral
Vascular Plant,Lupinus covillei,Shaggy Lupine,Neutral
Vascular Plant,Lupinus formosus var. formosus,Summer Lupine,Neutral
Vascular Plant,Lupinus fulcratus,Greenstipule Lupine,Neutral
Vascular Plant,Lupinus gracilentus,Green Slender Lupine,Neutral
Vascular Plant,Lupinus grayi,"Sierra Lupine, Gray's Lupine",Neutral
Vascular Plant,Lupinus latifolius,"Broad-Leaf Lupine, Broadleaf Lupine",Neutral
Vascular Plant,Lupinus nanus,"Sky Lupine, Annual Lupine",Neutral
Vascular Plant,Lupinus pratensis var. pratensis,Inyo Meadow Lupine,Neutral
Vascular Plant,Lupinus rivularis,Riverbank Lupine,Neutral
Vascular Plant,Lupinus stiversii,Harlequin Annual Lupine,Neutral
Vascular Plant,Medicago polymorpha,"Burclover, Toothed Medick, California Burclover, Bur Medick, Bur Clover",Neutral
Vascular Plant,Melilotus alba,White Sweetclover,Neutral
Vascular Plant,Melilotus indica,Sourclover,Neutral
Vascular Plant,Trifolium bolanderi,Parasol Clover,Species of Concern
Vascular Plant,Trifolium breweri,Forest Clover,Neutral
Vascular Plant,Trifolium ciliolatum,Foothill Clover,Neutral
Vascular Plant,Trifolium cyathiferum,Cup Clover,Neutral
Vascular Plant,Trifolium gracilentum var. gracilentum,Pinpoint Clover,Neutral
Vascular Plant,Trifolium microcephalum,"Small-Head Clover, Smallhead Clover, Littlehead Clover",Neutral
Vascular Plant,Trifolium obtusiflorum,Clammy Clover,Neutral
Vascular Plant,Trifolium oliganthum,Fewflower Clover,Neutral
Vascular Plant,Trifolium variegatum,"Whitetip Clover, White-Tip Clover",Neutral
Vascular Plant,Trifolium willdenovii,Tomcat Clover,Neutral
Vascular Plant,Trifolium wormskioldii,"Cows Clover, Cow Clover, Sierra Clover",Neutral
Vascular Plant,Vicia benghalensis,"Reddish Tufted Vetch, Purple Vetch",Neutral
Vascular Plant,Alnus incana ssp. tenuifolia,"Thinleaf Alder, Speckled Alder, Mountain Alder",Neutral
Vascular Plant,Alnus rhombifolia,"White Alder, Rhombie Leaf Alder",Neutral
Vascular Plant,Corylus cornuta var. californica,"California Hazelnut, California Hazel",Neutral
Vascular Plant,Chrysolepis sempervirens,"Bush Chinquapin, Sierra Chinkapin",Neutral
Vascular Plant,Lithocarpus densiflorus var. echinoides,Tanoak,Neutral
Vascular Plant,Quercus chrysolepis,Canyon Live Oak,Neutral
Vascular Plant,Quercus douglasii,Blue Oak,Neutral
Vascular Plant,Quercus garryana var. breweri,Oregon White Oak,Neutral
Vascular Plant,Quercus kelloggii,California Black Oak,Neutral
Vascular Plant,Quercus lobata,"Valley Oak, California White Oak",Neutral
Vascular Plant,Quercus wislizeni var. wislizeni,Interior Live Oak,Neutral
Vascular Plant,Myrica hartwegii,"Sierra Bayberry, Sierra Sweet-Bay",Neutral
Vascular Plant,Garrya fremontii,Bearbrush,Neutral
Vascular Plant,Asclepias californica,"Round-Hood Milkweed, Woolly Milkweed, California Milkweed",Neutral
Vascular Plant,Asclepias cordifolia,"Purple Milkweed, Heartleaf Milkweed",Neutral
Vascular Plant,Asclepias fascicularis,"Narrowleaf Milkweed, Narrow-Leaved Milkweed, Mexican Whorled Milkweed",Neutral
Vascular Plant,Centaurium venustum,Charming Centaury,Neutral
Vascular Plant,Gentiana calycosa,"Rainier Pleated Gentian, Mountain Bog Gentian",Neutral
Vascular Plant,Gentiana newberryi var. tiogana,Tioga Gentian,Neutral
Vascular Plant,Gentianella amarella ssp. acuta,"Autumn Dwarf-Gentian, Autumn Dwarfgentian, Autumn Dwarf Gentian",Neutral
Vascular Plant,Gentianella tenella ssp. tenella,"Dane's Dwarfgentian, Dane's Dwarf Gentian",Neutral
Vascular Plant,Gentianopsis holopetala,"Sierra Fringed Gentian, Sierra Gentian",Neutral
Vascular Plant,Galium bolanderi,Bolander's Bedstraw,Neutral
Vascular Plant,Galium hypotrichium ssp. hypotrichium,Alpine Bedstraw,Neutral
Vascular Plant,Galium multiflorum,"Shrubby Bedstraw, Manyflower Bedstraw",Neutral
Vascular Plant,Galium parisiense,Wall Bedstraw,Neutral
Vascular Plant,Galium porrigens var. tenue,Graceful Bedstraw,Neutral
Vascular Plant,Galium sparsiflorum,Sequoia Bedstraw,Neutral
Vascular Plant,Galium sparsiflorum ssp. sparsiflorum,Sequoia Bedstraw,Neutral
Vascular Plant,Erodium botrys,Longbeak Stork's Bill,Neutral
Vascular Plant,Erodium brachycarpum,Shortfruit Stork's Bill,Neutral
Vascular Plant,Geranium californicum,California Cranesbill,Neutral
Vascular Plant,Geranium dissectum,Cutleaf Geranium,Neutral
Vascular Plant,Geranium robertianum,Robert's Geranium,Neutral
Vascular Plant,Isoetes howellii,Howell's Quillwort,Neutral
Vascular Plant,Isoetes nuttallii,Nuttall's Quillwort,Neutral
Vascular Plant,Lepechinia calycina,Woodbalm,Neutral
Vascular Plant,Monardella glauca,"Blue Monardella, Gray Monardella, Pale Monardella",Neutral
Vascular Plant,Monardella lanceolata,"Mustang Monardella, Mustang Mountainbalm, Mustang Mint",Neutral
Vascular Plant,Monardella odoratissima ssp. pallida,"Mountain Monardella, Alpine Mountainbalm",Neutral
Vascular Plant,Monardella sheltonii,Shelton's Monardella,Neutral
Vascular Plant,Pycnanthemum californicum,Sierra Mint,Neutral
Vascular Plant,Salvia columbariae,Chia,Neutral
Vascular Plant,Satureja douglasii,Yerba Buena,Neutral
Vascular Plant,Scutellaria bolanderi ssp. bolanderi,Sierra Skullcap,Neutral
Vascular Plant,Scutellaria siphocampyloides,Grayleaf Skullcap,Neutral
Vascular Plant,Scutellaria tuberosa,Danny's Skullcap,Neutral
Vascular Plant,Stachys albens,"Whitestem Hedgenettle, White Hedgenettle",Neutral
Vascular Plant,Trichostema lanceolatum,Vinegarweed,Neutral
Vascular Plant,Trichostema oblongum,Oblong Bluecurls,Neutral
Vascular Plant,Utricularia gibba,"Humped Bladderwort, Conespur Bladderpod",Neutral
Vascular Plant,Fraxinus dipetala,"Two-Petal Ash, California Ash",Neutral
Vascular Plant,Fraxinus latifolia,Oregon Ash,Neutral
Vascular Plant,Castilleja applegatei,"Wavyleaf Paintbrush, Pine Indian Paintbrush, Wavyleaf Indian Paintbrush",Neutral
Vascular Plant,Castilleja applegatei ssp. disticha,Wavyleaf Indian Paintbrush,Neutral
Vascular Plant,Castilleja applegatei ssp. pallida,Wavyleaf Indian Paintbrush,Neutral
Vascular Plant,Castilleja applegatei ssp. pinetorum,Wavyleaf Indian Paintbrush,Neutral
Vascular Plant,Castilleja attenuata,"Indian Paintbrush, Attenuate Indian Paintbrush",Neutral
Vascular Plant,Castilleja densiflora ssp. densiflora,Denseflower Indian Paintbrush,Neutral
Vascular Plant,Castilleja exserta ssp. exserta,"Owl Clover, Exserted Indian Paintbrush",Neutral
Vascular Plant,Castilleja foliolosa,Texas Indian Paintbrush,Neutral
Vascular Plant,Castilleja lacera,Cutleaf Indian Paintbrush,Neutral
Vascular Plant,Castilleja lemmonii,"Lemmon's Paintbrush, Lemmon's Indian Paintbrush",Neutral
Vascular Plant,Castilleja miniata ssp. miniata,Giant Red Indian Paintbrush,Neutral
Vascular Plant,Castilleja minor ssp. spiralis,"Annual Indian Paintbrush, Lesser Indian Paintbrush",Neutral
Vascular Plant,Castilleja nana,"Dwarf Alpine Indian Paintbrush, Dwarf Alpine Paintbrush",Neutral
Vascular Plant,Castilleja parviflora,Mountain Indian Paintbrush,Neutral
Vascular Plant,Castilleja pilosa,"Parrothead Indian Paintbrush, Hairy Paintbrush",Neutral
Vascular Plant,Castilleja tenuis,"Hairy Indian Paintbrush, Slender Paintbrush",Neutral
Vascular Plant,Cordylanthus rigidus ssp. brevibracteatus,Stiffbranch Bird's Beak,Neutral
Vascular Plant,Cordylanthus rigidus ssp. rigidus,Stiffbranch Bird's Beak,Neutral
Vascular Plant,Cordylanthus tenuis ssp. tenuis,"Slender Bird's Beak, Slender Bird'sbeak",Neutral
Vascular Plant,Orobanche californica ssp. grayana,Gray's Broomrape,Neutral
Vascular Plant,Orthocarpus cuspidatus ssp. cryptanthus,"Cryptantha Owlclover, Cryptantha Owl's-Clover",Neutral
Vascular Plant,Pedicularis attollens,Little Elephantshead,Neutral
Vascular Plant,Pedicularis semibarbata,"Pinewoods Lousewort, Bearded Lousewort",Neutral
Vascular Plant,Mimulus angustatus,Purplelip Pansy Monkeyflower,Neutral
Vascular Plant,Mimulus bicolor,Yellow And White Monkeyflower,Neutral
Vascular Plant,Mimulus bolanderi,Bolander's Monkeyflower,Neutral
Vascular Plant,Mimulus cardinalis,"Scarlet Monkey-Flower, Crimson Monkeyflower, Scarlet Monkeyflower",Neutral
Vascular Plant,Mimulus congdonii,Congdon's Monkeyflower,Neutral
Vascular Plant,Mimulus douglasii,Brownies,Neutral
Vascular Plant,Mimulus filicaulis,"Hetch Hetchy Monkey-Flower, Slenderstem Monkeyflower",Species of Concern
Vascular Plant,Mimulus inconspicuus,Smallflower Monkeyflower,Neutral
Vascular Plant,Mimulus kelloggii,Kellogg's Monkeyflower,Neutral
Vascular Plant,Mimulus laciniatus,Cutleaf Monkeyflower,Neutral
Vascular Plant,Mimulus layneae,Layne's Monkeyflower,Neutral
Vascular Plant,Mimulus leptaleus,"Least Monkeyflower, Slender Monkeyflower",Neutral
Vascular Plant,Mimulus mephiticus,"Foul-Odor Monkeyflower, Foul Odor Monkeyflower",Neutral
Vascular Plant,Mimulus montioides,"Mointain Monkeyflower, Mountain Monkeyflower",Neutral
Vascular Plant,Mimulus palmeri,Palmer's Monkeyflower,Neutral
Vascular Plant,Mimulus pilosus,False Monkeyflower,Neutral
Vascular Plant,Mimulus primuloides,"Primrose Monkeyflower, Yellow Creeping Monkey-Flower",Neutral
Vascular Plant,Mimulus pulchellus,Yellowlip Pansy Monkeyflower,Neutral
Vascular Plant,Mimulus pulsiferae,Candelabrum Monkeyflower,Neutral
Vascular Plant,Mimulus tilingii,"Tiling's Monkeyflower, Subalpine Monkey-Flower, Subalpine Monkeyflower",Neutral
Vascular Plant,Mimulus torreyi,Torrey's Monkeyflower,Neutral
Vascular Plant,Mimulus viscidus,Sticky Monkeyflower,Neutral
Vascular Plant,Callitriche heterophylla var. bolanderi,Bolander's Water-Starwort,Neutral
Vascular Plant,Callitriche marginata,Winged Water-Starwort,Species of Concern
Vascular Plant,Collinsia bartsiifolia var. davidsonii,Davidson's Blue Eyed Mary,Neutral
Vascular Plant,Collinsia childii,Child's Blue Eyed Mary,Neutral
Vascular Plant,Collinsia heterophylla,Purple Chinese Houses,Neutral
Vascular Plant,Collinsia linearis,Narrowleaf Blue Eyed Mary,Neutral
Vascular Plant,Collinsia tinctoria,Sticky Chinese Houses,Neutral
Vascular Plant,Collinsia torreyi var. torreyi,"Torrey's Blue-Eyed Mary, Torrey's Blue Eyed Mary",Neutral
Vascular Plant,Collinsia torreyi var. wrightii,Wright's Blue Eyed Mary,Neutral
Vascular Plant,Gratiola ebracteata,Bractless Hedgehyssop,Neutral
Vascular Plant,Limosella acaulis,Owyhee Mudwort,Neutral
Vascular Plant,Penstemon azureus var. angustissimus,Azure Penstemon,Neutral
Vascular Plant,Penstemon davidsonii var. davidsonii,Davidson's Penstemon,Neutral
Vascular Plant,Penstemon heterodoxus,"Sierra Beardtongue, Sierra Penstemon",Neutral
Vascular Plant,Penstemon heterodoxus var. heterodoxus,Sierra Beardtongue,Neutral
Vascular Plant,Penstemon heterophyllus var. purdyi,Purdy's Penstemon,Neutral
Vascular Plant,Penstemon procerus var. formosus,"Pincushion Penstemon, Pincushion Beardtongue",Neutral
Vascular Plant,Penstemon roezlii,Roezl's Penstemon,Neutral
Vascular Plant,Penstemon rostriflorus,"Beaked Beardtongue, Beakflower Penstemon, Bridges' Penstemon",Neutral
Vascular Plant,Penstemon rydbergii var. oreocharis,Herbaceous Penstemon,Neutral
Vascular Plant,Penstemon speciosus,"Royal Penstemon, Prairie-Clover",Neutral
Vascular Plant,Plantago erecta,Dotseed Plantain,Neutral
Vascular Plant,Veronica cusickii,Cusick's Speedwell,Neutral
Vascular Plant,Veronica peregrina ssp. xalapensis,"Hairy Purslane Speedwell, Neckweed",Neutral
Vascular Plant,Veronica serpyllifolia ssp. humifusa,"Brightblue Speedwell, Thyme-Leaf Speedwell",Neutral
Vascular Plant,Scrophularia californica ssp. floribunda,California Figwort,Neutral
Vascular Plant,Scrophularia desertorum,"Desert Figwort, Mountain Figwort",Neutral
Vascular Plant,Verbena hastata,"Blue Vervain, Swamp Verbena, Blue Verbena, Simpler's-Joy",Neutral
Vascular Plant,Verbena lasiostachys var. lasiostachys,Western Vervain,Neutral
Vascular Plant,Calycanthus occidentalis,"California-Allspice, Western Sweetshrub, California Spicebush",Neutral
Vascular Plant,Umbellularia californica,California Laurel,Neutral
Vascular Plant,Calochortus albus,White Fairy-Lantern,Neutral
Vascular Plant,Calochortus invenustus,Plain Mariposa Lily,Neutral
Vascular Plant,Calochortus leichtlinii,"Smokey Mariposa, Leichtlin's Mariposa Lily",Neutral
Vascular Plant,Calochortus luteus,Yellow Mariposa Lily,Neutral
Vascular Plant,Calochortus minimus,Sierra Mariposa Lily,Neutral
Vascular Plant,Calochortus nudus,Naked Mariposa Lily,Neutral
Vascular Plant,Calochortus superbus,Yellow Mariposa,Neutral
Vascular Plant,Calochortus venustus,Butterfly Mariposa Lily,Neutral
Vascular Plant,Calochortus vestae,Coast Range Mariposa Lily,Neutral
Vascular Plant,Clintonia uniflora,Bride's Bonnet,Neutral
Vascular Plant,Disporum hookeri,Drops Of Gold,Neutral
Vascular Plant,Erythronium purpurascens,Purple Fawnlily,Neutral
Vascular Plant,Fritillaria micrantha,Brown Fritillary,Neutral
Vascular Plant,Fritillaria pinetorum,"Davidson's Fritillary, Pinewoods Fritillary",Neutral
Vascular Plant,Lilium parvum,"Sierra Tiger Lily, Sierra Tigerlily",Neutral
Vascular Plant,Lilium washingtonianum ssp. washingtonianum,Typical Washington Lily,Neutral
Vascular Plant,Trillium angustipetalum,Narrowpetal Wakerobin,Neutral
Vascular Plant,Veratrum californicum var. californicum,"California False Hellebore, California Falsehellebore",Neutral
Vascular Plant,Zigadenus exaltatus,Giant Deathcamas,Neutral
Vascular Plant,Zigadenus paniculatus,"Foothill Deathcamas, Sand-Corn",Neutral
Vascular Plant,Zigadenus venenosus var. venenosus,Meadow Deathcamas,Neutral
Vascular Plant,Chamaesyce serpyllifolia ssp. serpyllifolia,"Thymeleaf Sandmat, Thymeleaf Spurge, Thyme-Leaf Sandmat",Neutral
Vascular Plant,Eremocarpus setigerus,"Turkey Mullein, Doveweed",Neutral
Vascular Plant,Euphorbia crenulata,"Chinesecaps, Chinese Caps",Neutral
Vascular Plant,Hypericum anagalloides,"Tinker's Penny, Tinker's-Penny, Creeping St. Johnswort",Neutral
Vascular Plant,Linum lewisii var. alpicola,Prairie Flax,Neutral
Vascular Plant,Sclerolinon digynum,"Digynum Flax, Northwestern Yellowflax",Neutral
Vascular Plant,Populus balsamifera ssp. trichocarpa,"Balsam Poplar, Black Cottonwood",Neutral
Vascular Plant,Populus fremontii ssp. fremontii,Fremont's Cottonwood,Neutral
Vascular Plant,Salix arctica,Arctic Willow,Neutral
Vascular Plant,Salix brachycarpa ssp. brachycarpa,"Short-Fruited Willow, Barrenground Willow",Neutral
Vascular Plant,Salix jepsonii,Jepson's Willow,Neutral
Vascular Plant,Salix laevigata,Red Willow,Neutral
Vascular Plant,Salix lasiolepis,Arroyo Willow,Neutral
Vascular Plant,Salix ligulifolia,"Strapleaf Willow, Strap-Leaf Willow",Neutral
Vascular Plant,Salix lucida ssp. lasiandra,Pacific Willow,Neutral
Vascular Plant,Salix lutea,Yellow Willow,Neutral
Vascular Plant,Salix orestera,Sierra Willow,Neutral
Vascular Plant,Salix planifolia ssp. planifolia,"Diamondleaf Willow, Tealeaf Willow",Neutral
Vascular Plant,Salix prolixa,Mackenzie's Willow,Neutral
Vascular Plant,Salix reticulata ssp. nivalis,Snow Willow,Neutral
Vascular Plant,Viola bakeri,Baker's Violet,Neutral
Vascular Plant,Viola glabella,Pioneer Violet,Neutral
Vascular Plant,Viola lobata ssp. integrifolia,Pine Violet,Neutral
Vascular Plant,Viola lobata ssp. lobata,Pine Violet,Neutral
Vascular Plant,Viola macloskeyi,"Small White Violet, Macloskey's Violet",Neutral
Vascular Plant,Viola pinetorum ssp. pinetorum,Goosefoot Yellow Violet,Neutral
Vascular Plant,Viola purpurea ssp. integrifolia,Goosefoot Violet,Neutral
Vascular Plant,Viola purpurea ssp. purpurea,Goosefoot Violet,Neutral
Vascular Plant,Viola purpurea ssp. quercetorum,Goosefoot Violet,Neutral
Vascular Plant,Viola purpurea ssp. venosa,"Goosefoot Violet, Goosefoot Yellow Violet",Neutral
Vascular Plant,Viola sheltonii,Shelton's Violet,Neutral
Vascular Plant,Malva nicaeensis,Bull Mallow,Neutral
Vascular Plant,Malva parviflora,"Cheeseweed, Cheeseweed Mallow, Small-Whorl Mallow",Neutral
Vascular Plant,Sidalcea glaucescens,"Waxy Checkermallow, Waxy Checkerbloom",Neutral
Vascular Plant,Sidalcea malviflora ssp. asprella,Dwarf Checkerbloom,Neutral
Vascular Plant,Sidalcea reptans,Sierra Checkerbloom,Neutral
Vascular Plant,Lythrum hyssopifolia,Hyssop Loosestrife,Neutral
Vascular Plant,Camissonia contorta,"Plains Evening-Primrose, Plains Eveningprimrose, Plains Evening Primrose, Contorted Suncup",Neutral
Vascular Plant,Camissonia lacustris,Grassland Suncup,Neutral
Vascular Plant,Camissonia luciae,Santa Lucia Suncup,Neutral
Vascular Plant,Camissonia sierrae ssp. alticola,"Mono Hot Springs Evening-Primrose, Mono Hot Springs Evening Primrose",Species of Concern
Vascular Plant,Camissonia sierrae ssp. sierrae,Sierra Suncup,Neutral
Vascular Plant,Circaea alpina ssp. pacifica,"Small Enchanter's Nightshade, Small Enchanter Nightshade",Neutral
Vascular Plant,Clarkia australis,Small's Southern Clarkia,Neutral
Vascular Plant,Clarkia biloba ssp. biloba,Twolobe Clarkia,Neutral
Vascular Plant,Clarkia dudleyana,Dudley's Clarkia,Neutral
Vascular Plant,Clarkia gracilis ssp. albicaulis,Whitestem Clarkia,Neutral
Vascular Plant,Clarkia heterandra,Mountain Clarkia,Neutral
Vascular Plant,Clarkia modesta,Waltham Creek Clarkia,Neutral
Vascular Plant,Clarkia purpurea ssp. quadrivulnera,"Winecup Fairyfan, Winecup Clarkia",Neutral
Vascular Plant,Clarkia purpurea ssp. viminea,Winecup Clarkia,Neutral
Vascular Plant,Clarkia rhomboidea,"Diamond Fairyfan, Diamond Clarkia, Broadleaf Clarkia",Neutral
Vascular Plant,Clarkia unguiculata,Elegant Clarkia,Neutral
Vascular Plant,Clarkia williamsonii,Fort Miller Clarkia,Neutral
Vascular Plant,Epilobium angustifolium ssp. circumvagum,Fireweed,Neutral
Vascular Plant,Epilobium canum ssp. latifolium,Hummingbird Trumpet,Neutral
Vascular Plant,Epilobium ciliatum,"Hairy Willowherb, Hairy Willowweed, Fringed Willowherb",Neutral
Vascular Plant,Epilobium ciliatum ssp. glandulosum,"Glandular Willowherb, Glandular Willowweed, Fringed Willowherb",Neutral
Vascular Plant,Epilobium densiflorum,"Denseflower Willowweed, Dense-Flower Spike-Primrose, Denseflower Willowherb",Neutral
Vascular Plant,Epilobium foliosum,"Leafy Willowherb, California Willowherb",Neutral
Vascular Plant,Epilobium glaberrimum ssp. fastigiatum,"Smooth Willowweed, Glaucus Willowherb",Neutral
Vascular Plant,Epilobium glaberrimum ssp. glaberrimum,"Smooth Willowweed, Glaucus Willowherb",Neutral
Vascular Plant,Epilobium howellii,Yuba Pass Willowherb,Neutral
Vascular Plant,Epilobium latifolium,Dwarf Fireweed,Neutral
Vascular Plant,Epilobium minutum,"Minute Willowweed, Chaparral Willowherb",Neutral
Vascular Plant,Epilobium obcordatum,"Rose Willowweed, Rockfringe",Neutral
Vascular Plant,Epilobium oreganum,"Oregon Fireweed, Grants Pass Willowherb",Species of Concern
Vascular Plant,Epilobium oregonense,"Oregon Willowherb, Oregon Willowweed",Neutral
Vascular Plant,Epilobium torreyi,"Narrowleaf Willowweed, Torrey's Willowherb",Neutral
Vascular Plant,Gayophytum decipiens,Deceptive Groundsmoke,Neutral
Vascular Plant,Gayophytum eriospermum,Coville's Groundsmoke,Neutral
Vascular Plant,Gayophytum heterozygum,"Zigzag Groundsmoke, Dwarf Groundsmoke",Neutral
Vascular Plant,Oenothera elata ssp. hirsutissima,"Hooker's Evening-Primrose, Hooker's Eveningprimrose, Hooker's Evening Primrose",Neutral
Vascular Plant,Brasenia schreberi,"Watershield, Schreber's Watershield",Neutral
Vascular Plant,Nuphar lutea ssp. polysepala,"Rocky Mountain Pondlily, Rocky Mountain Pond-Lily, Rocky Mountain Cowlily, Yellow Pond-Lily",Neutral
Vascular Plant,Botrychium ascendens,"Trianglelobe Moonwort, Upswept Moonwort",Species of Concern
Vascular Plant,Botrychium minganense,"Mingan Moonwort, Mingan Island Grapefern",Neutral
Vascular Plant,Calocedrus decurrens,Incense Cedar,Neutral
Vascular Plant,Juniperus communis,"Common Juniper, Dwarf Juniper",Neutral
Vascular Plant,Juniperus occidentalis,Western Juniper,Neutral
Vascular Plant,Sequoiadendron giganteum,"Giant Sequoia, Giant Redwood, Sierra Redwood",Neutral
Vascular Plant,Abies concolor,"Silver Fir, Colorado Fir, White Balsam, White Fir, Balsam Fir, Concolor Fir",Neutral
Vascular Plant,Pinus attenuata,Knobcone Pine,Neutral
Vascular Plant,Pinus contorta ssp. murrayana,"Sierra Lodgepole Pine, Tamarack Pine",Neutral
Vascular Plant,Pinus jeffreyi,"Jeffrey's Pine, Jeffrey Pine, Black Pine",Neutral
Vascular Plant,Pinus lambertiana,"California Sugar Pine, Sugar Pine",Neutral
Vascular Plant,Pinus monophylla,"Nut Pine, One-Leaf Pine, Singleleaf Pinyon",Neutral
Vascular Plant,Pinus monticola,"Silver Pine, Idaho White Pine, Mountain White Pine, Western White Pine",Neutral
Vascular Plant,Pinus ponderosa,"Western Yellow Pine, Ponderosa Pine, Bull Pine, Blackjack Pine, Rock Pine",Neutral
Vascular Plant,Pinus sabiniana,"California Foothill Pine, Gray Pine, Digger Pine, Bull Pine",Neutral
Vascular Plant,Pseudotsuga menziesii var. menziesii,"Douglas-Fir, Coast Douglas-Fir",Neutral
Vascular Plant,Tsuga mertensiana,"Mountain Hemlock, Black Hemlock, Hemlock Spruce, Alpine Hemlock",Neutral
Vascular Plant,Torreya californica,"California Torreya, California Nutmeg",Neutral
Vascular Plant,Asarum hartwegii,Hartweg's Wildginger,Neutral
Vascular Plant,Asarum lemmonii,Lemmon's Wildginger,Neutral
Vascular Plant,Carex abrupta,Abruptbeak Sedge,Neutral
Vascular Plant,Carex amplectens,Claspbract Sedge,Neutral
Vascular Plant,Carex amplifolia,Bigleaf Sedge,Neutral
Vascular Plant,Carex angustata,"Widefruit Sedge, Common Meadow Sedge",Neutral
Vascular Plant,Carex aquatilis var. aquatilis,"Leafy Tussock Sedge, Water Sedge",Neutral
Vascular Plant,Carex bolanderi,"Bolander Sedge, Bolander's Sedge, Wood Sedge",Neutral
Vascular Plant,Carex brainerdii,Brainerd's Sedge,Neutral
Vascular Plant,Carex congdonii,Congdon's Sedge,Neutral
Vascular Plant,Carex davyi,Davy's Sedge,Neutral
Vascular Plant,Carex densa,Dense Sedge,Neutral
Vascular Plant,Carex feta,Greensheath Sedge,Neutral
Vascular Plant,Carex filifolia var. erostrata,Shorthair Sedge,Neutral
Vascular Plant,Carex fissuricola,"Canyon Sedge, Cleft Sedge",Neutral
Vascular Plant,Carex fracta,Fragile Sheath Sedge,Neutral
Vascular Plant,Carex hassei,"Salt Sedge, Hasse's Sedge, Saltsedge",Neutral
Vascular Plant,Carex helleri,"Heller's Sedge, Sierra Sedge",Neutral
Vascular Plant,Carex heteroneura var. epapillosa,"Nerve Sedge, Different-Nerve Sedge, Different Nerve Sedge",Neutral
Vascular Plant,Carex heteroneura var. heteroneura,"Different-Nerve Sedge, Different Nerve Sedge",Neutral
Vascular Plant,Carex incurviformis var. danaensis,Coastal Sand Sedge,Neutral
Vascular Plant,Carex integra,"Smoothbead Sedge, Smoothbeak Sedge",Neutral
Vascular Plant,Carex jonesii,"Jones Sedge, Jones' Sedge",Neutral
Vascular Plant,Carex laeviculmis,Smoothstem Sedge,Neutral
Vascular Plant,Carex lanuginosa,Woolly Sedge,Neutral
Vascular Plant,Carex lemmonii,Lemmon's Sedge,Neutral
Vascular Plant,Carex lenticularis var. impressa,"Fewrib Sedge, Lakeshore Sedge",Neutral
Vascular Plant,Carex lenticularis var. lipocarpa,"Kellogg Sedge, Kellogg's Sedge",Neutral
Vascular Plant,Carex luzulifolia,Littleleaf Sedge,Neutral
Vascular Plant,Carex mariposana,Mariposa Sedge,Neutral
Vascular Plant,Carex multicaulis,Manystem Sedge,Neutral
Vascular Plant,Carex multicostata,Manyrib Sedge,Neutral
Vascular Plant,Carex nervina,"Nerved Sedge, Sierra Sedge",Neutral
Vascular Plant,Carex nudata,Naked Sedge,Neutral
Vascular Plant,Carex sartwelliana,Yosemite Sedge,Neutral
Vascular Plant,Carex scopulorum var. bracteosa,"Mountain Sedge, Craterlike Sedge",Neutral
Vascular Plant,Carex senta,"Swamp Sedge, Swamp Carex",Neutral
Vascular Plant,Carex specifica,Narrowfruit Sedge,Neutral
Vascular Plant,Carex spectabilis,Showy Sedge,Neutral
Vascular Plant,Carex stipata var. stipata,Owlfruit Sedge,Neutral
Vascular Plant,Carex straminiformis,Shasta Sedge,Neutral
Vascular Plant,Carex subfusca,Brown Sedge,Neutral
Vascular Plant,Carex tahoensis,Tahoe Sedge,Neutral
Vascular Plant,Carex tiogana,Tioga Pass Sedge,Neutral
Vascular Plant,Carex tompkinsii,Thompkins' Sedge,Neutral
Vascular Plant,Carex vernacula,"Native Sedge, Spring Sedge",Neutral
Vascular Plant,Carex whitneyi,"Whitney's Sedge, Whitney Sedge",Neutral
Vascular Plant,Cyperus eragrostis,Tall Flatsedge,Neutral
Vascular Plant,Eleocharis acicularis var. acicularis,"Needle Spikerush, Needle Spike-Rush",Neutral
Vascular Plant,Eleocharis bolanderi,Bolander's Spikerush,Neutral
Vascular Plant,Eleocharis decumbens,Decumbent Spikerush,Neutral
Vascular Plant,Eleocharis macrostachya,Pale Spikerush,Neutral
Vascular Plant,Eleocharis parishii,"Parish Spikerush, Parish's Spikerush",Neutral
Vascular Plant,Eriophorum crinigerum,Fringed Cottongrass,Neutral
Vascular Plant,Lipocarpha micrantha,"Smallflower Hemicarpha, Dwarf Bulrush, Smallflower Halfchaff Sedge, Small-Flower Halfchaff Sedge",Neutral
Vascular Plant,Lipocarpha occidentalis,Western Halfchaff Sedge,Neutral
Vascular Plant,Rhynchospora alba,White Beaksedge,Neutral
Vascular Plant,Scirpus cernuus,Low Bulrush,Neutral
Vascular Plant,Scirpus congdonii,Congdon's Bulrush,Neutral
Vascular Plant,Scirpus diffusus,Umbrella Bulrush,Neutral
Vascular Plant,Juncus balticus,Baltic Rush,Neutral
Vascular Plant,Juncus bryoides,Moss Rush,Neutral
Vascular Plant,Juncus bufonius var. bufonius,Toad Rush,Neutral
Vascular Plant,Juncus bufonius var. occidentalis,Toad Rush,Neutral
Vascular Plant,Juncus capillaris,Hairystem Dwarf Rush,Neutral
Vascular Plant,Juncus chlorocephalus,Greenhead Rush,Neutral
Vascular Plant,Juncus covillei var. obtusatus,Coville's Rush,Neutral
Vascular Plant,Juncus dubius,"Mariposa Rush, Questionable Rush, Dubius Rush",Neutral
Vascular Plant,Juncus effusus var. exiguus,"Small Rush, Lamp Rush",Neutral
Vascular Plant,Juncus effusus var. pacificus,Pacific Rush,Neutral
Vascular Plant,Juncus ensifolius,"Three-Stamened Rush, Swordleaf Rush",Neutral
Vascular Plant,Juncus hemiendytus var. abjectus,Herman's Dwarf Rush,Neutral
Vascular Plant,Juncus hemiendytus var. hemiendytus,Herman's Dwarf Rush,Neutral
Vascular Plant,Juncus macrandrus,Longanther Rush,Neutral
Vascular Plant,Juncus mexicanus,Mexican Rush,Neutral
Vascular Plant,Juncus occidentalis,Western Rush,Neutral
Vascular Plant,Juncus orthophyllus,Straightleaf Rush,Neutral
Vascular Plant,Juncus oxymeris,Pointed Rush,Neutral
Vascular Plant,Juncus saximontanus,Rocky Mountain Rush,Neutral
Vascular Plant,Juncus tiehmii,"Tiehm's Rush, Nevada Rush",Neutral
Vascular Plant,Juncus triformis,Yosemite Dwarf Rush,Neutral
Vascular Plant,Juncus uncialis,Twelfth Rush,Neutral
Vascular Plant,Juncus xiphioides,Irisleaf Rush,Neutral
Vascular Plant,Luzula comosa,Pacific Woodrush,Neutral
Vascular Plant,Luzula divaricata,Forked Woodrush,Neutral
Vascular Plant,Luzula orestera,Sierra Woodrush,Neutral
Vascular Plant,Luzula subcongesta,Donner Woodrush,Neutral
Vascular Plant,Achnatherum latiglume,Sierra Needlegrass,Neutral
Vascular Plant,Achnatherum lemmonii,Lemmon's Needlegrass,Neutral
Vascular Plant,Achnatherum nelsonii ssp. dorei,"Dore's Needlegrass, Columbia Needlegrass",Neutral
Vascular Plant,Achnatherum nevadense,Nevada Needlegrass,Neutral
Vascular Plant,Achnatherum occidentale ssp. californicum,California Needlegrass,Neutral
Vascular Plant,Achnatherum occidentale ssp. occidentale,"Western Needle Grass, Western Needlegrass",Neutral
Vascular Plant,Achnatherum occidentale ssp. pubescens,"Pubescent Western Needlegrass, Elmer's Needlegrass",Neutral
Vascular Plant,Achnatherum thurberianum,Thurber's Needlegrass,Neutral
Vascular Plant,Agrostis pallens,Seashore Bentgrass,Neutral
Vascular Plant,Andropogon virginicus var. virginicus,"Broomsedge Bluestem, Broomsedge",Neutral
Vascular Plant,Aristida divaricata,Poverty Threeawn,Neutral
Vascular Plant,Avena barbata,"Slender Wildoat, Slender Oat, Slender Oats",Neutral
Vascular Plant,Briza minor,Little Quakinggrass,Neutral
Vascular Plant,Bromus arenarius,Australian Brome,Neutral
Vascular Plant,Bromus catharticus,"Rescuegras, Rescue Grass, Rescuegrass, Rescue Brome",Neutral
Vascular Plant,Bromus diandrus,Ripgut Brome,Neutral
Vascular Plant,Bromus grandis,Tall Brome,Neutral
Vascular Plant,Bromus hordeaceus,"Soft Chess, Soft Brome",Neutral
Vascular Plant,Bromus inermis ssp. inermis,Smooth Brome,Neutral
Vascular Plant,Bromus laevipes,"Chinook Brome, Woodland Brome",Neutral
Vascular Plant,Bromus orcuttianus,"Orcutt's Brome, Orcutt Brome",Neutral
Vascular Plant,Bromus sterilis,"Poverty Brome, Sterile Brome, Barren Bromegrass",Neutral
Vascular Plant,Bromus suksdorfii,Suksdorf's Brome,Neutral
Vascular Plant,Calamagrostis breweri,Shorthair Reedgrass,Neutral
Vascular Plant,Calamagrostis stricta ssp. inexpansa,"Northern Reedgrass, Slim-Stem Reed Grass",Neutral
Vascular Plant,Cinna bolanderi,Bolander's Woodreed,Neutral
Vascular Plant,Cynosurus echinatus,Bristly Dogstail Grass,Neutral
Vascular Plant,Danthonia californica var. californica,California Wild Oatgrass,Neutral
Vascular Plant,Deschampsia cespitosa ssp. cespitosa,Tufted Hairgrass,Neutral
Vascular Plant,Distichlis spicata,"Seashore Saltgrass, Desert Saltgrass, Inland Saltgrass, Saltgrass, Marsh Spikegrass",Neutral
Vascular Plant,Elymus elymoides ssp. californicus,Squirreltail,Neutral
Vascular Plant,Elymus elymoides ssp. elymoides,"Bottlebrush Squirreltail, Squirreltail",Neutral
Vascular Plant,Elymus glaucus ssp. glaucus,"Blue Wildrye, Blue Wild Rye",Neutral
Vascular Plant,Elymus glaucus ssp. jepsonii,Jepson's Blue Wildrye,Neutral
Vascular Plant,Elymus multisetus,"Big Wild Rye, Big Squirreltail",Neutral
Vascular Plant,Elymus sierrae,Sierra Wildrye,Neutral
Vascular Plant,Elymus stebbinsii,Parish Wheatgrass,Neutral
Vascular Plant,Elymus trachycaulus ssp. subsecundus,"Slender Wild Rye, Slender Wheatgrass, Bearded Wheatgrass",Neutral
Vascular Plant,Elymus trachycaulus ssp. trachycaulus,Slender Wheatgrass,Neutral
Vascular Plant,Eragrostis mexicana ssp. virescens,Mexican Lovegrass,Neutral
Vascular Plant,Eragrostis pilosa var. pilosa,Indian Lovegrass,Neutral
Vascular Plant,Festuca brachyphylla ssp. breviculmis,Alpine Fescue,Neutral
Vascular Plant,Festuca minutiflora,"Smallflower Fescue, Small-Flower Fescue",Neutral
Vascular Plant,Festuca saximontana var. purpusiana,Rocky Mountain Fescue,Neutral
Vascular Plant,Hesperostipa comata ssp. comata,"Needle And Thread, Needleandthread",Neutral
Vascular Plant,Hordeum brachyantherum ssp. brachyantherum,Meadow Barley,Neutral
Vascular Plant,Hordeum brachyantherum ssp. californicum,California Barley,Neutral
Vascular Plant,Hordeum murinum ssp. glaucum,Smooth Barley,Neutral
Vascular Plant,Hordeum murinum ssp. leporinum,"Leporinum Barley, Lepor Barley",Neutral
Vascular Plant,Hordeum murinum ssp. murinum,Wall Barley,Neutral
Vascular Plant,Leymus triticoides,"Beardless Wildrye, Beardless Lyme Grass, Creeping Wildrye",Neutral
Vascular Plant,Lolium multiflorum,"Annual Ryegrass, Italian Ryegrass",Neutral
Vascular Plant,Lolium temulentum,"Darnel Ryegrass, Poison Darnel, Darnel",Neutral
Vascular Plant,Melica aristata,"Bearded Melicgrass, Bearded Oniongrass",Neutral
Vascular Plant,Melica californica,California Melicgrass,Neutral
Vascular Plant,Melica harfordii,Harford's Oniongrass,Neutral
Vascular Plant,Melica imperfecta,Smallflower Melicgrass,Neutral
Vascular Plant,Melica stricta,"Rock Oniongrass, Rock Melicgrass",Neutral
Vascular Plant,Muhlenbergia minutissima,Annual Muhly,Neutral
Vascular Plant,Muhlenbergia montana,Mountain Muhly,Neutral
Vascular Plant,Muhlenbergia rigens,"Deer Muhly, Deergrass",Neutral
Vascular Plant,Parapholis incurva,Curved Sicklegrass,Neutral
Vascular Plant,Poa bolanderi,Bolander's Bluegrass,Neutral
Vascular Plant,Poa cusickii,Cusick's Bluegrass,Neutral
Vascular Plant,Poa cusickii ssp. cusickii,Cusick's Bluegrass,Neutral
Vascular Plant,Poa cusickii ssp. epilis,Cusick's Bluegrass,Neutral
Vascular Plant,Poa fendleriana ssp. longiligula,Muttongrass,Neutral
Vascular Plant,Poa glauca ssp. rupicola,Timberline Bluegrass,Neutral
Vascular Plant,Poa keckii,Keck's Bluegrass,Neutral
Vascular Plant,Poa leptocoma ssp. leptocoma,Bog Bluegrass,Neutral
Vascular Plant,Poa nemoralis,"Wood Bluegrass, Forest Blue Grass",Neutral
Vascular Plant,Poa pratensis ssp. pratensis,Kentucky Bluegrass,Neutral
Vascular Plant,Poa pringlei,Pringle's Bluegrass,Neutral
Vascular Plant,Poa secunda,"Big Bluegrass, Sandberg's Bluegrass, Sandberg Bluegrass",Neutral
Vascular Plant,Poa stebbinsii,Stebbin's Bluegrass,Neutral
Vascular Plant,Polypogon maritimus,Mediterranean Rabbitsfoot Grass,Neutral
Vascular Plant,Pseudoroegneria spicata,"Bluebunch-Wheat Grass, Bluebunch Wheatgrass",Neutral
Vascular Plant,Ptilagrostis kingii,Sierra False Needlegrass,Neutral
Vascular Plant,Scribneria bolanderi,Scribner's Grass,Neutral
Vascular Plant,Torreyochloa erecta,Spiked False Mannagrass,Neutral
Vascular Plant,Vulpia microstachys var. confusa,Confusing Fescue,Neutral
Vascular Plant,Vulpia microstachys var. pauciflora,Pacific Fescue,Neutral
Vascular Plant,Sparganium emersum ssp. emersum,Emersed Bur-Reed,Neutral
Vascular Plant,Woodwardia fimbriata,"Giant Chainfern, Giant Chain Fern",Neutral
Vascular Plant,Dryopteris arguta,Coastal Woodfern,Neutral
Vascular Plant,Dryopteris filix-mas,"Male Woodfern, Male Fern, Malefern",Neutral
Vascular Plant,Polystichum imbricans ssp. imbricans,Narrowleaf Swordfern,Neutral
Vascular Plant,Polystichum kruckebergii,Kruckeberg's Hollyfern,Neutral
Vascular Plant,Polystichum munitum,Western Swordfern,Neutral
Vascular Plant,Polypodium californicum,California Polypody,Neutral
Vascular Plant,Polypodium calirhiza,Nested Polypody,Neutral
Vascular Plant,Polypodium glycyrrhiza,Licorice Fern,Neutral
Vascular Plant,Polypodium hesperium,Western Polypody,Neutral
Vascular Plant,Adiantum jordanii,"California Maidenhair, California Maidenhair Fern",Neutral
Vascular Plant,Aspidotis californica,California Lacefern,Neutral
Vascular Plant,Aspidotis densa,"Indian's Dream, Pod Fern",Neutral
Vascular Plant,Cheilanthes covillei,"Coville's Lip Fern, Coville's Lipfern",Neutral
Vascular Plant,Cheilanthes gracillima,Lace Lipfern,Neutral
Vascular Plant,Cheilanthes intertexta,Coastal Lipfern,Neutral
Vascular Plant,Cryptogramma cascadensis,Cascade Rockbrake,Neutral
Vascular Plant,Pellaea andromedifolia,Coffee Cliffbrake,Neutral
Vascular Plant,Pellaea bridgesii,Bridges' Cliffbrake,Neutral
Vascular Plant,Pentagramma pallida,Pale Silverback Fern,Neutral
Vascular Plant,Pentagramma triangularis ssp. triangularis,"Goldfern, Western Goldfern, Goldback Fern",Neutral
Vascular Plant,Athyrium alpestre var. americanum,Alpine Ladyfern,Neutral
Vascular Plant,Athyrium filix-femina var. cyclosorum,Subarctic Ladyfern,Neutral
Vascular Plant,Dendromecon rigida,Tree Poppy,Neutral
Vascular Plant,Dicentra chrysantha,Golden Eardrops,Neutral
Vascular Plant,Dicentra formosa,Pacific Bleeding Heart,Neutral
Vascular Plant,Dicentra pauciflora,Shorthorn Steer's-Head,Neutral
Vascular Plant,Eschscholzia caespitosa,Tufted Poppy,Neutral
Vascular Plant,Eschscholzia californica,"California Goldenpoppy, California Poppy",Neutral
Vascular Plant,Eschscholzia hypecoides,San Benito Poppy,Neutral
Vascular Plant,Platystemon californicus,"California Creamcups, Creamcups",Neutral
Vascular Plant,Romneya coulteri,Coulter's Matilija Poppy,Species of Concern
Vascular Plant,Aconitum columbianum,Columbian Monkshood,Neutral
Vascular Plant,Anemone drummondii,Drummond's Anemone,Neutral
Vascular Plant,Anemone occidentalis,White Pasqueflower,Neutral
Vascular Plant,Aquilegia formosa,"Western Columbine, Crimson Columbine",Neutral
Vascular Plant,Aquilegia pubescens,Sierra Columbine,Neutral
Vascular Plant,Clematis lasiantha,Pipestem Clematis,Neutral
Vascular Plant,Delphinium depauperatum,"Slim Larkspur, Wand Larkspur",Neutral
Vascular Plant,Delphinium gracilentum,Pine Forest Larkspur,Neutral
Vascular Plant,Delphinium hansenii ssp. hansenii,Eldorado Larkspur,Neutral
Vascular Plant,Delphinium nudicaule,Red Larkspur,Neutral
Vascular Plant,Delphinium patens ssp. patens,Zigzag Larkspur,Neutral
Vascular Plant,Delphinium polycladon,"Marsh Larkspur, Mountain Marsh Larkspur",Neutral
Vascular Plant,Kumlienia hystricula,Waterfall False Buttercup,Neutral
Vascular Plant,Ranunculus alismifolius var. alismellus,Plantainleaf Buttercup,Neutral
Vascular Plant,Ranunculus alismifolius var. alismifolius,Plantainleaf Buttercup,Neutral
Vascular Plant,Ranunculus californicus,California Buttercup,Neutral
Vascular Plant,Ranunculus cymbalaria var. saximontanus,Rocky Mountain Buttercup,Neutral
Vascular Plant,Ranunculus eschscholtzii var. oxynotus,Eschscholtz's Buttercup,Neutral
Vascular Plant,Ranunculus flammula,"Greater Creeping Spearwort, Spearwort Buttercup",Neutral
Vascular Plant,Ranunculus hebecarpus,"Delicate Buttercup, Downy-Fruit Buttercup",Neutral
Vascular Plant,Ranunculus muricatus,Spinyfruit Buttercup,Neutral
Vascular Plant,Ranunculus occidentalis,Western Buttercup,Neutral
Vascular Plant,Ranunculus orthorhynchus var. orthorhynchus,Straightbeak Buttercup,Neutral
Vascular Plant,Thalictrum fendleri,"Fendler's Meadow-Rue, Fendler's Meadowrue",Neutral
Vascular Plant,Thalictrum fendleri var. fendleri,"Fendler's Meadow-Rue, Fendler's Meadowrue",Neutral
Vascular Plant,Thalictrum fendleri var. polycarpum,"Fendler's Meadow-Rue, Manyfruit Meadowrue",Neutral
Vascular Plant,Thalictrum sparsiflorum,"Fewflower Meadowrue, Fewflower Meadow-Rue",Neutral
Vascular Plant,Ceanothus cordulatus,Whitethorn Ceanothus,Neutral
Vascular Plant,Ceanothus cuneatus var. cuneatus,Buckbrush,Neutral
Vascular Plant,Ceanothus diversifolius,Pinemat,Neutral
Vascular Plant,Ceanothus fresnensis,Fresno Mat,Neutral
Vascular Plant,Ceanothus integerrimus,"Deerbrush Ceanothus, Deerbrush",Neutral
Vascular Plant,Ceanothus leucodermis,Chaparral Whitethorn,Neutral
Vascular Plant,Ceanothus parvifolius,Littleleaf Ceanothus,Neutral
Vascular Plant,Rhamnus ilicifolia,Hollyleaf Redberry,Neutral
Vascular Plant,Rhamnus rubra,Red Buckthorn,Neutral
Vascular Plant,Adenostoma fasciculatum,Chamise,Neutral
Vascular Plant,Amelanchier utahensis,"Western Serviceberry, Utah Serviceberry, Utah Shadberry",Neutral
Vascular Plant,Cercocarpus betuloides var. betuloides,Birch-Leaf Mountain-Mahogany,Neutral
Vascular Plant,Chamaebatia foliolosa,Mountain Misery,Neutral
Vascular Plant,Chamaebatiaria millefolium,"Fernbush, Desert Sweet",Neutral
Vascular Plant,Geum macrophyllum,"Largeleaf Avens, Large-Leaf Avens",Neutral
Vascular Plant,Holodiscus discolor,"Creambush, Creambush Oceanspray, Hillside Oceanspray, Oceanspray",Neutral
Vascular Plant,Horkelia californica ssp. dissita,California Horkelia,Neutral
Vascular Plant,Horkelia fusca ssp. parviflora,Smallflower Horkelia,Neutral
Vascular Plant,Horkelia tridentata ssp. tridentata,Threetooth Horkelia,Neutral
Vascular Plant,Ivesia lycopodioides ssp. lycopodioides,"Clubmoss Ivesia, Clubmoss Mousetail",Neutral
Vascular Plant,Ivesia lycopodioides ssp. megalopetala,Clubmoss Mousetail,Neutral
Vascular Plant,Ivesia muirii,Granite Mousetail,Neutral
Vascular Plant,Ivesia pygmaea,"Dwarf Ivesia, Dwarf Mousetail",Neutral
Vascular Plant,Ivesia santolinoides,Sierra Mousetail,Neutral
Vascular Plant,Ivesia shockleyi var. shockleyi,"Shockley's Ivesia, Sky Mousetail",Neutral
Vascular Plant,Ivesia unguiculata,Yosemite Mousetail,Neutral
Vascular Plant,Physocarpus capitatus,Pacific Ninebark,Neutral
Vascular Plant,Potentilla drummondii ssp. breweri,"Brewer's Cinquefoil, Drummond's Cinquefoil",Neutral
Vascular Plant,Potentilla drummondii ssp. bruceae,Drummond's Cinquefoil,Neutral
Vascular Plant,Potentilla drummondii ssp. drummondii,Drummond's Cinquefoil,Neutral
Vascular Plant,Potentilla flabellifolia,"High Mountain Cinquefoil, Mount Rainier Cinquefoil",Neutral
Vascular Plant,Potentilla fruticosa,"Golden Hardhack, Bush Cinquefoil, Shrubby Cinquefoil, Widdy",Neutral
Vascular Plant,Potentilla glandulosa,"Gland Cinquefoil, Sticky Cinquefoil",Neutral
Vascular Plant,Potentilla glandulosa ssp. glandulosa,Sticky Cinquefoil,Neutral
Vascular Plant,Potentilla glandulosa ssp. hansenii,Hansen's Cinquefoil,Neutral
Vascular Plant,Potentilla glandulosa ssp. nevadensis,Nevada Cinquefoil,Neutral
Vascular Plant,Potentilla glandulosa ssp. reflexa,Sticky Cinquefoil,Neutral
Vascular Plant,Potentilla gracilis,"Northwest Cinquefoil, Graceful Cinquefoil, Slender Cinquefoil",Neutral
Vascular Plant,Potentilla grayi,Gray's Cinquefoil,Neutral
Vascular Plant,Potentilla pseudosericea,Silky Cinquefoil,Neutral
Vascular Plant,Potentilla wheeleri,Kern Cinquefoil,Neutral
Vascular Plant,Prunus emarginata,"Bittercherry, Bitter Cherry",Neutral
Vascular Plant,Prunus subcordata,Klamath Plum,Neutral
Vascular Plant,Prunus virginiana var. demissa,Western Chokecherry,Neutral
Vascular Plant,Rosa bridgesii,Pygmy Rose,Neutral
Vascular Plant,Rosa californica,California Wildrose,Neutral
Vascular Plant,Rosa gymnocarpa,Dwarf Rose,Neutral
Vascular Plant,Rosa pinetorum,Pine Rose,Neutral
Vascular Plant,Rosa woodsii var. ultramontana,Woods' Rose,Neutral
Vascular Plant,Rubus discolor,"Himalaya Blackberry, Himalayan Blackberry",Neutral
Vascular Plant,Rubus glaucifolius,San Diego Raspberry,Neutral
Vascular Plant,Rubus leucodermis,"Whitebark Raspberry, Western Raspberry",Neutral
Vascular Plant,Rubus parviflorus,"Western Thimbleberry, Thimbleberry",Neutral
Vascular Plant,Rubus ursinus,California Blackberry,Neutral
Vascular Plant,Sorbus californica,California Mountain-Ash,Neutral
Vascular Plant,Sorbus sitchensis var. grayi,Western Mountain-Ash,Neutral
Vascular Plant,Urtica dioica ssp. holosericea,"Hoary Stinging Nettle, Slim Nettle, Stinging Nettle",Neutral
Vascular Plant,Urtica urens,"Dwarf Nettle, Burning Nettle",Neutral
Vascular Plant,Marsilea vestita ssp. vestita,"Hairy Pepperwort, Hairy Waterclover",Neutral
Vascular Plant,Arceuthobium abietinum,Fir Dwarf Mistletoe,Neutral
Vascular Plant,Arceuthobium californicum,Sugar Pine Dwarf Mistletoe,Neutral
Vascular Plant,Arceuthobium campylopodum,Western Dwarf Mistletoe,Neutral
Vascular Plant,Arceuthobium occidentale,"Digger Pine Dwarf Mistletoe, Gray Pine Dwarf Mistletoe",Neutral
Vascular Plant,Comandra umbellata ssp. californica,"Bastard Toadflax, California Bastard Toadflax",Neutral
Vascular Plant,Phoradendron densum,Dense Mistletoe,Neutral
Vascular Plant,Phoradendron juniperinum,"Incense Cedar Mistletoe, Juniper Mistletoe",Neutral
Vascular Plant,Phoradendron libocedri,Incense Cedar Mistletoe,Neutral
Vascular Plant,Phoradendron pauciflorum,Fir Mistletoe,Neutral
Vascular Plant,Phoradendron villosum,Pacific Mistletoe,Neutral
Vascular Plant,Rhus trilobata,Skunkbush Sumac,Neutral
Vascular Plant,Toxicodendron diversilobum,Pacific Poison Oak,Neutral
Vascular Plant,Acer glabrum var. torreyi,Torrey's Maple,Neutral
Vascular Plant,Acer macrophyllum,Bigleaf Maple,Neutral
Vascular Plant,Aesculus californica,California Buckeye,Neutral
Vascular Plant,Dudleya cymosa ssp. cymosa,Canyon Liveforever,Neutral
Vascular Plant,Sedum obtusatum ssp. obtusatum,"Sierran Stonecrop, Sierra Stonecrop",Neutral
Vascular Plant,Sedum radiatum,Coast Range Stonecrop,Neutral
Vascular Plant,Sedum spathulifolium,Broadleaf Stonecrop,Neutral
Vascular Plant,Ribes amarum,Bitter Gooseberry,Neutral
Vascular Plant,Ribes cereum var. cereum,"White Squaw Currant, Wax Currant",Neutral
Vascular Plant,Ribes lasianthum,Alpine Gooseberry,Neutral
Vascular Plant,Ribes nevadense,Sierra Currant,Neutral
Vascular Plant,Ribes roezlii var. roezlii,"Roezl's Gooseberry, Sierra Gooseberry",Neutral
Vascular Plant,Ribes viscosissimum,Sticky Currant,Neutral
Vascular Plant,Bolandra californica,Sierra False Coolwort,Neutral
Vascular Plant,Boykinia major,Large Boykinia,Neutral
Vascular Plant,Darmera peltata,Indian Rhubarb,Neutral
Vascular Plant,Heuchera merriamii,Merriam's Alumroot,Neutral
Vascular Plant,Heuchera micrantha,Crevice Alumroot,Neutral
Vascular Plant,Heuchera rubescens var. alpicola,Pink Alumroot,Neutral
Vascular Plant,Heuchera rubescens var. glandulosa,Pink Alumroot,Neutral
Vascular Plant,Heuchera rubescens var. rydbergiana,Pink Alumroot,Neutral
Vascular Plant,Lithophragma affine,San Francisco Woodland-Star,Neutral
Vascular Plant,Lithophragma bolanderi,Bolander's Woodland-Star,Neutral
Vascular Plant,Lithophragma glabrum,"Bulbous Woodland-Star, Smooth Woodland-Star",Neutral
Vascular Plant,Lithophragma heterophyllum,Hillside Woodland-Star,Neutral
Vascular Plant,Mitella breweri,Brewer's Miterwort,Neutral
Vascular Plant,Saxifraga aprica,Sierra Saxifrage,Neutral
Vascular Plant,Saxifraga bryophora,Bud Saxifrage,Neutral
Vascular Plant,Saxifraga californica,California Saxifrage,Neutral
Vascular Plant,Saxifraga mertensiana,"Wood Saxifrage, Woodland Saxifrage, Merten's Saxifrage",Neutral
Vascular Plant,Saxifraga nidifica var. nidifica,Peak Saxifrage,Neutral
Vascular Plant,Saxifraga oregana,"Box Saxifrage, Oregon Saxifrage",Neutral
Vascular Plant,Saxifraga tolmiei,"Tolmie's Saxifrage, Alpine Saxifrage",Neutral
Vascular Plant,Selaginella hansenii,Hansen's Spikemoss,Neutral
Vascular Plant,Selaginella watsonii,"Alpine Spikemoss, Watson's Spikemoss",Neutral
Vascular Plant,Calystegia malacophylla ssp. malacophylla,Sierra False Bindweed,Neutral
Vascular Plant,Cuscuta californica var. breviflora,"Chaparral Dodder, California Dodder, Western Dodder",Neutral
Vascular Plant,Cuscuta californica var. californica,"Chaparral Dodder, California Dodder",Neutral
Vascular Plant,Cuscuta suksdorfii,Mountain Dodder,Neutral
Vascular Plant,Datura wrightii,"Sacred Thorn-Apple, Sacred Thornapple, Sacred Datura",Neutral
Vascular Plant,Nicotiana acuminata var. multiflora,Manyflower Tobacco,Neutral
Vascular Plant,Nicotiana attenuata,"Coyote Tobacco, Coyote Tabacco",Neutral
Vascular Plant,Solanum americanum,"Smallflower Nightshade, Common Purple Nightshade, American Black Nightshade",Neutral
Vascular Plant,Solanum parishii,Parish's Nightshade,Neutral
Vascular Plant,Solanum xanti,"Chaparral Nightshade, Purple Nightshade",Neutral
Vascular Plant,Parthenocissus vitacea,"Virginia Creeper, Woodbine, Thicket Creeper",Neutral
Vascular Plant,Vitis californica,"California Wild Grape, California Grape",Neutral
Vascular Plant,Tribulus terrestris,"Texas Sandbur, Mexican Sandbur, Caltrop, Puncture Vine, Goathead, Bullhead",Neutral
